acceptedSymbol,taxon_id
"ABAM","75240"
"ABBA","54261"
"ABBAB","194516"
"ABBAP","194518"
"ABBR","69867"
"ABCO","68087"
"ABFR","136317"
"ABGR","63690"
"ABLA","75241"
"ABLAA","194527"
"ABLAL","80287"
"ABLO","194532"
"ABMA","68090"
"ABMAM","68085"
"ABMAS","68086"
"ABPR","75242"
"ABAB70","157814"
"ABOV","157815"
"ABAU3","638034"
"ABAL","75243"
"ABAM2","157816"
"ABAM3","157817"
"ABAN","157818"
"ABAR","157819"
"ABBI","53803"
"ABBO","196562"
"ABCA","157820"
"ABEL","148052"
"ABFR2","157822"
"ABGR2","157823"
"ABIN2","157824"
"ABLA2","52618"
"ABMA5","157825"
"ABMA2","75244"
"ABME","157827"
"ABMI2","157828"
"ABNA","75245"
"ABNAC","80288"
"ABNAH","239041"
"ABNAN","1334992"
"ABNE","157830"
"ABPO","58209"
"ABTU","75246"
"ABUM","53801"
"ABUMB","53802"
"ABUMU","53800"
"ABVI","50164"
"ABVIA","50165"
"ABVIV","318197"
"ABAB","157833"
"ABBE","157836"
"ABER","157837"
"ABFR3","157838"
"ABHU","157841"
"ABHY","157842"
"ABIN","157843"
"ABIN3","157844"
"ABINA","1477366"
"ABMA3","157845"
"ABME2","126839"
"ABMO2","157847"
"ABPA","75247"
"ABPA2","157849"
"ABPA3","75248"
"ABPE","157851"
"ABRE","157852"
"ABSA2","157853"
"ABTH2","157854"
"ABTR","157855"
"ABWR","157857"
"ACEM","287711"
"ACAN","157858"
"ACANC","239043"
"ACANH","239044"
"ACANL","NaN"
"ACANS","239045"
"ACANS2","239046"
"ACBE","157859"
"ACCH","157860"
"ACCO2","127118"
"ACCOC","127117"
"ACCOP9","239048"
"ACFA","793527"
"ACGR","552131"
"ACGRG3","239049"
"ACGRW","239050"
"ACKO","82376"
"ACKO2","125201"
"ACMA","157867"
"ACMI","157869"
"ACMU","526632"
"ACNE4","157870"
"ACPI","69979"
"ACRE4","348374"
"ACRI","157875"
"ACRO","157876"
"ACSCB","239051"
"ACSC","157879"
"ACTO","868766"
"ACVO","NaN"
"ACAN11","281758"
"ACANC3","NaN"
"ACANH2","NaN"
"ACLE10","NaN"
"ACSH2","NaN"
"ACSU12","NaN"
"ACEX","157883"
"ACPI3","61230"
"ACPIC2","61224"
"ACAL2","157886"
"ACAMH","1144626"
"ACAMP2","1144625"
"ACBE2","NaN"
"ACBI3","1156445"
"ACCA3","75258"
"ACCH2","157891"
"ACDE4","157892"
"ACGR2","157893"
"ACME7","157895"
"ACMO4","157896"
"ACMO","157897"
"ACNE","157898"
"ACOS","157899"
"ACPH3","157900"
"ACPO","157901"
"ACPO4","1123767"
"ACRA","157902"
"ACRH","157903"
"ACSE","157904"
"ACVI","119799"
"ACSH","75259"
"ACSP","75260"
"ACSPH","80291"
"ACSPS2","80292"
"ACTE4","157908"
"ACDU2","57112"
"ACIL","61548"
"ACLA2","61794"
"ACOB","58186"
"ACOBC","58187"
"ACOBO","79561"
"ACHI","157911"
"ACEB3","188924"
"ACMU5","157914"
"ACMUM","239052"
"ACMUR","239053"
"ACSC8","157915"
"ACTR4","157916"
"ACFR","330742"
"ACCI","48258"
"ACFL","48079"
"ACGL","63078"
"ACGLD3","80297"
"ACGLD4","181694"
"ACGLG2","80298"
"ACGLG","239054"
"ACGLN2","239055"
"ACGLT2","239056"
"ACGR3","52546"
"ACGRG","239057"
"ACGRS","239058"
"ACLE","157919"
"ACMA3","48227"
"ACNE2","47726"
"ACNEA","239059"
"ACNEC2","52876"
"ACNEI2","239060"
"ACNEN","239061"
"ACNET","239062"
"ACNEV","239063"
"ACNI5","48078"
"ACPE","1466290"
"ACRU","48098"
"ACRUD","48106"
"ACRUR","49675"
"ACRUT","48081"
"ACSA2","54762"
"ACSA3","1466282"
"ACSAS","52544"
"ACSAS2","52545"
"ACSP2","116361"
"ACAL17","516573"
"ACMI2","1105043"
"ACMIA","52823"
"ACMIA2","52825"
"ACMIB","751664"
"ACMIC","239065"
"ACMIG","239066"
"ACMIL2","560119"
"ACMIM5","239068"
"ACMIN","52826"
"ACMIO","52822"
"ACMIP","239069"
"ACMIP2","52827"
"ACSI","157928"
"ACCA6","75262"
"ACTR","75263"
"ACBL","NaN"
"ACAR14","157931"
"ACCO22","157935"
"ACCO21","157936"
"ACCU6","157937"
"ACDI10","157938"
"ACEM4","157939"
"ACHE10","157940"
"ACHY","117413"
"ACLA8","117416"
"ACLE8","117414"
"ACLEL","239070"
"ACLEP","239071"
"ACLE9","117415"
"ACLO7","157945"
"ACNE9","117412"
"ACNED","234171"
"ACNEN2","234172"
"ACNE10","117417"
"ACOC3","117418"
"ACOCC","234173"
"ACOCO","234174"
"ACOCP","234175"
"ACPA13","157949"
"ACPAD","318224"
"ACPAP","239073"
"ACPE13","157950"
"ACPI2","117419"
"ACRI8","157952"
"ACRO7","157953"
"ACSC11","139960"
"ACSP12","58366"
"ACST7","157955"
"ACSW3","157956"
"ACTH7","117420"
"ACWA","504879"
"ACWE3","117421"
"ACCA32","NaN"
"ACMO2","56852"
"ACMU2","142074"
"ACSP3","157964"
"ACSPA2","639729"
"ACSPR2","239077"
"ACSPS","239078"
"ACCO3","75264"
"ACQU","278109"
"ACAC","157968"
"ACAN2","157969"
"ACCR","157970"
"ACLO2","75265"
"ACOB2","157972"
"ACWR3","157973"
"ACIO","1192923"
"ACOP","130002"
"ACOPR","779159"
"ACAR","290672"
"ACWR4","155598"
"ACCO4","60522"
"ACCOC3","79563"
"ACCOV2","79564"
"ACDE2","48491"
"ACDEC","234180"
"ACDED3","234181"
"ACDEP","234182"
"ACIN2","157978"
"ACMA4","157979"
"ACNO2","157981"
"ACRE","119811"
"ACUN","119812"
"ACUNM","234183"
"ACUNU","234184"
"ACAM","157984"
"ACMI3","64115"
"ACNA2","157987"
"ACRU3","157995"
"ACTH","157996"
"ACWR5","157997"
"ACLI9","425475"
"ACLIL","1194795"
"ACCI3","157998"
"ACME2","364166"
"ACHE11","157999"
"ACSM3","158000"
"ACAU3","136915"
"ACDA","130818"
"ACSP13","196664"
"ACLU","311400"
"ACAR18","158001"
"ACEL4","158002"
"ACLA12","158003"
"ACPA","63062"
"ACPO11","116343"
"ACRA7","119813"
"ACRAD","119815"
"ACRAR","1497643"
"ACRU14","158004"
"ACRU2","49870"
"ACRUA8","49873"
"ACRUR2","49872"
"ACDI13","1330928"
"ACIN13","1003142"
"ACPE2","138282"
"ACSP14","1002204"
"ADRI","548302"
"ADVA","158006"
"ADBI","56854"
"ADAB2","NaN"
"ADCA5","493411"
"ADAB","158008"
"ADEP","1004682"
"ADHA","158009"
"ADHY","123110"
"ADMO3","NaN"
"ADOA","158010"
"ADPE2","158011"
"ADPI","158012"
"ADTA","158013"
"ADTR2","158014"
"ADCO2","75286"
"ADPO","75287"
"ADPO2","158015"
"ADWR","158016"
"ADJA","1466830"
"ADLA4","1144605"
"ADLA2","158017"
"ADVE2","980683"
"ADFA","47146"
"ADFAF","538825"
"ADFAO","80321"
"ADSP","75288"
"ADTR3","NaN"
"ADAL","52667"
"ADAN2","158018"
"ADCA","1670790"
"ADCO","275606"
"ADFR","138343"
"ADFRF","1054109"
"ADFRR","1002722"
"ADJO","56032"
"ADLA","275610"
"ADMA","158021"
"ADME","158022"
"ADOB","275607"
"ADPA3","1002765"
"ADPE","48435"
"ADPE3","275608"
"ADPH","138352"
"ADPU","275611"
"ADPY","866323"
"ADSH","504880"
"ADTE","132645"
"ADTE2","275612"
"ADTR","158025"
"ADVI","158026"
"ADVI3","138360"
"ADVI4","739406"
"ADWI","282460"
"ADFU","158027"
"ADCA2","75289"
"ADIN","158028"
"ADMO","55790"
"AELI","870152"
"AENU","273938"
"AEEL","158032"
"AEMA","287850"
"AETE","158033"
"AESE","158034"
"AEAM","63705"
"AEGR","188988"
"AEIN","158036"
"AEPR","158037"
"AERU","75294"
"AESE2","158038"
"AESES","316271"
"AEVI2","158039"
"AEVI3","158040"
"AEVI","158041"
"AEBU","NaN"
"AECA2","492200"
"AEHY","NaN"
"AEMA2","NaN"
"AEMU","NaN"
"AENE","NaN"
"AEWO","NaN"
"AECA","53348"
"AEFL","116362"
"AEGL","67790"
"AEGLA","239088"
"AEGLG","239089"
"AEPA2","158042"
"AEPA","81708"
"AEPAF","239090"
"AEPAP","239091"
"AESY","129996"
"AGAC","158044"
"AGAP3","158045"
"AGAS2","158046"
"AGAU3","158047"
"AGCA8","158048"
"AGCA7","158049"
"AGDE6","158050"
"AGDI2","158051"
"AGED","158052"
"AGFA2","158053"
"AGFI","158054"
"AGFI2","158055"
"AGFL2","545247"
"AGGA","158056"
"AGHA3","158057"
"AGHE4","142653"
"AGHO4","158058"
"AGLA10","158059"
"AGLI2","158060"
"AGMA3","133317"
"AGMAG","133316"
"AGMAM","239092"
"AGNA","158061"
"AGNE5","158062"
"AGNU","158063"
"AGOB","1132154"
"AGOL","158065"
"AGPA12","62402"
"AGPAB","239093"
"AGPAP3","239094"
"AGPL","158066"
"AGPU4","776932"
"AGPU5","158068"
"AGSE3","158069"
"AGSK","158070"
"AGST4","158071"
"AGTE3","120007"
"AGTEL","239095"
"AGTEM","239096"
"AGTEP2","239097"
"AGTEP3","239098"
"AGTET","239099"
"AGVI5","158072"
"AGHE7","425481"
"AGPO2","158073"
"AGBR","158074"
"AGCA","52630"
"AGCU","158075"
"AGFO","158076"
"AGME2","158077"
"AGMI","158078"
"AGNE2","129634"
"AGOC","158079"
"AGPA11","158080"
"AGPA","158081"
"AGPAN","234196"
"AGPAH3","NaN"
"AGPAN2","NaN"
"AGPAP2","234197"
"AGPAG3","NaN"
"AGPAG4","NaN"
"AGPAP4","NaN"
"AGPA2","75295"
"AGPR3","158082"
"AGPRV","239103"
"AGRU","158083"
"AGSC","158084"
"AGUR","63316"
"AGURG","63318"
"AGURU","63317"
"AGWR","158085"
"AGAJ","NaN"
"AGAR8","158086"
"AGAM","64103"
"AGAMA","723127"
"AGAMA2","371524"
"AGAME","371523"
"AGAMP","234209"
"AGAS3","347513"
"AGCH2","158087"
"AGDE3","158088"
"AGDE10","158089"
"AGDE","75296"
"AGDED","318261"
"AGDES","318263"
"AGEG","518429"
"AGGL2","158091"
"AGGR4","158092"
"AGHA","83104"
"AGLE","83105"
"AGMI8","863241"
"AGMI4","362364"
"AGMU","158095"
"AGNE3","158096"
"AGPA3","158098"
"AGPA4","119302"
"AGPAN6","737853"
"AGPAP5","239105"
"AGPA5","158099"
"AGPH","158100"
"AGSC3","158102"
"AGSCS2","239106"
"AGSCT","239107"
"AGSH","75297"
"AGTO","158104"
"AGTOB","239108"
"AGTOT","239109"
"AGUN2","522189"
"AGUT","75298"
"AGUTE","80327"
"AGUTK","146612"
"AGUTN","80328"
"AGUTU","239110"
"AGAL5","119048"
"AGALA","200024"
"AGALA2","239111"
"AGALR","239112"
"AGAR4","158107"
"AGARA","1568518"
"AGARI2","239114"
"AGHA4","158108"
"AGHE5","75299"
"AGJU2","131155"
"AGLE3","158109"
"AGLU","158110"
"AGOC2","75300"
"AGPA13","158111"
"AGRE3","905125"
"AGRO5","158113"
"AGSH2","75301"
"AGWR2","158115"
"AGCO","143422"
"AGCO2","158116"
"AGLI3","158117"
"AGMA14","189051"
"AGMI7","1144516"
"AGBO4","893767"
"AGEL8","893765"
"AGIN8","893764"
"AGOV","893763"
"AGRE8","893761"
"AGDA3","81451"
"AGMO2","NaN"
"AGAP2","58801"
"AGAPA","58797"
"AGAPE","58800"
"AGAPM","58802"
"AGAU2","75302"
"AGAUA","80329"
"AGAUP","239115"
"AGEL","158119"
"AGGL","75303"
"AGGLA","239116"
"AGGLC","239117"
"AGGLD","239118"
"AGGLG","80330"
"AGGLL","154164"
"AGGLM","135300"
"AGGR","52828"
"AGHE2","56856"
"AGHEC","56858"
"AGHEH","56859"
"AGHET","56857"
"AGLA9","158121"
"AGRE","57908"
"AGGR2","75307"
"AGIN3","158123"
"AGMI2","158124"
"AGPA6","55895"
"AGPU","158125"
"AGRO3","158127"
"AGST","75308"
"AGAD4","NaN"
"AGBO5","1205074"
"AGAE","158130"
"AGBL","75311"
"AGCA4","158132"
"AGCL","158133"
"AGCL2","158134"
"AGCLC","239119"
"AGCLP","239120"
"AGDE7","61059"
"AGEL4","75313"
"AGEX","59088"
"AGHA2","57155"
"AGHE3","60279"
"AGHO","75315"
"AGHO2","158136"
"AGHU","75316"
"AGHY","152948"
"AGID","75317"
"AGLA","158137"
"AGME3","158138"
"AGMI3","60277"
"AGOR","75318"
"AGPA8","52692"
"AGPA9","NaN"
"AGPE","143405"
"AGRO4","158139"
"AGSA3","158140"
"AGSC5","75319"
"AGVA","75320"
"AGVI9","158142"
"AGVIV3","1052352"
"AGEL9","1038020"
"AIRA2","370069"
"AIMI","364173"
"ALAL","85441"
"ALFI5","158145"
"ALFIF2","234219"
"ALFIV","234220"
"ALGL6","158148"
"ALLA","209856"
"ALFL3","627355"
"ALPO","NaN"
"ALMA","158152"
"ALMAA","239126"
"ALMAM2","239127"
"ALAC2","158153"
"ALAN3","158154"
"ALFI3","158155"
"ALHU","158156"
"ALMA3","158157"
"ALMAB","234223"
"ALMAM","234224"
"ALSE5","158158"
"ALTO2","NaN"
"ALAU","158159"
"ALBR6","158160"
"ALFA2","158161"
"ALLU","131660"
"ALOB3","158162"
"ALCA23","843597"
"ALFO3","843599"
"ALHA6","843596"
"ALHE3","533872"
"ALHU6","75325"
"ALLA13","75326"
"ALLAI","843605"
"ALLAL3","79566"
"ALLE7","75327"
"ALLO6","75328"
"ALMC","843607"
"ALMI10","75329"
"ALNY2","843608"
"ALPE11","518217"
"ALPI2","555030"
"ALRI3","75331"
"ALSE11","843611"
"ALST12","741645"
"ALSU10","843612"
"ALSU9","534041"
"ALTE12","366358"
"ALTR14","75332"
"ALGR","75333"
"ALSU","130756"
"ALTR7","61167"
"ALOC2","58109"
"ALCH","158163"
"ALIN","75334"
"ALINI","80335"
"ALINN","239128"
"ALINV2","80336"
"ALAA","158164"
"ALAB2","75335"
"ALAC4","59782"
"ALAL4","158165"
"ALAM2","60267"
"ALAN","75336"
"ALAT","75337"
"ALATA","80337"
"ALATC","875032"
"ALBI","158166"
"ALBI2","75338"
"ALBIB","239131"
"ALBIP","239132"
"ALBO","59783"
"ALBOB","80339"
"ALBOM","80340"
"ALBOS","239133"
"ALBR","158167"
"ALBR2","158168"
"ALBU2","158169"
"ALBU","75339"
"ALCA2","75340"
"ALCA3","126641"
"ALCAC","200032"
"ALCAE","239134"
"ALCAF","239135"
"ALCAH","128732"
"ALCAL","495561"
"ALCAM","126642"
"ALCE2","116364"
"ALCEC2","239139"
"ALCEN","239140"
"ALCEO","239141"
"ALCO2","158170"
"ALCO3","158171"
"ALCO","158172"
"ALCR3","59078"
"ALCR4","62580"
"ALCR5","58351"
"ALCU","158173"
"ALDE6","75341"
"ALDI10","75342"
"ALDI2","57124"
"ALDI3","158174"
"ALDO","158175"
"ALDR","128731"
"ALEL","158176"
"ALFA3","47356"
"ALFI","158177"
"ALFI2","58353"
"ALFIF","59079"
"ALFIM","80341"
"ALFIP2","80342"
"ALFI4","126225"
"ALGE","148938"
"ALGEC","239142"
"ALGEG","239143"
"ALGET","1006990"
"ALGL","158178"
"ALGO","158179"
"ALHA","75343"
"ALHI","75344"
"ALHO","75345"
"ALHO2","58354"
"ALHOC","80343"
"ALHOH","58355"
"ALHOS","1003542"
"ALHY","75346"
"ALJE","75347"
"ALKU","158180"
"ALLA3","57125"
"ALLAD","80345"
"ALLAK","1577216"
"ALLAL","61190"
"ALLAM2","59080"
"ALLE3","75348"
"ALMA4","148939"
"ALMA5","158181"
"ALMA6","158182"
"ALME","75350"
"ALMO3","75351"
"ALMU6","75352"
"ALNE","75353"
"ALNE4","158183"
"ALOB","75354"
"ALOBC","80347"
"ALOBO","80348"
"ALOX","128098"
"ALPA2","75356"
"ALPA11","75357"
"ALPA3","75358"
"ALPA5","158186"
"ALPE","58356"
"ALPEF","64325"
"ALPEP2","80351"
"ALPE2","158187"
"ALPEP","239145"
"ALPES","239146"
"ALPL2","75359"
"ALPL3","158188"
"ALPL4","158189"
"ALPR2","75360"
"ALPU","75361"
"ALRO","158191"
"ALRU","158192"
"ALSA","75362"
"ALSAC","80352"
"ALSAS","80353"
"ALSCS","518314"
"ALSC2","158193"
"ALSE3","59784"
"ALSH2","75364"
"ALSH","75365"
"ALSI","158195"
"ALSI2","75366"
"ALSP2","158196"
"ALST","119790"
"ALTE","148940"
"ALTO","75367"
"ALTOP","239149"
"ALTOP2","239150"
"ALTOT","80354"
"ALTR2","75368"
"ALTR3","1457593"
"ALTU","75369"
"ALUN","59781"
"ALVA","75370"
"ALVI3","85437"
"ALYO","75372"
"ALTE3","158197"
"ALDI4","56738"
"ALGI","51099"
"ALGIG","58962"
"ALGIV","58963"
"ALGL3","75373"
"ALIN3","75374"
"ALCR9","887823"
"ALRA","286304"
"ALTE13","518185"
"ALTI3","510316"
"ALPY","278072"
"ALVI2","62481"
"ALHO4","158198"
"ALLO2","158199"
"ALPA14","75375"
"ALFA4","NaN"
"ALIN2","75377"
"ALINR","735042"
"ALINT","79567"
"ALMA7","158200"
"ALOB2","158202"
"ALRH2","53351"
"ALRU2","56034"
"ALSE2","56033"
"ALVI5","75378"
"ALVIC","197091"
"ALVIF","803435"
"ALVIS","859163"
"ALAL12","158203"
"ALALA","239151"
"ALBI7","158204"
"ALBR70","158205"
"ALHA5","158206"
"ALRI2","158207"
"ALHA7","NaN"
"ALAE","75381"
"ALAEA","80355"
"ALAES","61057"
"ALCA4","75382"
"ALMA8","856192"
"ALSA3","58364"
"ALDR2","158212"
"ALGR2","56891"
"ALGRG","239154"
"ALGRS","56880"
"ALMA9","158213"
"ALWR","75384"
"ALCA21","1144698"
"ALPO3","158215"
"ALCA6","1144583"
"ALPU11","1144582"
"ALCA19","55323"
"ALLY3","158217"
"ALOB4","158218"
"ALTR5","158219"
"ALVI6","158220"
"ALAM5","1156443"
"ALBR3","1361183"
"ALBR4","1156444"
"ALPO7","1120923"
"ALCA5","75385"
"ALCR8","959181"
"ALFI8","279260"
"ALFL","158227"
"ALFL5","158228"
"ALMA10","158229"
"ALPA17","279366"
"ALPAP","1366090"
"ALSE4","158232"
"ALAM3","155626"
"ALAMP2","155629"
"ALBU4","189191"
"ALOB5","158240"
"ALBR13","890216"
"ALST11","347641"
"AMTE9","NaN"
"AMTU2","775614"
"AMAC","122561"
"AMAR","75391"
"AMAU","158242"
"AMBI","158243"
"AMBR5","158244"
"AMCA","58775"
"AMCA2","145530"
"AMCRW","315361"
"AMDU","133981"
"AMFI","75394"
"AMFL3","130305"
"AMGR2","158247"
"AMHY","1409842"
"AMOB","158250"
"AMPA","75397"
"AMPO","158251"
"AMPO2","75398"
"AMPOB2","NaN"
"AMPOP","181631"
"AMPR","287616"
"AMPU2","158252"
"AMRE","901184"
"AMSC","158254"
"AMSP","62917"
"AMTA","287617"
"AMTO6","75399"
"AMTU","75400"
"AMVE2","279294"
"AMVI","75401"
"AMWA","75402"
"AMWR","158257"
"AMDE70","158260"
"AMSE","158261"
"AMPU3","75404"
"AMSE3","154122"
"AMSEJ","239162"
"AMSES","239163"
"AMVA","158262"
"AMHE3","NaN"
"AMIN","NaN"
"AMAC2","57909"
"AMAM2","75405"
"AMAR2","53587"
"AMARA2","53586"
"AMARE","53591"
"AMARP","53590"
"AMBI2","119140"
"AMCA7","158263"
"AMCH4","71135"
"AMCH2","158264"
"AMCH5","75406"
"AMCO3","75407"
"AMCO4","158265"
"AMDE4","158267"
"AMDU2","75408"
"AMER","75409"
"AMGR5","158268"
"AMHI3","121278"
"AMIL2","75410"
"AMLI3","158269"
"AMPS","60129"
"AMPU4","75412"
"AMTO3","158271"
"AMTR","53034"
"AMTRT","239164"
"AMTRT2","239165"
"AMIN4","363451"
"AMNE","363452"
"AMQU","363454"
"AMAL2","75415"
"AMALA","239166"
"AMALC","239167"
"AMALH","239168"
"AMALS","80360"
"AMAR3","49226"
"AMARA3","239169"
"AMARA4","239170"
"AMARA5","239171"
"AMBA","155002"
"AMCA4","1538088"
"AMHU2","158273"
"AMIN2","158274"
"AMLA","54814"
"AMNA2","158275"
"AMOB2","158276"
"AMPA2","158277"
"AMPU5","135173"
"AMSA","1538087"
"AMSAG","239172"
"AMSAS","239173"
"AMST80","49222"
"AMUT","61099"
"AMUTC2","181697"
"AMUTU","181632"
"AMJA","NaN"
"AMRO","155625"
"AMMU","83015"
"AMAU2","158279"
"AMBA3","84797"
"AMCO","60210"
"AMLA3","131593"
"AMRO3","75416"
"AMCH3","71050"
"AMBR","130755"
"AMCH6","158280"
"AMBU","158281"
"AMGI","75419"
"AMPO4","158282"
"AMGO","158283"
"AMPA3","158284"
"AMWR2","158285"
"AMNO","NaN"
"AMCA5","57358"
"AMCAC","80361"
"AMCAN","68148"
"AMCA6","158286"
"AMFR","57356"
"AMGE","158288"
"AMGEC","239174"
"AMGEG","239175"
"AMGL2","158289"
"AMHE","158290"
"AMHEC","239176"
"AMHEH","239177"
"AMLA2","158292"
"AMNA","158293"
"AMNI","158294"
"AMOU","139714"
"AMPA4","158295"
"AMRO2","158296"
"AMSC2","158297"
"AMCA14","127046"
"AMCO2","135393"
"AMAM3","158299"
"AMDR","135204"
"AMPU7","158300"
"AMBR2","85485"
"AMBRB","239178"
"AMBRC","239179"
"AMMU2","158302"
"AMPU6","158303"
"AMCA13","158304"
"AMLA70","158305"
"AMMO70","158306"
"AMPA6","273931"
"AMFR2","75420"
"AMFRF","80362"
"AMFRS2","80363"
"AMLA4","54657"
"AMCA8","158307"
"AMDO","58047"
"AMEA2","75422"
"AMGR3","75424"
"AMLU","75425"
"AMLY","58048"
"AMME","55436"
"AMMEI2","49141"
"AMMEM2","58049"
"AMSP3","71045"
"AMTE3","58050"
"AMTEG","80365"
"AMTET","58852"
"AMVE","58051"
"AMVEF","239180"
"AMVEV","58053"
"AMCI","81838"
"AMCIC","239181"
"AMCIT","81807"
"AMCIT2","239182"
"AMFU","158309"
"AMGR4","158310"
"AMHU","158311"
"AMIL","158312"
"AMJO","148082"
"AMKE","158313"
"AMLO","158314"
"AMLOL","239183"
"AMLOS","239184"
"AMLU2","158315"
"AMPA5","158316"
"AMPE","158317"
"AMRE3","158318"
"AMRI","158319"
"AMTA2","126548"
"AMTAG","239185"
"AMTAS","239186"
"AMTAT","239187"
"AMTH","158320"
"AMTO2","75427"
"AMTOS","239188"
"AMTOT","239189"
"AMBA2","158321"
"AMDI4","1061406"
"AMEL","158322"
"AMMA3","158323"
"AMTE4","158324"
"ANSP11","158325"
"ANLA14","158326"
"ANME9","128572"
"ANMEB","239190"
"ANMEM","239191"
"ANGL5","1005671"
"ANPE13","63700"
"ANARF","234255"
"ANMI4","58993"
"ANPU4","158327"
"ANMA","52833"
"ANOR4","155988"
"ANAS","158328"
"ANDO6","158329"
"ANHE8","158330"
"ANMI7","158331"
"ANMI8","56467"
"ANMIG","239192"
"ANMIM","239193"
"ANSA7","158332"
"ANSP9","158333"
"ANTE9","158334"
"ANBR17","344405"
"ANBRB","1151456"
"ANBRP","NaN"
"ANSC","870745"
"ANTO3","346663"
"ANFI3","50795"
"ANIN","158336"
"ANAL13","158337"
"ANBL70","158338"
"ANCR8","158339"
"ANHE10","158340"
"ANME8","158341"
"ANMEE","239194"
"ANMEM2","239195"
"ANMU9","158342"
"ANNI6","158343"
"ANOB8","158344"
"ANRO7","158345"
"ANROP2","239196"
"ANROR2","239197"
"ANRU7","158346"
"ANRUP","239198"
"ANRUR","239199"
"ANSC11","158347"
"ANSI4","158348"
"ANMA18","155992"
"ANJA4","NaN"
"ANPO","119892"
"ANPOG","239200"
"ANPOP","239202"
"ANAR2","158349"
"ANBI","287998"
"ANBR2","158350"
"ANCA4","853602"
"ANFL","158351"
"ANGE","NaN"
"ANGL10","NaN"
"ANGL2","1293180"
"ANGLG2","239204"
"ANGLH","239205"
"ANGLP","181698"
"ANGLS","80366"
"ANGR5","NaN"
"ANGY2","158352"
"ANGYG","239206"
"ANGYS","239207"
"ANHA","148951"
"ANLE","279576"
"ANLO2","158353"
"ANMO3","158354"
"ANTE2","158355"
"ANTEC","239208"
"ANTET","239209"
"ANTR","158356"
"ANVI2","1293182"
"ANVID","239210"
"ANVIV","80367"
"ANCH","930840"
"ANCHA","234260"
"ANCHC","234261"
"ANCHL","234262"
"ANEL2","58297"
"ANELA","58299"
"ANFI","75434"
"ANOC2","75435"
"ANSE4","1414058"
"ANSEG2","234264"
"ANSEP2","234265"
"ANSES3","234267"
"ANSES4","234268"
"ANSES5","234269"
"ANBR4","75437"
"ANCO9","158358"
"ANNE2","348377"
"ANEU","75438"
"ANAD","158359"
"ANHI2","138190"
"ANHI3","332523"
"ANME","158360"
"ANPO2","1003099"
"ANWR4","158361"
"ANBE","141532"
"ANCA8","129695"
"ANCA9","128651"
"ANCY","130456"
"ANDE3","75439"
"ANDR","75440"
"ANDRD","80368"
"ANDRH","234271"
"ANED2","158362"
"ANEDE","239212"
"ANEDP","239213"
"ANLA","158363"
"ANLI4","158364"
"ANLY","59630"
"ANMU4","82263"
"ANMU","75442"
"ANMUM3","80369"
"ANMUS","239218"
"ANMUS5","239219"
"ANMUT","950721"
"ANNA","121372"
"ANNAM2","239220"
"ANNAV3","239221"
"ANNAZ2","239222"
"ANOR","62586"
"ANORF","239223"
"ANORO","80370"
"ANPA","158365"
"ANPAG","239224"
"ANPAP2","239225"
"ANPI","158366"
"ANQU","126418"
"ANQUB2","239226"
"ANQUM2","239228"
"ANQUQ","239229"
"ANRI","158367"
"ANTU","75444"
"ANTUT","NaN"
"ANTUT2","NaN"
"ANVI3","126369"
"ANVIA2","950756"
"ANVIC","239230"
"ANVIV2","239232"
"ANCA10","60241"
"ANCI2","275629"
"ANMA24","158369"
"ANPI7","56437"
"ANPIA","NaN"
"ANPIP","NaN"
"ANBE2","123614"
"ANAM","158371"
"ANAR3","75446"
"ANAT","129689"
"ANBR5","75447"
"ANCA32","75448"
"ANCA13","75449"
"ANCA11","158372"
"ANDA","158373"
"ANDE4","158374"
"ANGE2","75450"
"ANGR3","158375"
"ANHE","64289"
"ANKI","75451"
"ANLI2","75452"
"ANLU","75453"
"ANPI2","158377"
"ANRO","158378"
"ANSC9","158379"
"ANTO","52835"
"ANTR2","158381"
"ANVE","158382"
"ANWH","158383"
"ANSA3","410973"
"ANEV","122319"
"ANBR7","1111752"
"ANLI3","158384"
"ANPU6","158385"
"ANQU2","158386"
"ANQUW","239233"
"ANTH2","158387"
"ANMA4","158388"
"ANMAN","NaN"
"ANMA26","53137"
"ANSC14","53139"
"ANAC","57910"
"ANGL4","69972"
"ANMO","430650"
"ANMU2","284503"
"ANRE","284506"
"ANSQ","69973"
"ANAB","158389"
"ANCR","158390"
"ANCR2","75455"
"ANLA4","158391"
"ANPE4","75456"
"ANRE2","158392"
"ANTH3","158393"
"ANAE","158394"
"ANIN10","158395"
"ANTE10","1597713"
"ANSA2","158397"
"ANFI4","154412"
"ANLE13","158398"
"ANAT4","158399"
"ANMI9","158400"
"ANRO6","134217"
"ANRU5","158401"
"ANVI14","158402"
"ANHE2","NaN"
"ANHEI","NaN"
"ANVE2","158405"
"ANER2","NaN"
"ANFO","NaN"
"ANMA6","NaN"
"ANOB3","1259826"
"ANAL4","154163"
"ANAN2","158406"
"ANAR4","158407"
"ANAR5","75458"
"ANAR10","158408"
"ANCO","75459"
"ANDE9","158409"
"ANDI2","75460"
"ANDI3","51893"
"ANFL2","75461"
"ANFR","158411"
"ANFRA","234273"
"ANFRF","234274"
"ANFRN","234275"
"ANGE3","75462"
"ANHO","75463"
"ANHOC","234276"
"ANHOH","79571"
"ANHON","234278"
"ANHOP","234279"
"ANLA3","143679"
"ANLU2","75464"
"ANLUA2","79572"
"ANLUL","79573"
"ANMA5","75465"
"ANME2","75466"
"ANMI3","75467"
"ANMO9","158412"
"ANMOA","234282"
"ANMOM","234283"
"ANNE","127005"
"ANPA9","158413"
"ANPAF","234284"
"ANPAP","234285"
"ANPA4","158414"
"ANPL","119821"
"ANPU8","75468"
"ANPU","158415"
"ANPUE2","1060305"
"ANPUP","712204"
"ANRA","75469"
"ANRO2","53096"
"ANROA","234286"
"ANROC","79574"
"ANROP","234288"
"ANROR","79575"
"ANRO3","158416"
"ANSO2","158417"
"ANSO","119819"
"ANST2","158418"
"ANSU3","75470"
"ANUM","75471"
"ANVI13","158419"
"ANRU","158420"
"ANVI4","158422"
"ANJU","158423"
"ANJU2","56470"
"ANHE3","158426"
"ANLA7","158427"
"ANWA","158428"
"ANAD3","1447490"
"ANAG","158429"
"ANAGA2","1054083"
"ANAGD","703678"
"ANDO5","NaN"
"ANFU6","56326"
"ANLA16","158430"
"ANMA15","158431"
"ANPU12","158432"
"ANSC13","158433"
"ANMO7","204240"
"ANMOA3","712205"
"ANMOM2","1053744"
"ANSE5","NaN"
"ANCO29","856207"
"ANCR3","141514"
"ANDO","1155985"
"ANSC4","273806"
"ANKA","NaN"
"ANPL2","158435"
"ANPLH2","239236"
"ANPLP","239237"
"ANPU2","158436"
"ANFL3","158437"
"ANHE4","158438"
"ANAC4","NaN"
"ANCO3","NaN"
"ANLU3","NaN"
"ANOB2","NaN"
"ANPO3","NaN"
"ANSI","NaN"
"ANCA37","67846"
"ANCU3","126107"
"ANCUC","239238"
"ANCUG","239239"
"ANAL15","472404"
"ANCA28","NaN"
"ANIN9","NaN"
"ANLA8","NaN"
"ANLI8","544646"
"ANPL4","425340"
"ANUR","NaN"
"ANAN4","75485"
"ANER","158439"
"ANLE5","765766"
"ANLEG","773575"
"ANLEH","239240"
"ANLEL","239241"
"ANLEL2","239242"
"ANRE3","158442"
"AOLO","158443"
"APCH","158444"
"APBL","75488"
"APCO3","NaN"
"APDI2","NaN"
"APDIC","NaN"
"APDID","NaN"
"APEP","NaN"
"APMI3","NaN"
"APTU2","NaN"
"APSE","129632"
"APPI","158447"
"APRA","158448"
"APRAH","239243"
"APRAR","239244"
"APRI","158449"
"APSK","120486"
"APSKK","239245"
"APSKS","239246"
"APSKT","239247"
"APES","158450"
"APAN","58777"
"APAM","119817"
"APPR","158451"
"APGR2","58788"
"APGRD","58787"
"APHY","123188"
"APWO70","158454"
"APFL","322553"
"APAN2","47359"
"APCA","58795"
"APUN","158455"
"APPU3","124019"
"APNA","1491739"
"APRE2","737233"
"APAP","158457"
"AQBA","158458"
"AQBR","158459"
"AQCA","49868"
"AQCH","121784"
"AQCHC","239257"
"AQCHC2","239258"
"AQCHH","239259"
"AQCHR","239260"
"AQCO","501742"
"AQCOA","607342"
"AQCOC","501741"
"AQCOD","607341"
"AQCOO","145734"
"AQCOP","607339"
"AQDE","158460"
"AQDE2","NaN"
"AQEL","158462"
"AQEX","57230"
"AQFL","158463"
"AQFLF","239261"
"AQFLM","239262"
"AQFLR","239263"
"AQFO","48244"
"AQGR","158464"
"AQJO","158465"
"AQJOE","239264"
"AQJOJ","239265"
"AQLA","158466"
"AQLO","158467"
"AQLO2","158468"
"AQMI","149001"
"AQMIM","239266"
"AQMIM2","1588825"
"AQPU","75492"
"AQSA","145735"
"AQSC","126747"
"AQSCC","126744"
"AQSCS","126746"
"AQTR","158469"
"ARAR32","359546"
"ARDI2","NaN"
"ARAC4","158471"
"ARAL8","158472"
"ARBE2","158474"
"ARBL","60983"
"ARBO","158475"
"ARBO7","158476"
"ARBR","158477"
"ARBRA","239270"
"ARBRB","239271"
"ARBRP","239272"
"ARCA48","158478"
"ARCA","158479"
"ARCO","135178"
"ARCO39","158481"
"ARCO12","158482"
"ARCR5","158483"
"ARCR","158484"
"ARCU","158485"
"ARDA","158486"
"ARDAD","NaN"
"ARDAP","NaN"
"ARDE","148168"
"ARDED","239273"
"ARDEL","239274"
"ARDI","158487"
"ARDR","158488"
"ARES5","75494"
"ARFA2","158489"
"ARFA3","158490"
"ARFE6","158491"
"ARFE","158492"
"ARFEF","239275"
"ARFES","239276"
"ARFE2","158493"
"ARFEF2","239277"
"ARFES2","239278"
"ARFR5","158494"
"ARFU","143680"
"ARFUF2","239279"
"ARFUO","239280"
"ARGE","158495"
"ARGL","58864"
"ARGL2","158496"
"ARGO5","NaN"
"ARGR4","158497"
"ARGU","158498"
"ARHA2","158499"
"ARHI9","158500"
"ARHI","1649134"
"ARHIG","1050438"
"ARHIH","239283"
"ARHIP","239284"
"ARHO","158501"
"ARHO2","158502"
"ARHOC","64067"
"ARHOP2","239285"
"ARHOP3","239286"
"ARHOR","239287"
"ARIN","158503"
"ARJO","158504"
"ARKA6","NaN"
"ARKO","158505"
"ARKOK","239288"
"ARKOS","239289"
"ARLA","158506"
"ARLAB","239290"
"ARLAL","239291"
"ARLA10","158507"
"ARLE","158508"
"ARLED","239292"
"ARLED2","239293"
"ARLEL","239294"
"ARLEP","239295"
"ARLI","158509"
"ARLY","158510"
"ARLYL","239296"
"ARLYN","239297"
"ARLY2","158511"
"ARMA33","158512"
"ARME13","158513"
"ARMI","158514"
"ARMIM","239300"
"ARMIM2","239301"
"ARMIT","239302"
"ARMI5","158515"
"ARMO","75496"
"ARMU6","158516"
"ARNU","158517"
"AROP","158518"
"AROR","75497"
"AROX","158519"
"ARPA35","NaN"
"ARPA","158520"
"ARPA2","158521"
"ARPE","158522"
"ARPEP","239303"
"ARPER","239304"
"ARPE2","148169"
"ARPE3","158523"
"ARPE4","158524"
"ARPI2","158526"
"ARPL","158528"
"ARPLH2","239305"
"ARPLP2","239306"
"ARPU","158530"
"ARPU2","158531"
"ARPUD","239307"
"ARPUG","239308"
"ARPUM","239309"
"ARPUP","239310"
"ARPUP2","239311"
"ARPU18","158532"
"ARPY","158533"
"ARRE","158534"
"ARRER2","713978"
"ARRES","239313"
"ARRE2","158535"
"ARREG","181431"
"ARRER","239314"
"ARRI","148203"
"ARRID","699922"
"ARRIR","181433"
"ARRO11","158536"
"ARSC2","158537"
"ARSE","148171"
"ARSE9","158538"
"ARSH","158539"
"ARSH2","158540"
"ARSP","158541"
"ARSPA","239315"
"ARSPA2","239316"
"ARSPC","239317"
"ARSPC2","239318"
"ARSPS2","239319"
"ARSPS","239320"
"ARSU","158542"
"ARSU2","158543"
"ARSUH","239321"
"ARSUS","239322"
"ARTI2","158544"
"ARTR6","158545"
"ARWI","158546"
"ARWIS","239323"
"ARWIW","239324"
"ARCH10","499856"
"ARIN22","158547"
"ARCA2","52848"
"ARHI2","119825"
"ARHU","158550"
"ARNU2","119828"
"ARRA","119827"
"ARRAB2","234328"
"ARRAR","234329"
"ARSP2","82813"
"ARAR2","158551"
"ARME","51046"
"ARXA80","158552"
"ARAB4","158553"
"ARABA","1090387"
"ARABW","1522796"
"ARAM","48935"
"ARAP2","158554"
"ARBL3","158555"
"ARCA17","158556"
"ARCA3","55422"
"ARCY2","158557"
"ARDI3","158558"
"ARDO","75500"
"ARGI2","158559"
"ARLA11","158560"
"ARLI12","918453"
"ARMI8","158561"
"ARMO13","918452"
"AROC","918449"
"ARPU3","158562"
"ARSI10","64048"
"ARTS","158563"
"ARTSM2","234333"
"ARTST2","234334"
"ARVA","50258"
"ARVAC","48467"
"ARPA8","1065679"
"ARAL22","158564"
"ARDO6","158565"
"ARHA9","158566"
"ARMI12","158567"
"AROH","158568"
"ARTE14","158569"
"ARLA2","158571"
"ARLAA5","234336"
"ARLAL6","234337"
"ARAN16","158574"
"ARFU70","158575"
"ARHY5","158576"
"ARSC6","1050423"
"ARCA4","158577"
"ARHU3","158578"
"ARME2","75502"
"ARFU2","158579"
"ARBE3","NaN"
"ARCA33","NaN"
"ARCI","NaN"
"ARCO23","NaN"
"ARHE4","NaN"
"ARJE","NaN"
"ARLA21","NaN"
"ARME7","712206"
"ARPA5","NaN"
"ARRE8","NaN"
"ARVI12","NaN"
"ARAL2","155127"
"ARALA7","239325"
"ARAN2","71123"
"ARAU","48023"
"ARBA4","75503"
"ARBAB","61921"
"ARBAS","79583"
"ARCA5","64049"
"ARCAC7","79584"
"ARCAS3","79585"
"ARCA21","75504"
"ARCO3","75505"
"ARCO13","75506"
"ARCR6","75508"
"ARDE2","75509"
"ARED","75510"
"ARGA5","75512"
"ARGA4","158580"
"ARGL3","53353"
"ARGLA2","79592"
"ARGLC4","79593"
"ARGLG3","53354"
"ARGLG4","53379"
"ARGLM2","53377"
"ARGLZ2","234349"
"ARGL4","55133"
"ARGL5","75513"
"ARHI5","75514"
"ARHO3","75515"
"ARHOF","81994"
"ARHOH","79598"
"ARHOH4","79599"
"ARHOM","496268"
"ARHOR2","771671"
"ARHO7","75516"
"ARIM","63865"
"ARIN2","75517"
"ARKL","75518"
"ARLU4","75519"
"ARMA31","75520"
"ARMA","55137"
"ARMAE","61923"
"ARMAG","55134"
"ARMAL","61922"
"ARMAM2","55136"
"ARMAR","79600"
"ARMAW","79601"
"ARME8","158581"
"ARME3","75521"
"ARMEM2","79602"
"ARMET","79603"
"ARMO5","75523"
"ARMO6","75524"
"ARMO2","75525"
"ARMY","75526"
"ARNE","75527"
"ARNI4","75528"
"ARNO6","75529"
"ARNU3","71124"
"AROB","75530"
"AROH2","75531"
"AROS","75532"
"AROT","75533"
"ARPA19","75534"
"ARPA3","75535"
"ARPA21","53355"
"ARPA4","75536"
"ARPAD2","181633"
"ARPAP5","79611"
"ARPAT","79612"
"ARPA6","75537"
"ARPE5","75538"
"ARPE9","325994"
"ARPI","75539"
"ARPR","75540"
"ARPRD2","79613"
"ARPRP","234369"
"ARPU4","75541"
"ARPU5","58892"
"ARPU10","75542"
"ARRA7","75543"
"ARRE5","75544"
"ARRE7","57033"
"ARRU","158583"
"ARRU2","75545"
"ARSI","67794"
"ARST","68094"
"ARSTD4","79614"
"ARSTR","79615"
"ARSTS","79616"
"ARTO2","53380"
"ARTOB","53382"
"ARTOC2","234374"
"ARTOC3","234375"
"ARTOD2","79617"
"ARTOE","234377"
"ARTOI","234378"
"ARTOR","234379"
"ARTOS","234380"
"ARTOT3","53384"
"ARUV","68049"
"ARVI3","75547"
"ARVI7","75548"
"ARVI4","55135"
"ARVIM","79619"
"ARVIP2","79620"
"ARVIV","79621"
"ARWE","158584"
"ARES","158588"
"ARGL11","1157031"
"ARLU3","1270844"
"AROB2","430678"
"ARAB","158590"
"ARAC2","158591"
"ARBE","158592"
"ARCA7","158593"
"ARCAA","234385"
"ARCAC6","234386"
"ARCO5","153095"
"ARCOC","239326"
"ARCOC2","239327"
"ARCOC4","239328"
"ARCOC3","239329"
"ARCOG","239330"
"ARCOL","239331"
"ARCOP","239332"
"ARCOS","239333"
"ARCOS2","239334"
"ARCOS3","239335"
"ARCOW","239336"
"AREA","148313"
"AREAA","239337"
"AREAE","239338"
"ARFE3","118525"
"ARFEB","239339"
"ARFEF3","239340"
"ARFEP","239341"
"ARFET3","239342"
"ARFR","787707"
"ARFRF2","239343"
"ARFRT","239344"
"ARHO4","148317"
"ARHOD","148314"
"ARHOH3","148316"
"ARHOP","234389"
"ARHU4","158595"
"ARKI","158597"
"ARKIC","234390"
"ARKIK","234391"
"ARKIP","234392"
"ARKIR","234393"
"ARKIU2","234394"
"ARLA4","75551"
"ARLAL2","234395"
"ARLAL3","NaN"
"ARLAL4","NaN"
"ARLAS","80372"
"ARLI3","158598"
"ARLO","158599"
"ARLU2","158600"
"ARMA3","158601"
"ARMAF","234397"
"ARMAM","234398"
"ARMAA2","NaN"
"ARMAK2","NaN"
"ARMAM4","NaN"
"ARPA7","75552"
"ARPU6","158603"
"ARST3","158604"
"ARUR","158605"
"ARBU","53042"
"ARAE","158606"
"ARAL3","127032"
"ARALA2","200039"
"ARALT","208693"
"ARAR4","158607"
"ARAU2","158608"
"ARCH2","158609"
"ARCO6","68406"
"ARCOA","234401"
"ARCOC6","1466969"
"ARGL10","158610"
"ARGLD","239349"
"ARGLG5","239350"
"ARGR3","158611"
"ARHI4","158612"
"ARME4","128533"
"ARMU","58950"
"ARMUA","59225"
"ARMUM","234404"
"ARMUR2","234405"
"ARMUR","59226"
"AROC2","199511"
"ARPL3","126452"
"ARPLA","126451"
"ARPLP","126449"
"ARPLP3","126450"
"ARPO2","70097"
"ARSA4","158613"
"ARSQ","158614"
"ARSQG","234410"
"ARSQS","234411"
"ARAN7","158615"
"AREG","158616"
"AREGE","194617"
"AREGG","234413"
"ARGN2","158618"
"ARDE4","NaN"
"ARDE5","158622"
"ARFE5","158623"
"ARIN11","158624"
"ARJO2","75555"
"ARLI4","75556"
"ARLIL","79622"
"ARLIM","234416"
"ARMI6","158625"
"ARKA","NaN"
"ARCA22","1415761"
"ARGR5","158627"
"ARKA2","158628"
"ARSA5","68283"
"ARSAM","68282"
"ARSAS","68285"
"ARVI8","158629"
"ARAD2","158630"
"ARAP","158633"
"ARAR5","158635"
"ARAS4","NaN"
"ARBL2","158637"
"ARBR3","158638"
"ARBRI","239351"
"ARCA19","158639"
"ARCA20","494255"
"ARCL2","158640"
"ARCY","158641"
"ARFA","1591160"
"ARHU5","158643"
"ARHUH","239352"
"ARHUL","239353"
"ARHUL2","239354"
"ARLA12","158644"
"ARME5","158645"
"ARMEM","239355"
"ARMEP","239356"
"ARNE2","158646"
"ARSE7","158647"
"ARSI2","158648"
"ARST7","879416"
"ARFI","158650"
"ARDR3","84261"
"ARTR","1441600"
"ARTRP","234422"
"ARTRQ","355836"
"ARTRS","1089998"
"ARTRT3","858268"
"ARAD","75559"
"ARAR6","158652"
"ARBA2","158653"
"ARBE7","158654"
"ARCA9","63987"
"ARCAC8","63930"
"ARCAG","63985"
"ARCH4","739425"
"ARCO10","1524624"
"ARCO7","158656"
"ARDE3","158657"
"ARDI4","75560"
"ARDIC","116345"
"ARDID","239357"
"ARDI5","75561"
"ARFL","158658"
"ARGY4","273965"
"ARGY","158659"
"ARHA3","158660"
"ARLA6","158661"
"ARLO16","154299"
"ARLOG6","154300"
"ARLOL3","154301"
"ARMO3","158662"
"AROL","75562"
"ARPA26","158664"
"ARPA9","158665"
"ARPA11","158666"
"ARPO3","739450"
"ARPU8","158667"
"ARPUP4","239360"
"ARPUT","239361"
"ARPUV","239362"
"ARPU9","75563"
"ARPUF","80374"
"ARPUL","80375"
"ARPUN","80376"
"ARPUP5","552466"
"ARPUP9","315483"
"ARPUP6","80378"
"ARPUW","80379"
"ARRA2","158668"
"ARRE4","1341377"
"ARRH","158669"
"ARSC3","281643"
"ARSCO","315477"
"ARSI3","158670"
"ARSP3","158671"
"ARST5","158672"
"ARTE3","75564"
"ARTEG","80380"
"ARTET","239365"
"ARTU","158673"
"ARIN12","75565"
"ARAN6","277581"
"ARBI4","348379"
"ARCA10","55190"
"ARCO8","158674"
"ARER","793973"
"ARMA7","62772"
"ARPE7","923228"
"ARPE8","158676"
"ARRE3","158677"
"ARSE3","54461"
"ARTO3","62770"
"ARWA","158679"
"ARWR2","158680"
"ARMA6","60476"
"ARMAC2","60739"
"ARMAI","234427"
"ARMAS","234429"
"ARFE8","158682"
"ARDI7","NaN"
"ARAC3","82235"
"ARAM2","158683"
"ARAN5","158684"
"ARANA","234430"
"ARANT","234431"
"ARCE","75567"
"ARCH3","75568"
"ARCHC","234432"
"ARCHC2","NaN"
"ARCHI3","NaN"
"ARCHF","234433"
"ARCHA2","NaN"
"ARCHB2","NaN"
"ARCHI4","NaN"
"ARCHM2","NaN"
"ARCO9","75569"
"ARDE11","75570"
"ARDI6","52851"
"ARFR2","158685"
"ARFRF3","234434"
"ARFRG3","234435"
"ARFU3","75571"
"ARGR14","158686"
"ARLA7","75572"
"ARLA8","75573"
"ARLE2","158687"
"ARLO5","158688"
"ARLOA","234436"
"ARLOL","234437"
"ARLO6","75574"
"ARLO8","158689"
"ARMO4","75575"
"ARNE3","75576"
"AROV3","75577"
"ARPA13","75578"
"ARPAP3","234438"
"ARPAS2","181437"
"ARRY","153042"
"ARSO2","75579"
"ARSP4","75580"
"ARUN","158690"
"ARVE","75581"
"ARVI6","75582"
"ARAL30","158691"
"ARAT","146715"
"ARDI9","158692"
"ARFL2","127071"
"AROV","158694"
"ARPL4","128934"
"ARRE6","359187"
"ARSU5","158695"
"ARPR2","355606"
"ARAR7","151797"
"ARME6","128798"
"ARCH5","284688"
"ARAL5","158697"
"ARAL6","158698"
"ARAR8","75585"
"ARARA","79624"
"ARARL3","234441"
"ARARL","79625"
"ARART","181438"
"ARAR9","1538556"
"ARARA2","234444"
"ARARB","234445"
"ARARC","234446"
"ARAU3","158700"
"ARBID","239375"
"ARBI3","75586"
"ARCA11","53357"
"ARCA12","127960"
"ARCAB2","877068"
"ARCAB4","NaN"
"ARCAP4","NaN"
"ARCAS5","NaN"
"ARCAW","NaN"
"ARCAC","143078"
"ARCA13","75588"
"ARCAB3","79627"
"ARCAC5","135187"
"ARCAV2","234451"
"ARCA14","158701"
"ARDO3","52854"
"ARDR4","57912"
"ARFI2","148049"
"ARFR3","158702"
"ARFR4","146898"
"ARFU4","158703"
"ARFUF","239379"
"ARFUH","239380"
"ARGL8","158704"
"ARGL9","158705"
"ARGLG","239381"
"ARGLS","239382"
"ARKA3","158706"
"ARLA9","158707"
"ARLI2","158708"
"ARLO7","158709"
"ARLU","71127"
"ARLUA","71128"
"ARLUC8","79628"
"ARLUE","234454"
"ARLUI2","79629"
"ARLUL2","318245"
"ARLUM2","128851"
"ARLUR","234458"
"ARLUS","234459"
"ARMA20","158710"
"ARMA10","158711"
"ARMI4","75589"
"ARNE6","75590"
"ARNO4","75592"
"ARPA20","158712"
"ARPA15","75593"
"ARPA16","158713"
"ARPA17","158714"
"ARPA18","158715"
"ARPE6","158716"
"ARPO5","158718"
"ARPY3","60952"
"ARPY2","148100"
"ARRI2","158719"
"ARRO4","75594"
"ARRU14","158720"
"ARSC","158722"
"ARSE5","158723"
"ARSE4","130370"
"ARST6","789269"
"ARSU4","75597"
"ARTI","158725"
"ARTIE","234461"
"ARTIG","234462"
"ARTIT","234463"
"ARTIU2","234464"
"ARTR2","75598"
"ARTRB3","1592255"
"ARTRP2","79632"
"ARTRS2","234466"
"ARTRT","79633"
"ARTRV","79634"
"ARTRW8","79635"
"ARTRX","234470"
"ARTR4","158726"
"ARTRR2","234471"
"ARTRT2","234472"
"ARSU11","60179"
"ARFR10","NaN"
"ARFA8","348380"
"ARMU2","348381"
"ARSA6","348382"
"ARMA28","243723"
"ARDI8","75600"
"ARDIA","80381"
"ARDID2","239385"
"ARDIP","239386"
"ARAP4","158729"
"ARGI","121747"
"ARHI10","288105"
"ASSQ","902612"
"ASCA","1473616"
"ASCA2","52858"
"ASHA","59937"
"ASLE","62263"
"ASMA8","75601"
"ASWA6","1077599"
"ASKA5","158731"
"ASBL6","68178"
"ASBLA","234476"
"ASAL","62299"
"ASAM","47910"
"ASAN5","47908"
"ASAR","158732"
"ASAS","62298"
"ASASA","79636"
"ASASC","234478"
"ASBR","158733"
"ASCA3","51272"
"ASCAC3","51273"
"ASCAG","234480"
"ASCI5","158734"
"ASCO19","158735"
"ASCO","62248"
"ASCR","62297"
"ASCRC2","234481"
"ASCRD2","234482"
"ASCU8","146969"
"ASCU9","158736"
"ASEM","158737"
"ASEN","158738"
"ASER","58796"
"ASER2","57907"
"ASEX","125386"
"ASFA","56851"
"ASFE4","143039"
"ASGL5","158740"
"ASHA6","158741"
"ASHI","127690"
"ASHU3","128756"
"ASHY5","158742"
"ASIN","125381"
"ASINI","63119"
"ASINP2","125383"
"ASIN14","158743"
"ASLA","126673"
"ASLA2","158744"
"ASLA3","158745"
"ASLA4","62296"
"ASLE13","158746"
"ASLI6","62295"
"ASLI","158747"
"ASLO","158748"
"ASMA","121660"
"ASME","158749"
"ASMI12","158750"
"ASNI3","273860"
"ASNU","158751"
"ASNY","62294"
"ASOB","158752"
"ASOE","158753"
"ASOV","47905"
"ASPE8","158754"
"ASPE","120152"
"ASPR9","158755"
"ASPU","158756"
"ASPU2","125380"
"ASQU","129548"
"ASQU2","158757"
"ASRU","143553"
"ASRU6","158758"
"ASSC9","47909"
"ASSO","62293"
"ASSP","62292"
"ASSP2","158759"
"ASST","158760"
"ASSU","62291"
"ASSU2","127159"
"ASSU3","158761"
"ASSY","47911"
"ASTE","158762"
"ASTO","145567"
"ASTU","47912"
"ASTUI","181702"
"ASTUR","234486"
"ASTUT2","234487"
"ASUN4","126674"
"ASUNR","234488"
"ASUNU2","234489"
"ASVA","127691"
"ASVE","125379"
"ASVE2","58529"
"ASVEP","234490"
"ASVEV","234491"
"ASVI","158763"
"ASVI2","60946"
"ASVI9","158764"
"ASWE3","158765"
"ASNA3","NaN"
"ASAN6","158766"
"ASIN12","158767"
"ASOB6","158768"
"ASPA18","158769"
"ASPY2","158770"
"ASRE7","128630"
"ASTE11","158771"
"ASTR","50897"
"ASHI3","158772"
"ASHY4","158773"
"ASLO7","158774"
"ASCA5","58758"
"ASCA17","75607"
"ASDE6","63868"
"ASAL10","NaN"
"ASBI3","545212"
"ASBO6","NaN"
"ASCL3","NaN"
"ASCU7","545225"
"ASEB","NaN"
"ASFL7","NaN"
"ASGR5","NaN"
"ASHE2","NaN"
"ASHE4","NaN"
"ASIN10","NaN"
"ASKE2","NaN"
"ASKO3","NaN"
"ASMO16","NaN"
"ASSH6","NaN"
"ASSP19","NaN"
"ASTR11","NaN"
"ASVI7","NaN"
"ASWA9","NaN"
"ASWH2","NaN"
"ASAB2","158775"
"ASAC4","158776"
"ASAD","1369135"
"ASAD5","158778"
"ASAE2","142831"
"ASAU2","138192"
"ASAU9","83561"
"ASBR2","136553"
"ASCI6","275722"
"ASCO14","158779"
"ASCOC4","239391"
"ASCOH","239392"
"ASCO59","NaN"
"ASCO35","1003300"
"ASCR6","84228"
"ASCU6","158780"
"ASDA","158781"
"ASER9","1003320"
"ASEX3","138135"
"ASEX2","158783"
"ASFE3","282546"
"ASFO2","138112"
"ASHA14","138113"
"ASHE3","138111"
"ASHO8","138114"
"ASHO4","158784"
"ASIN11","158785"
"ASJU2","275727"
"ASKA","158786"
"ASLA10","275728"
"ASLA25","138141"
"ASLO5","158787"
"ASMO","142833"
"ASMO2","122055"
"ASNE10","NaN"
"ASNI","84356"
"ASNO4","158790"
"ASOB5","282552"
"ASOC2","1225869"
"ASPA","158791"
"ASPA17","158792"
"ASPI","136554"
"ASPL","122056"
"ASPLB","239393"
"ASPLP","239395"
"ASPL10","158793"
"ASPO4","158794"
"ASPOK","239397"
"ASPON","239398"
"ASPOS","239399"
"ASPOS2","239400"
"ASPS2","NaN"
"ASPT3","275732"
"ASPU10","158796"
"ASRA6","282554"
"ASRE","136555"
"ASRH2","82558"
"ASRH4","1003336"
"ASRH3","158797"
"ASRU2","84954"
"ASRUC","239401"
"ASRUL","239402"
"ASRU5","275733"
"ASSA6","275734"
"ASSC8","158798"
"ASSC11","129105"
"ASSCA","239403"
"ASSE","75608"
"ASSE8","275736"
"ASSE9","84357"
"ASSE11","273745"
"ASTE22","425512"
"ASTR2","75609"
"ASTRD3","122707"
"ASTRQ","234510"
"ASTRT","79637"
"ASTR9","158799"
"ASTR10","181440"
"ASTU3","158800"
"ASUN","158801"
"ASUN5","275738"
"ASVA4","158802"
"ASVE6","778756"
"ASVE3","75610"
"ASAR9","158803"
"ASME4","158804"
"ASWA4","158805"
"ASAL3","123449"
"ASALV","239404"
"ASBO9","56395"
"ASCA40","53746"
"ASEC3","282054"
"ASGR15","56396"
"ASLI13","158808"
"ASPA34","56397"
"ASSA18","158809"
"ASTE20","143364"
"ASBI4","158810"
"ASCR7","158811"
"ASLU5","158813"
"ASMU7","158814"
"ASOC5","158815"
"ASPH7","158816"
"ASAC","75612"
"ASACA2","239405"
"ASACH","80382"
"ASAC2","158817"
"ASAC5","158818"
"ASAC3","75613"
"ASAD2","158819"
"ASAE","158821"
"ASAG","75614"
"ASAG2","75615"
"ASAL4","75616"
"ASAL5","158822"
"ASAL6","75617"
"ASAL7","130478"
"ASALA4","130477"
"ASALB","239408"
"ASAL8","139783"
"ASAL9","158823"
"ASAM2","158824"
"ASAM3","158825"
"ASAM4","158826"
"ASAM5","158827"
"ASAMA","239409"
"ASAMM","239410"
"ASAMM2","239411"
"ASAMV","239412"
"ASAM6","158829"
"ASAN2","75618"
"ASAN4","158830"
"ASAN7","71046"
"ASAN18","75619"
"ASAP","127665"
"ASAQ2","158831"
"ASAR3","158832"
"ASAR4","75620"
"ASARA","80384"
"ASARM","148421"
"ASARP","239413"
"ASARS","239414"
"ASAR5","75621"
"ASAR6","158833"
"ASAR7","158834"
"ASAR8","158835"
"ASAS2","126675"
"ASAS3","58145"
"ASAT","75622"
"ASATA","239415"
"ASATI","239416"
"ASATM","1415185"
"ASATO","239417"
"ASAT2","49366"
"ASAU","75623"
"ASAU4","158837"
"ASBA","158839"
"ASBE2","158840"
"ASBE5","123931"
"ASBE3","158841"
"ASBEB","239418"
"ASBEP","239419"
"ASBES","239420"
"ASBEW","239421"
"ASBE4","75624"
"ASBI6","158842"
"ASBI","75625"
"ASBI2","158843"
"ASBIB","239422"
"ASBIH","239423"
"ASBIM","239424"
"ASBIN","239425"
"ASBO","158844"
"ASBO2","75626"
"ASBO3","158845"
"ASBR5","158846"
"ASBR6","75627"
"ASBR7","158847"
"ASBR8","75628"
"ASCA7","75629"
"ASCA8","158848"
"ASCA9","75630"
"ASCAC5","553049"
"ASCAM2","239426"
"ASCAS","239427"
"ASCA10","158849"
"ASCA11","75631"
"ASCAB","80387"
"ASCAC6","239428"
"ASCAM3","239429"
"ASCA12","158850"
"ASCA14","75632"
"ASCA15","158851"
"ASCA16","139706"
"ASCE","158852"
"ASCEA","239430"
"ASCEC","239431"
"ASCEF","1139801"
"ASCE2","158853"
"ASCH4","158854"
"ASCHC2","239433"
"ASCHL2","239434"
"ASCH5","158855"
"ASCH7","158857"
"ASCH13","158858"
"ASCI2","158859"
"ASCI3","75634"
"ASCIC3","80388"
"ASCIS","80389"
"ASCL6","154417"
"ASCL2","75636"
"ASCO5","139710"
"ASCOC6","239435"
"ASCOM","239436"
"ASCO6","50177"
"ASCO7","158861"
"ASCOC7","1584502"
"ASCOL","239438"
"ASCO8","139712"
"ASCOC8","239439"
"ASCOM2","239440"
"ASCO9","158862"
"ASCO61","158863"
"ASCO10","75637"
"ASCO11","158864"
"ASCOC10","1584501"
"ASCOR2","239442"
"ASCO16","158865"
"ASCO12","158867"
"ASCOC9","148448"
"ASCOF","239443"
"ASCOM4","239444"
"ASCOS","239445"
"ASCO13","158868"
"ASCR2","139634"
"ASCRB","239446"
"ASCRC","239447"
"ASCRC3","239448"
"ASCRP","239449"
"ASCRT","239450"
"ASCR3","158869"
"ASCRC4","542269"
"ASCRH","239452"
"ASCRM","239453"
"ASCR4","158870"
"ASCR5","75638"
"ASCU3","75639"
"ASCU4","75640"
"ASCUB","239454"
"ASCUC","80390"
"ASCUS","239455"
"ASCU5","158871"
"ASCUC2","239456"
"ASCUF","239457"
"ASCUP","239458"
"ASCUS2","239459"
"ASCY","158872"
"ASCY2","158873"
"ASDE","75641"
"ASDE11","158874"
"ASDE2","158875"
"ASDE3","158876"
"ASDEC","239460"
"ASDED","148450"
"ASDEN","239461"
"ASDEP","148451"
"ASDE4","158877"
"ASDE5","158878"
"ASDI2","158879"
"ASDI3","58146"
"ASDID2","58895"
"ASDID","80391"
"ASDIM","80392"
"ASDIO","80393"
"ASDI4","158880"
"ASDID3","239462"
"ASDIE","239463"
"ASDI5","158881"
"ASDO","58147"
"ASDOD","80394"
"ASDOP","80395"
"ASDOP2","80396"
"ASDR2","158882"
"ASDR3","84354"
"ASDU2","158883"
"ASEA2","158884"
"ASEG","158885"
"ASEM2","158886"
"ASEME","239464"
"ASEMT","239465"
"ASEN3","158887"
"ASEN4","139636"
"ASENE","239466"
"ASENG","239467"
"ASEP","158888"
"ASEPE","239468"
"ASEPL","239469"
"ASER4","158889"
"ASER6","75642"
"ASEU2","158890"
"ASEU4","158891"
"ASEU3","158892"
"ASFA3","158893"
"ASFE2","158894"
"ASFI","878042"
"ASFL","158895"
"ASFL2","139637"
"ASFLD","148455"
"ASFLF","239470"
"ASFLG","1331749"
"ASFU2","158896"
"ASFU3","75644"
"ASGA","57042"
"ASGE","75645"
"ASGEG","80397"
"ASGET","239472"
"ASGI","75646"
"ASGI2","158897"
"ASGI3","158898"
"ASGI4","75647"
"ASGI5","158899"
"ASGIG","1600240"
"ASGIP","239474"
"ASGR3","158901"
"ASGR4","158902"
"ASGY","158903"
"ASHA2","158904"
"ASHAF","239475"
"ASHAH","239476"
"ASHA3","158905"
"ASHA4","139639"
"ASHA5","158906"
"ASHO5","158908"
"ASHO","158909"
"ASHO2","75648"
"ASHO3","158910"
"ASHU","158911"
"ASHU2","158912"
"ASHUC","239477"
"ASHUH","239478"
"ASHUH3","239479"
"ASHUH2","239480"
"ASHUS","239481"
"ASHUT","239482"
"ASHY2","158913"
"ASHY3","158914"
"ASIN5","158915"
"ASIN6","75649"
"ASINH","80399"
"ASIN7","75650"
"ASIN8","75651"
"ASIO","59597"
"ASIOD","80400"
"ASIOI","59602"
"ASIO2","158916"
"ASIS","158917"
"ASJA","75652"
"ASJE2","158918"
"ASJEA","239483"
"ASJEJ","239484"
"ASJO","75653"
"ASKE","59609"
"ASKEC","59603"
"ASKED","59608"
"ASKED2","59606"
"ASKEE","59604"
"ASKEJ","59605"
"ASKEK","239485"
"ASKEN","239486"
"ASKET","80401"
"ASKEU","80402"
"ASKE5","158919"
"ASKN","158920"
"ASLA26","1337275"
"ASLA27","494579"
"ASLAR","496972"
"ASLAT3","1646637"
"ASLA8","75654"
"ASLE5","158922"
"ASLE6","75655"
"ASLE7","75656"
"ASLE8","59501"
"ASLEA","59494"
"ASLEA2","59500"
"ASLEA3","59497"
"ASLEA5","59495"
"ASLEB","59498"
"ASLEC","1632200"
"ASLEC2","80404"
"ASLED","59499"
"ASLEF","80405"
"ASLEF2","787709"
"ASLEH","239487"
"ASLEI","59502"
"ASLEI2","80407"
"ASLEK","239488"
"ASLEK2","80408"
"ASLEL","239489"
"ASLEL3","59496"
"ASLEM2","239490"
"ASLEM3","80409"
"ASLEN","58148"
"ASLEO","239491"
"ASLEP","148894"
"ASLEP3","80410"
"ASLEP5","239492"
"ASLES","80411"
"ASLES2","239493"
"ASLES3","80412"
"ASLES4","80413"
"ASLES5","80414"
"ASLES6","239494"
"ASLET4","630270"
"ASLEV","80415"
"ASLEV2","239495"
"ASLEW","557288"
"ASLEY","557289"
"ASLE9","158923"
"ASLE10","158924"
"ASLE11","75657"
"ASLI3","158925"
"ASLIL2","239496"
"ASLIM","239497"
"ASLI4","158926"
"ASLI5","158927"
"ASLO2","158928"
"ASLO3","158929"
"ASLO4","158930"
"ASLU2","158931"
"ASLY","158932"
"ASMA3","58149"
"ASMA4","75658"
"ASMAP","80416"
"ASMA5","158933"
"ASMA6","75659"
"ASME2","158934"
"ASMI2","158935"
"ASMI3","158936"
"ASMI4","158937"
"ASMI5","158938"
"ASMI6","75660"
"ASMI7","75661"
"ASMIM2","239498"
"ASMIV","80417"
"ASMI8","158939"
"ASMIM3","1475192"
"ASMIP","239500"
"ASMI9","139642"
"ASMIC","239501"
"ASMID","239502"
"ASMIH","239503"
"ASMIM4","239504"
"ASMIO","239505"
"ASMIP2","239506"
"ASMIS","239507"
"ASMIT","239508"
"ASMI10","158940"
"ASMIA","239509"
"ASMIH2","239510"
"ASMIM","239511"
"ASMIM5","239512"
"ASMO4","158941"
"ASMO5","75662"
"ASMOH","80418"
"ASMOM4","80419"
"ASMO6","158942"
"ASMO7","121932"
"ASMOB","239513"
"ASMOC","239514"
"ASMOE","239515"
"ASMOM","239516"
"ASMOM2","239517"
"ASMOM3","239518"
"ASMOM5","1367752"
"ASMOT","239520"
"ASMO8","139643"
"ASMO9","75663"
"ASMO10","158943"
"ASMOC2","239521"
"ASMOM6","239522"
"ASMU","158944"
"ASMU3","158945"
"ASNA","158946"
"ASNE2","158947"
"ASNE3","158948"
"ASNE4","158949"
"ASNE5","75664"
"ASNE6","75665"
"ASNEA","239523"
"ASNEB","239524"
"ASNEC","181703"
"ASNEE","239525"
"ASNEN","80420"
"ASNI2","158950"
"ASNO3","158951"
"ASNU2","158952"
"ASNU3","75666"
"ASNU7","158953"
"ASNU4","75667"
"ASNUA","181442"
"ASNUC","80421"
"ASNUI","80422"
"ASNUM","239526"
"ASNUM2","239527"
"ASNUN","239528"
"ASNUT","239529"
"ASNUZ","239530"
"ASNU5","75668"
"ASNUN2","80423"
"ASNUV","80424"
"ASNU6","158954"
"ASNY2","158955"
"ASOB3","158956"
"ASOB4","75669"
"ASON2","158957"
"ASOO","158958"
"ASOO2","75670"
"ASOO3","75671"
"ASOOC","239531"
"ASOOC2","239532"
"ASOOL3","80425"
"ASOOL","239533"
"ASOOO2","80426"
"ASOR2","158959"
"ASOS","158960"
"ASOX","58150"
"ASPA9","75672"
"ASPAJ","80427"
"ASPAP5","80428"
"ASPA10","59621"
"ASPA11","75673"
"ASPA12","148046"
"ASPA13","158961"
"ASPA14","158962"
"ASPA15","75674"
"ASPA16","158963"
"ASPE4","158964"
"ASPE5","158965"
"ASPE6","158966"
"ASPH","158967"
"ASPI3","158968"
"ASPI4","158969"
"ASPIA","239534"
"ASPIP4","239535"
"ASPI6","158970"
"ASPI7","138363"
"ASPL2","158971"
"ASPL3","75675"
"ASPL8","158972"
"ASPO","158973"
"ASPO2","75676"
"ASPO3","158974"
"ASPR5","158975"
"ASPRE","148899"
"ASPRL","239536"
"ASPRP2","544030"
"ASPR6","75677"
"ASPRC2","239537"
"ASPRL2","80429"
"ASPRP3","80430"
"ASPR7","158976"
"ASPR8","158977"
"ASPS","59600"
"ASPT2","158978"
"ASPU6","139555"
"ASPU7","75678"
"ASPUC5","80431"
"ASPUP5","80432"
"ASPUS","80433"
"ASPU8","158979"
"ASPUG","239538"
"ASPUP6","239539"
"ASPU9","59613"
"ASPUC","239540"
"ASPUG2","239541"
"ASPUL","80434"
"ASPUL2","80435"
"ASPUO","239542"
"ASPUP","239543"
"ASPUP7","80436"
"ASPUT","80437"
"ASPY","75679"
"ASPYL","80438"
"ASPYP","80439"
"ASRA2","158980"
"ASRAL","239544"
"ASRAR2","239545"
"ASRAT","239546"
"ASRA3","148041"
"ASRA4","50794"
"ASRAJ","80440"
"ASRAR3","80441"
"ASRA5","75680"
"ASRE2","158981"
"ASRE3","158982"
"ASRE4","158983"
"ASRE6","158984"
"ASRE5","158985"
"ASRI","158986"
"ASRI2","158987"
"ASRO","158988"
"ASROA","239547"
"ASROF","239548"
"ASROH","239549"
"ASROJ","209194"
"ASROM","239550"
"ASROO","239551"
"ASROR","1355046"
"ASRU4","158989"
"ASSA2","75681"
"ASSA3","158990"
"ASSAS","239553"
"ASSAV","239554"
"ASSA4","158991"
"ASSA5","158992"
"ASSC4","158993"
"ASSC5","139556"
"ASSC6","158994"
"ASSC7","158995"
"ASSE3","75682"
"ASSE4","59619"
"ASSES3","1400884"
"ASSES4","705141"
"ASSES","59617"
"ASSE5","158996"
"ASSE6","158997"
"ASSE7","158998"
"ASSH2","158999"
"ASSH5","75683"
"ASSH3","159000"
"ASSI3","159001"
"ASSI4","159002"
"ASSI5","139558"
"ASSO3","159003"
"ASSO4","159004"
"ASSO5","159005"
"ASSP4","159006"
"ASSP5","139559"
"ASSPM","239555"
"ASSPS3","239556"
"ASSP6","159007"
"ASSP7","159008"
"ASST5","159009"
"ASST6","159010"
"ASSU6","159011"
"ASSU8","75684"
"ASSU7","159012"
"ASTE4","159013"
"ASTE5","1554575"
"ASTE6","60190"
"ASTEF","60189"
"ASTET2","80442"
"ASTET","80443"
"ASTE7","159015"
"ASTE8","159016"
"ASTEB","1062131"
"ASTEC","239557"
"ASTER2","181704"
"ASTET3","239558"
"ASTE9","139562"
"ASTE10","159017"
"ASTH","159018"
"ASTI","75685"
"ASTI3","159020"
"ASTI2","159021"
"ASTO2","159022"
"ASTOS","239559"
"ASTOT","1600546"
"ASTO3","159023"
"ASTO9","159024"
"ASTR4","75686"
"ASTR5","75687"
"ASTR6","75688"
"ASTRL","542348"
"ASTRP","80445"
"ASTRT2","80446"
"ASTR7","159025"
"ASTR8","159026"
"ASTW","159027"
"ASTY","159028"
"ASUM2","159029"
"ASUM3","75689"
"ASUN3","159030"
"ASUT","159031"
"ASVA2","159032"
"ASVA3","159033"
"ASVE5","159034"
"ASVEN","239561"
"ASVEV2","1531500"
"ASVI6","159035"
"ASWA2","159036"
"ASWA3","159037"
"ASWE","75690"
"ASWE4","159038"
"ASWE2","159039"
"ASWH","75691"
"ASWHC","80447"
"ASWHL","80448"
"ASWHS","80449"
"ASWHS2","239563"
"ASWHW","80450"
"ASWI","139565"
"ASWI2","159040"
"ASWI3","159041"
"ASWO","148033"
"ASWO2","59628"
"ASWR","159042"
"ASXI","159043"
"ASYO","159044"
"ASZI","159045"
"ASZIV","239564"
"ASZIZ","1521605"
"ASIN9","159046"
"ASINC","234520"
"ASINI2","234521"
"ASRO2","159047"
"ASCO42","75692"
"ASCOA2","234522"
"ASCOC2","234523"
"ASCOC3","181444"
"ASIN19","282585"
"ASSI9","138018"
"ASSIM2","234525"
"ASSIS","234526"
"ASWI4","159048"
"ASPA37","1144705"
"ASAS6","135434"
"ASPR10","75693"
"ATEM","774476"
"ATHY2","56398"
"ATHYC","NaN"
"ATHYH","NaN"
"ATPY2","NaN"
"ATAM","117385"
"ATFI","1115465"
"ATFIA","234527"
"ATFIA2","234528"
"ATFIC","61002"
"ATMI","159050"
"ATPU","58069"
"ATPL","49328"
"ATAL6","159051"
"ATAN3","56156"
"ATCR","159053"
"ATCY","159054"
"ATHA4","159055"
"ATOE","159056"
"ATSE3","55331"
"ATTE70","159057"
"ATUN2","124155"
"ATAP","NaN"
"ATNE","NaN"
"ATOD","NaN"
"ATAC","159059"
"ATACA","234530"
"ATACC","234531"
"ATAL","159060"
"ATAR2","58111"
"ATARA","1347431"
"ATARA2","NaN"
"ATARC2","NaN"
"ATARE","80454"
"ATAS2","159061"
"ATBO","159062"
"ATCA","75697"
"ATCA2","58113"
"ATCAA3","181705"
"ATCAC","58114"
"ATCAG4","239567"
"ATCAL2","80457"
"ATCAL4","80458"
"ATCAM","80459"
"ATCO","58115"
"ATCO2","75698"
"ATCO3","58116"
"ATCOC","80462"
"ATCON","80463"
"ATCO4","148062"
"ATCO5","75699"
"ATCR2","131549"
"ATCU","148061"
"ATCUC","148059"
"ATCUI","148060"
"ATDE3","60174"
"ATDR","159063"
"ATEL","75702"
"ATELE","80465"
"ATELF","80466"
"ATELT","239568"
"ATER","159065"
"ATFA","159066"
"ATFR","58117"
"ATGA","75703"
"ATGA2","159068"
"ATGL","159069"
"ATGLA","NaN"
"ATGLF","NaN"
"ATGLG","NaN"
"ATGM","75705"
"ATGR","148320"
"ATGR2","159070"
"ATHI","NaN"
"ATHY","75706"
"ATJO4","75707"
"ATKL","159073"
"ATLE","58118"
"ATLEB","181706"
"ATLEL","181445"
"ATLE2","60994"
"ATLO3","NaN"
"ATMA","159078"
"ATMI3","75710"
"ATMI4","159079"
"ATMU3","287744"
"ATNA","159080"
"ATNU3","159082"
"ATNU2","159083"
"ATOB","159085"
"ATPA8","159086"
"ATPA","75712"
"ATPA2","64156"
"ATPA3","75713"
"ATPE3","60178"
"ATPH","58119"
"ATPO","58120"
"ATPO2","148322"
"ATPR","60176"
"ATPU2","75714"
"ATRO4","903694"
"ATSA","148327"
"ATSE2","75715"
"ATSED","80469"
"ATSES","80470"
"ATSP","58122"
"ATSU2","159087"
"ATSU5","75716"
"ATTE","159089"
"ATTE2","159090"
"ATTO","75717"
"ATTR3","159091"
"ATTR","75718"
"ATTU","75719"
"ATVA","159092"
"ATWA2","159094"
"ATWA","75720"
"ATWE","159095"
"ATWO","159096"
"ATWR","159097"
"ATRA2","427979"
"AUPA2","118505"
"AUAC70","159100"
"AUAN70","124384"
"AUHE","159101"
"AUPA70","154189"
"AUTU70","159102"
"AUFL","62404"
"AUFLF","239569"
"AUFLM","239570"
"AUGR","159103"
"AUGRC","239571"
"AUGRG","239572"
"AUGRP","239573"
"AUGRS","239574"
"AULA","159104"
"AUPA","159105"
"AUPE","148877"
"AUPE2","62394"
"AUPEA","239575"
"AUPEA2","239576"
"AUPEI","239577"
"AUPEP","239578"
"AUVI","159106"
"AVHO3","NaN"
"AVGE","62853"
"AVMAM2","527675"
"AXAU","279486"
"AXCO","159110"
"AXFI","59769"
"AXFU","159111"
"AYAR","159113"
"AYCO","75724"
"AYEU","159114"
"AYFI","159115"
"AYGL","286399"
"AYIN2","159116"
"AYLI","159118"
"AYMI","159119"
"AYPI","159120"
"AZCA","68866"
"AZFI","58754"
"AZMI","75725"
"BAAN","131150"
"BABI","159122"
"BABR","75726"
"BADI3","159123"
"BADO","56862"
"BAEM","148102"
"BAGL","159124"
"BAHA","84813"
"BAHA2","159125"
"BAMA13","75728"
"BAMY","905126"
"BANE2","155045"
"BAPI","53359"
"BAPL","64211"
"BAPLG","1397365"
"BAPLP","64118"
"BAPT","159126"
"BASA4","57913"
"BASA","75729"
"BASA2","52108"
"BASE","75730"
"BATE","159127"
"BATH","159128"
"BAVA3","53358"
"BAWR","902883"
"BACA","159130"
"BAEI","75731"
"BAIN2","129192"
"BAMO","75732"
"BARE","75733"
"BARO","75734"
"BAST4","1232335"
"BAPA8","1123214"
"BAAB","159132"
"BAABA","239579"
"BAABD","239580"
"BABI2","159133"
"BABI3","159134"
"BADI","159135"
"BAPE","159136"
"BAMU","68538"
"BAPA","75739"
"BAPL3","75740"
"BAAN3","127348"
"BAAT","159137"
"BAUN","159138"
"BABO","NaN"
"BATE3","NaN"
"BATO2","NaN"
"BACA3","62273"
"BACAC","62269"
"BACAI","239584"
"BADE2","70383"
"BAHO","75742"
"BAHOH","239585"
"BAHOH2","239586"
"BAHOH3","1592263"
"BAHOI","239588"
"BAHOL","239589"
"BAHON","239590"
"BAIN","159139"
"BALA8","75743"
"BAMA3","69665"
"BAMAM","69666"
"BAMAP","239591"
"BAMA4","159140"
"BARO2","159141"
"BASA3","62266"
"BASE4","75744"
"BASE2","75745"
"BAPO","1156449"
"BAVA2","189629"
"BABI4","NaN"
"BABU","NaN"
"BAFU","900529"
"BAMI3","NaN"
"BASE3","NaN"
"BASU","NaN"
"BAVA5","NaN"
"BAAL","1609408"
"BAALA","1021149"
"BAALM","126828"
"BAAL3","159145"
"BAAR","159146"
"BAAU","83902"
"BAAUA2","129673"
"BAAUA","239593"
"BAAUM","239594"
"BABR2","51722"
"BABRB","239595"
"BABRL","239596"
"BABRL2","239597"
"BACA4","159147"
"BACAC2","545189"
"BACAV","545206"
"BACI","159148"
"BALA3","159149"
"BALAL","1542575"
"BALAT","239601"
"BALE4","132208"
"BAME","159150"
"BANU2","159151"
"BAPE3","159152"
"BASI","159153"
"BASP","128518"
"BATI","900528"
"BAOR","52976"
"BAPE6","159155"
"BAPI3","290296"
"BAAT2","159156"
"BAAT3","159157"
"BABA4","159158"
"BABI7","159159"
"BACA11","159160"
"BAFL5","159161"
"BAHA3","56473"
"BAHY2","159162"
"BAKU","159163"
"BALY","159164"
"BAQU","159165"
"BAQUC","239603"
"BAQUG","239604"
"BAQUQ","239605"
"BARU9","1048661"
"BAAG","159166"
"BAAM3","159167"
"BACO8","159168"
"BACOC","239606"
"BACOG","239607"
"BACO3","159169"
"BAEH","159170"
"BAEU","159171"
"BAIN9","159172"
"BAING","239608"
"BAINI","239609"
"BAUN6","159173"
"BASA5","159174"
"BASO","940921"
"BAAS3","189657"
"BARA5","196659"
"BASC","159177"
"BAPA2","159178"
"BAPAI","234553"
"BAPAP","234554"
"BATE2","159179"
"BAVE2","159180"
"BAVI3","145712"
"BAGL5","317949"
"BAHA4","317944"
"BAIT70","317945"
"BAMI8","317947"
"BAPO70","320575"
"BAST6","320576"
"BASU6","320577"
"BAWI","159189"
"BALE6","159190"
"BAAL4","131144"
"BACO2","159192"
"BAAM4","NaN"
"BACA21","NaN"
"BABI5","278079"
"BAVI4","159195"
"BAVIS2","NaN"
"BAVIV","NaN"
"BAEG6","777197"
"BAVI5","159196"
"BAMA5","70040"
"BALU","159198"
"BAAM2","159200"
"BADE6","56475"
"BANU3","159201"
"BAPE5","159202"
"BATR4","159203"
"BATR5","136608"
"BATRD","239610"
"BATRT","239611"
"BEJU","75746"
"BEJUA","80473"
"BESY","75747"
"BEDE2","430190"
"BEPE","554558"
"BERA3","126342"
"BECO5","283334"
"BEOC","75748"
"BEOR","75749"
"BEOT","474605"
"BECA2","129595"
"BEFE","159209"
"BEHA2","75754"
"BEWI","159210"
"BESC","119960"
"BEEM","75759"
"BETE","75760"
"BEHU","NaN"
"BEBE4","159212"
"BELY","159213"
"BEPU2","159215"
"BEPUP3","239613"
"BEPUS","239614"
"BESU","128753"
"BEDI2","1118036"
"BEMY","75761"
"BEOB","159217"
"BEER","58790"
"BEAL","156269"
"BEAR","156270"
"BEBU","156272"
"BEOB2","159219"
"BEPL","159220"
"BERI","159221"
"BERU","159222"
"BEWY","159223"
"BELO2","67984"
"BECA4","NaN"
"BECAC","NaN"
"BECAG","NaN"
"BEDU","NaN"
"BEDU2","NaN"
"BEEA","NaN"
"BEHO","NaN"
"BEJA","NaN"
"BENE5","NaN"
"BEPU3","NaN"
"BERA","1102013"
"BESA","NaN"
"BESA3","NaN"
"BEUT","NaN"
"BEWI2","NaN"
"BEAL2","49882"
"BEALA","239615"
"BEALM","239616"
"BEBO","159225"
"BEGL","75763"
"BELE","49157"
"BEMI2","437384"
"BEMI","NaN"
"BEMU2","NaN"
"BENA","159228"
"BENAE","855563"
"BENAN","NaN"
"BENE4","159229"
"BENI","117429"
"BEOC2","75764"
"BEPA","49883"
"BEPAC2","124456"
"BEPAK","239618"
"BEPAP","239619"
"BEPO","49884"
"BEPU4","159231"
"BEPUG2","239621"
"BEPUG","239622"
"BEPUP2","239623"
"BEPUR","239624"
"BEUB","49161"
"BIRU","462465"
"BITO2","462467"
"BIMU","NaN"
"BIAL","1095846"
"BIALR","853614"
"BIAM3","159232"
"BIAM","159233"
"BIAR","51714"
"BIAS3","159234"
"BIAU","159235"
"BIBE2","204252"
"BIBI3","159236"
"BIBI","159237"
"BIBIA","315550"
"BIBIB2","315576"
"BIBI7","50202"
"BICA2","159238"
"BICAC","234560"
"BICAP","234561"
"BICAW","234562"
"BICE","75765"
"BICE2","159239"
"BICO4","159240"
"BICO5","130988"
"BICO","136387"
"BICO6","159241"
"BICU","NaN"
"BICY","159242"
"BIDI","116346"
"BIEA","159243"
"BIFE2","893246"
"BIFO","159245"
"BIFOF","234563"
"BIFOK","234564"
"BIFR","51712"
"BIHA","159247"
"BIHE2","159248"
"BIHE","159249"
"BIHI","159250"
"BIHIH","234565"
"BIHIP","234566"
"BIHY","159251"
"BIHYH","239628"
"BIHYS","239629"
"BILA","75766"
"BILE2","159252"
"BILE","159253"
"BIMA","159254"
"BIMA4","159255"
"BIME","159256"
"BIMEF2","234567"
"BIMEM","234568"
"BIMI2","159257"
"BIMIC2","234569"
"BIMIK2","234570"
"BIMIM","234571"
"BIMI","159258"
"BIMO","159259"
"BIPO2","159261"
"BIRE","281661"
"BIRER","316474"
"BIREU","316006"
"BISA2","159262"
"BISAC","234572"
"BISAS2","234573"
"BITE","159263"
"BITO","159264"
"BITR","75767"
"BIVA","159265"
"BIVU","75768"
"BIWI","159266"
"BIAM2","156276"
"BINU","159267"
"BINUA","234574"
"BINUN","234575"
"BINU2","159268"
"BICA","67823"
"BIPA2","1123190"
"BIHE4","159270"
"BLPU2","56441"
"BLDI","282557"
"BLFR","142816"
"BLIN","NaN"
"BLLI","983170"
"BLOC","142818"
"BLOR","345928"
"BLPO","282559"
"BLSE","130865"
"BLSP","48432"
"BLPY","159271"
"BLBA","68892"
"BLNA","57914"
"BLNAN","64152"
"BLNAR","60953"
"BLBI","159272"
"BLKI","75772"
"BLSC","75773"
"BLSCL","234583"
"BLSCS","234584"
"BLLA4","58799"
"BLPL","57915"
"BLPLP","234585"
"BLPLV","57918"
"BLTR","156286"
"BLAR","56478"
"BLTR2","1375901"
"BLTRB","234587"
"BLTRT","234588"
"BLCI","159273"
"BLHI","120895"
"BLHIG","239630"
"BLHIH","239631"
"BLSU","159274"
"BLFL","430727"
"BLPA","159275"
"BLPAA","NaN"
"BLPAP","239632"
"BLPU","159276"
"BLAC70","156309"
"BLCR","58357"
"BLCRA","80476"
"BLCRC","318190"
"BLCRM","80478"
"BLHU","75775"
"BLHI2","1072182"
"BLSI","1043196"
"BLVE","129885"
"BLRU","159280"
"BOBR3","156292"
"BOEL3","156291"
"BOSA2","159282"
"BOTI","159283"
"BOFR2","133166"
"BOCY","75832"
"BOGR3","159287"
"BORE3","1281469"
"BOAC3","448518"
"BOAL6","1205913"
"BOALP","NaN"
"BOAN","159289"
"BOCO","75833"
"BOCO2","75834"
"BODI3","75835"
"BOER","159290"
"BOGR","159292"
"BOHE2","159293"
"BOIN","159294"
"BOLI2","159295"
"BOMA5","159296"
"BOME","159297"
"BOPT","159298"
"BOPU","159299"
"BORE4","159300"
"BOSC","159301"
"BOSP","159302"
"BOTE11","1072191"
"BOTR","75836"
"BOWR","75837"
"BOCA","75838"
"BOOR","159303"
"BOAL2","138023"
"BONI","451925"
"BOPE","138024"
"BOPO","282524"
"BOFL3","64228"
"BOMA7","58345"
"BOMAP4","79646"
"BONO","204257"
"BORO5","75840"
"BOAP","159304"
"BOAS","159305"
"BOASA","239633"
"BOASL","239634"
"BOASR","239635"
"BOCA2","159306"
"BODE2","159307"
"BODI","119143"
"BODID","1486405"
"BODII","239637"
"BOMO4","159308"
"BOHI","1544269"
"BOGR5","159310"
"BOME2","159311"
"BOOV2","159312"
"BORE9","159313"
"BODA","159314"
"BOCU2","NaN"
"BOAR2","51589"
"BOFR","127270"
"BOHO","123144"
"BORO","123145"
"BOST2","159315"
"BOAL3","159316"
"BOBA3","75841"
"BOED","159318"
"BOEX","159319"
"BOHY","159320"
"BOLAT","79647"
"BOLO","159321"
"BOSA","159323"
"BOSP3","159324"
"BOWR2","159325"
"BOWA2","NaN"
"BOAC2","159327"
"BOAL7","159328"
"BOAS2","75844"
"BOBI","764599"
"BOBO4","472081"
"BOCA5","159329"
"BOCR","75845"
"BODI2","82553"
"BOEC","159330"
"BOGA2","159331"
"BOHE5","159332"
"BOJE","159333"
"BOLA","1619288"
"BOLAA2","1002059"
"BOLAL","1002058"
"BOLI7","75846"
"BOLU","1611685"
"BOLU2","159334"
"BOMA2","82557"
"BOMI","75847"
"BOMO","75848"
"BOMO2","159335"
"BOMU","900568"
"BOON","82556"
"BOPA12","159336"
"BOPA9","75849"
"BOPE4","159337"
"BOPI","75850"
"BOPS","159338"
"BOPU2","75851"
"BORO6","764598"
"BORU","159340"
"BOSI","75852"
"BOSP4","159341"
"BOTU3","75853"
"BOVI","1555607"
"BOYA","75854"
"BOLI3","159343"
"BOPR","159344"
"BOSP2","159345"
"BOER3","156345"
"BOCA4","159347"
"BORA2","159348"
"BOSU2","159349"
"BOVI2","146957"
"BOAM2","287917"
"BOAR","75856"
"BOARA","80483"
"BOARA2","239641"
"BOBA2","75857"
"BOBR","159350"
"BOCH","159351"
"BOCU","75858"
"BOCUC","181446"
"BOCUC2","239642"
"BODA2","288038"
"BODI7","279533"
"BOEL","159352"
"BOER4","75859"
"BOGR2","71257"
"BOHI2","122560"
"BOHIH","239644"
"BOHIP","NaN"
"BOJU","906729"
"BOKA","159353"
"BOPA2","159354"
"BORA","159356"
"BORA4","159357"
"BORE2","159358"
"BORI","159359"
"BORO2","159360"
"BOSI2","159361"
"BOTR2","75861"
"BOTRB","NaN"
"BOTRT","NaN"
"BOUN","159362"
"BOWA","159363"
"BOTE2","147990"
"BOIN3","56822"
"BOAC","159364"
"BOIN4","128866"
"BOMA3","75862"
"BOOC2","68213"
"BORI2","144147"
"BORO3","75863"
"BRSU8","156312"
"BRCI4","1156460"
"BRSH3","1116001"
"BROL2","156319"
"BRTR4","159375"
"BRAR9","204147"
"BRER2","129495"
"BRAN6","159377"
"BRER7","159378"
"BRKL","159379"
"BRSP7","159380"
"BRSY2","159381"
"BRWR","159383"
"BRAC3","159384"
"BRAC4","159385"
"BRAL70","123771"
"BRBI4","159386"
"BRBO","67857"
"BRCA70","159387"
"BRCA18","159388"
"BRCO12","159389"
"BRDE9","159390"
"BRDI11","159391"
"BRER8","159392"
"BRFE4","159393"
"BRFR70","123270"
"BRGL2","159394"
"BRGR10","159395"
"BRHO4","159396"
"BRHY","159397"
"BRLE9","159398"
"BRMI5","159399"
"BRNE4","159400"
"BROE","159401"
"BROX2","159402"
"BRPL5","159403"
"BRPO4","123313"
"BRRE7","746449"
"BRREP","239649"
"BRRER","239650"
"BRRI5","159405"
"BRRO5","1396805"
"BRRU5","159407"
"BRSA7","159408"
"BRSAF","239651"
"BRSAS","239652"
"BRST4","159409"
"BRST5","159410"
"BRTR5","159411"
"BRTU70","159412"
"BRVE7","154134"
"BRVEV2","154131"
"BRVEV3","154132"
"BRBI","75866"
"BRSC","75867"
"BRCU","1478510"
"BRNO3","283368"
"BRCA7","159413"
"BRSE6","159416"
"BRFE3","159417"
"BRGL","159418"
"BRGLG","234638"
"BRGLP2","359572"
"BRGLP","234639"
"BRLO2","159420"
"BRPI2","159421"
"BRTH","159422"
"BRTHG","359571"
"BRTHT","359570"
"BRAR","159423"
"BREN","159424"
"BRTR","68035"
"BRTRP","239655"
"BRTRT2","239656"
"BRAM3","159427"
"BRAMA","239657"
"BRAML","239658"
"BRAR2","NaN"
"BRARA","NaN"
"BRARO","NaN"
"BRAT","75871"
"BRBA2","159428"
"BRBE","159429"
"BRBR2","159430"
"BRCA3","58803"
"BRCAC","181708"
"BRCAJ","181709"
"BRCH","159431"
"BRCO7","159432"
"BRCO8","159433"
"BRCO","159434"
"BRCY","159435"
"BRDE2","159436"
"BRDE3","75872"
"BREU","53501"
"BREUC2","239660"
"BREUC","239661"
"BREUE","239662"
"BREUF","545221"
"BREUG","239664"
"BREUT","239665"
"BRFL","159438"
"BRFR","75873"
"BRGR","75874"
"BRGR2","75875"
"BRHI4","159439"
"BRHIH","239666"
"BRHIT","239667"
"BRIN","75876"
"BRKN","75877"
"BRLA","159440"
"BRLE","159441"
"BRLEL","239668"
"BRLEW","239669"
"BRLO","75878"
"BRLOL3","80488"
"BRLOM","80489"
"BRMI","75879"
"BRMIM","80490"
"BRMIS","80491"
"BRMIW","239670"
"BRNE2","57919"
"BROB","75880"
"BROBL","80492"
"BROBO","1263976"
"BRPA","159443"
"BRPR","159444"
"BRRU","159445"
"BRSI2","159446"
"BRVE","159448"
"BRVE2","159449"
"BRVEP","239672"
"BRVEV","239673"
"BRFE2","354244"
"BRIN19","789788"
"BRIN4","159450"
"BRRO","159451"
"BRAP","75881"
"BRCA4","63779"
"BRCAC9","63777"
"BRCAL3","863713"
"BRCO3","57126"
"BRCOC","234644"
"BRCOR2","863714"
"BREL","51752"
"BRELE","57127"
"BRELH","181448"
"BRFI","75882"
"BRIN5","75883"
"BRJO","75884"
"BRKI","75885"
"BRMA7","159453"
"BRMI3","75887"
"BRNA4","75888"
"BROR","75889"
"BRPA2","75890"
"BRSA","75892"
"BRST","75894"
"BRTE4","57128"
"BRTEK","79648"
"BRTET","59081"
"BRPI4","154798"
"BRAL6","NaN"
"BRAN","159456"
"BRAR4","75895"
"BRCA5","52700"
"BRCI2","897888"
"BRCIC3","181710"
"BRCIR","239674"
"BRFR2","159459"
"BRGR4","75901"
"BRINP","234654"
"BRINA","NaN"
"BRINP5","NaN"
"BRKA2","159461"
"BRLA3","52704"
"BRLA6","159462"
"BRLA4","159464"
"BRMA4","159467"
"BRMA5","71142"
"BRMU4","159468"
"BRNO","159469"
"BROR2","75905"
"BRPA3","159470"
"BRPO","75906"
"BRPOP","239680"
"BRPOP2","239681"
"BRPO2","75907"
"BRPS","75908"
"BRPU6","159471"
"BRSI","1610830"
"BRSU4","NaN"
"BRSU2","75914"
"BRTE2","159476"
"BRVU","75915"
"BRMI4","159477"
"BRLE10","159478"
"BRRE3","159481"
"BRRO6","159482"
"BRDO3","503372"
"BRAR6","67930"
"BREL5","159484"
"BRBO2","148213"
"BRBR8","159485"
"BRCA19","159486"
"BRDR2","159487"
"BRFL3","159488"
"BRFU4","159489"
"BRHA2","159490"
"BRRA5","159491"
"BRTE7","159492"
"BRVO2","159493"
"BRCO6","735216"
"BRCOD","1063177"
"BRAM4","772033"
"BRDE4","430748"
"BRLA5","343974"
"BRPO3","189971"
"BROV4","159495"
"BRGR11","159496"
"BRHU5","159497"
"BRNO4","159498"
"BRIL","159499"
"BRLO3","159500"
"BRVI6","159501"
"BRCO13","159502"
"BRFE5","159503"
"BRIN10","159504"
"BRRE70","159505"
"BRRE4","159506"
"BRAN7","156944"
"BRMI9","156945"
"BRVI7","156946"
"BRNO6","159508"
"BRAE","159509"
"BRAL12","159510"
"BRALA3","239689"
"BRALR","239690"
"BRAL9","159511"
"BRAM70","159512"
"BRAP2","159513"
"BRAR15","159514"
"BRAR70","159515"
"BRAR71","123390"
"BRAX","159516"
"BRBI5","159517"
"BRBL","159518"
"BRBO3","159519"
"BRBR9","159520"
"BRCA71","159521"
"BRCA20","159522"
"BRCA21","159523"
"BRCA22","67864"
"BRCA25","124341"
"BRCAB","124339"
"BRCAC4","124340"
"BRCAF","124342"
"BRCO14","159524"
"BRCU3","159525"
"BRCY70","159526"
"BRDI12","159528"
"BRER9","159529"
"BRFL4","159530"
"BRGE2","159531"
"BRGE3","159533"
"BRGE4","159534"
"BRHA3","159535"
"BRIN11","159537"
"BRKL2","159538"
"BRKN2","159539"
"BRLI3","159542"
"BRLIC70","239692"
"BRLO4","159543"
"BRLO6","159544"
"BRLOL2","239693"
"BRLOL","239694"
"BRMA9","159545"
"BRME2","159546"
"BRMI10","159547"
"BRMI11","159548"
"BRMU6","623038"
"BRNI3","159549"
"BROB3","159550"
"BRPA70","159551"
"BRPA14","67865"
"BRPS5","274521"
"BRPS70","159553"
"BRPU12","159554"
"BRPY","159555"
"BRRA6","159556"
"BRRE5","159557"
"BRRI6","159558"
"BRRU6","159559"
"BRRU7","159560"
"BRRU8","159561"
"BRSA4","159562"
"BRSC7","159563"
"BRST6","159564"
"BRSU9","159565"
"BRSU10","159566"
"BRTE8","159567"
"BRTE9","159568"
"BRTU2","159569"
"BRUL2","159570"
"BRVI8","159572"
"BRWA2","159573"
"BRWE70","159574"
"BRWR70","159575"
"BURO2","159576"
"BUEN","1144592"
"BUPA16","1144593"
"BUTE4","909409"
"BUAM","126699"
"BULO","159579"
"BUOB3","282869"
"BUBU","159581"
"BUMO","159582"
"BUDI","159583"
"BUMA","159588"
"BURA","159589"
"BURAI2","234661"
"BURAR","234662"
"BUSC","159590"
"BUSE","159591"
"BUUT","75918"
"BUBE3","140970"
"BUHA","899457"
"BUME5","425530"
"BUMI9","1144517"
"BUPA2","159592"
"BUPR6","NaN"
"BUAN","NaN"
"BUCA2","75920"
"BUCAC","234663"
"BUCAI2","NaN"
"BUCI","159594"
"BUCIC2","239695"
"BUCIC","200033"
"BUCU","1370769"
"BUFU","159595"
"BUJU","159596"
"BUPA","1524626"
"BUSC2","159597"
"BUST7","1439891"
"BUST","159598"
"BUSU6","1542958"
"BUVE","290654"
"BUWA","159599"
"BUGL2","430758"
"BUGL","292085"
"BUPO5","955527"
"BUAM2","159602"
"BUBI","159606"
"BUCA3","159607"
"BUFL2","159608"
"BULE5","1144556"
"BUFA","159609"
"BUFAE","239696"
"BUMI","68186"
"BUSI","130734"
"BUAP70","159610"
"BUMI6","159611"
"BUPI","124857"
"BUVI2","159612"
"BUPO","1156442"
"BUVA","190034"
"BYCR","154528"
"BYLU","159613"
"BYSP","190035"
"BYWA","1165100"
"CACA","817523"
"CACAC4","239697"
"CACAP","239698"
"CAHA26","817522"
"CANA5","861019"
"CABO6","127901"
"CACA26","159616"
"CACI19","348384"
"CACO28","280565"
"CACU10","139449"
"CADI12","NaN"
"CAKA5","159620"
"CAMA21","159621"
"CAMO14","1065378"
"CAPA34","159624"
"CAPH","139451"
"CAPO6","348385"
"CAWO3","159627"
"CACO25","159628"
"CAED","52162"
"CAEDE","234668"
"CAEDE2","NaN"
"CAEDL2","NaN"
"CAEDH","234669"
"CAGE4","159629"
"CALA2","126866"
"CALAF","208559"
"CALAL2","234671"
"CALAP","234672"
"CABO","75923"
"CABR","75924"
"CACA2","159630"
"CACA4","871753"
"CACAC10","80496"
"CACAL3","NaN"
"CACAM","239701"
"CACO71","140212"
"CADE3","159631"
"CAEX","159633"
"CAFO","75926"
"CAHI","159634"
"CAHO","159635"
"CAHO2","159636"
"CAKO","891092"
"CALA6","140199"
"CAMO","159637"
"CAMU15","75928"
"CANU","61063"
"CAOP2","61198"
"CAPE10","159638"
"CAPI","159639"
"CAPO3","159640"
"CAPOI","234675"
"CAPOP","234676"
"CAPU","75929"
"CAPUP7","239703"
"CARU","52712"
"CASC","148952"
"CASE24","159641"
"CAST36","75930"
"CASTI3","79649"
"CASTS5","79650"
"CASTB4","NaN"
"CASTS8","NaN"
"CATA6","935772"
"CATW","159642"
"CADO7","963953"
"CAAR12","159644"
"CABR2","159645"
"CACU","159646"
"CAGI3","159647"
"CALO","159648"
"CALOL2","239705"
"CALOM","239706"
"CABR3","68636"
"CACI2","489239"
"CAAL13","281431"
"CALU11","283380"
"CAPA","60460"
"CAMA45","159651"
"CABI","159652"
"CACO","159653"
"CAER","75933"
"CAHA10","139541"
"CAHU","159654"
"CAHUH","239709"
"CAHUR","239710"
"CAIS2","159655"
"CALO15","NaN"
"CAPU33","1008148"
"CAAM2","49193"
"CAAM14","190098"
"CACAI2","363303"
"CACAP6","363305"
"CAEL20","NaN"
"CAHA32","NaN"
"CAPA67","159660"
"CACO70","143535"
"CAGI70","159661"
"CAMA50","159662"
"CAME30","159663"
"CAOB11","159664"
"CAOR18","159665"
"CARI70","159666"
"CAST70","159667"
"CATR27","159668"
"CACU18","159669"
"CAAL","159670"
"CABU8","59227"
"CADI2","159671"
"CAIN2","127941"
"CAINI4","239711"
"CAINL","239712"
"CALE2","159672"
"CAPA2","159673"
"CAPE23","159674"
"CASC4","159675"
"CATR","159676"
"CABR30","713977"
"CACR29","555506"
"CACO19","159677"
"CAGR25","159679"
"CAMI25","888351"
"CAMO25","275863"
"CAOR10","126335"
"CARE8","159681"
"CARO18","159682"
"CAFA3","75934"
"CAHE2","159685"
"CAHE3","75935"
"CAHEB3","60158"
"CAHEH","80499"
"CALO2","75936"
"CAMA3","58093"
"CAPA52","1642302"
"CAPE44","1020923"
"CAPE16","159688"
"CAST11","159689"
"CATE19","159690"
"CATR2","69994"
"CANO9","820904"
"CADE27","53723"
"CAAL2","51315"
"CAAM3","59446"
"CAAM4","64405"
"CAAM5","64406"
"CAAP","64407"
"CAAR44","64330"
"CAAU8","64408"
"CABR4","64410"
"CACA5","64411"
"CACL","58359"
"CACLA","64414"
"CACLC2","64413"
"CACLG","64416"
"CACLP4","58360"
"CACLR3","64417"
"CACO3","64419"
"CACO4","64420"
"CACO41","64421"
"CADU","64422"
"CAEL","64424"
"CAELE","64423"
"CAELN","64425"
"CAELO","181711"
"CAELS","64426"
"CAEU","51055"
"CAEX2","64427"
"CAFL","64430"
"CAGR","64431"
"CAGU","83061"
"CAGUG","239713"
"CAGUP","239714"
"CAHO11","159693"
"CAIN18","1621524"
"CAIN3","64432"
"CAKE","61494"
"CAKEK2","64433"
"CAKEM","64435"
"CALE3","52542"
"CALO3","75939"
"CALOL","80501"
"CALOP4","239715"
"CALU9","51077"
"CALY","62581"
"CAMA5","63311"
"CAMAM9","64439"
"CAMAM","239716"
"CAMI","60549"
"CAMO2","64440"
"CAMO3","64441"
"CANI","159695"
"CANU2","60485"
"CANU3","83078"
"CAOB","64442"
"CAPA3","75940"
"CAPAM","80502"
"CAPAP4","80503"
"CAPA45","75941"
"CAPE","75942"
"CAPL2","75943"
"CAPU2","47326"
"CARA16","64082"
"CASI7","75944"
"CASP","58361"
"CAST2","75945"
"CASU2","159696"
"CASU3","51078"
"CASY7","75946"
"CATI3","57392"
"CATO","50840"
"CAUM","51054"
"CAUM5","159697"
"CAUN","61191"
"CAVE3","53902"
"CAVE4","64083"
"CAWE","75947"
"CAWEI","80504"
"CAWEV","239717"
"CAWEW","735230"
"CAWE2","75948"
"CAAN22","83119"
"CAINI7","NaN"
"CAINW","NaN"
"CAPE15","1144618"
"CASO12","190155"
"CABA","159699"
"CAMU10","159700"
"CAOK2","159701"
"CAPA4","159702"
"CATU5","82578"
"CATUS","239718"
"CATUT","239719"
"CACA42","779258"
"CAMU11","280673"
"CALE4","1557142"
"CALEH2","181712"
"CALEL7","234731"
"CALEL8","NaN"
"CALES4","NaN"
"CANA","159703"
"CAPA5","56224"
"CAPAP6","239721"
"CAPAR3","239722"
"CAFR","61915"
"CAHO18","75949"
"CAMI53","75950"
"CAMO4","75951"
"CAMU3","56863"
"CAOP","75952"
"CAPA6","61911"
"CASP2","75953"
"CATR3","62567"
"CATRM","234737"
"CATRS","234738"
"CATRT","234739"
"CAVI","75954"
"CABR47","NaN"
"CAFL22","126485"
"CAFLF","239723"
"CAFLG","239724"
"CAOC5","63962"
"CALY2","62991"
"CAPA7","75955"
"CAWR","75956"
"CACR30","159706"
"CALA64","159707"
"CACO72","159708"
"CABE6","159709"
"CABEB2","234740"
"CABEP2","234741"
"CAHA14","159710"
"CAHAF","234742"
"CAHAF2","234743"
"CAHAH","234744"
"CAHAM","234745"
"CAHAP","234746"
"CALA38","891893"
"CASE12","130997"
"CATO12","897781"
"CATU6","159712"
"CAAF3","159713"
"CAER7","159714"
"CAPA68","159715"
"CATE25","159716"
"CAFI12","56485"
"CAFIF2","234747"
"CAFIN","234748"
"CAIN40","56486"
"CAMU21","712207"
"CAMUB2","234749"
"CAMUM2","234750"
"CANE27","712264"
"CAPE30","159717"
"CASP24","159718"
"CASU45","159719"
"CASU46","159720"
"CABU","47215"
"CABUA","57461"
"CABUO","556108"
"CAAC4","1156455"
"CAES","NaN"
"CAKR","1456180"
"CALU12","190189"
"CAMA25","NaN"
"CAPA8","159722"
"CAPE17","1231067"
"CAPO9","190192"
"CASI8","1243286"
"CATH3","190197"
"CATR12","NaN"
"CAWO5","NaN"
"CAZU","134218"
"CARI3","364577"
"CAAT9","75964"
"CAATA","234751"
"CAATB","79651"
"CACA101","159723"
"CACO35","59759"
"CACOC2","59761"
"CACOO","59760"
"CACOT","59758"
"CACOV","58881"
"CAFE11","465967"
"CALO12","75965"
"CAMA23","159725"
"CAMA24","63047"
"CAMAA","63045"
"CAMAA2","63044"
"CAMAC","63046"
"CAMAI","63043"
"CAMAM3","79652"
"CAMAT2","79653"
"CAMA38","75966"
"CAMAM4","79654"
"CAMAB3","NaN"
"CAMAM11","NaN"
"CAMAP","79655"
"CAOC6","56030"
"CAOCF","56084"
"CAOCO","56086"
"CAOCO2","NaN"
"CAOCT2","NaN"
"CAPE18","75967"
"CAPU18","61319"
"CAPUP2","58882"
"CAPUS","79656"
"CAPUS2","234769"
"CASE13","57481"
"CASEA2","234770"
"CASEA3","234771"
"CASEA4","234772"
"CASEB","79657"
"CASEE","234774"
"CASEL","60182"
"CASI10","75968"
"CASIF","234777"
"CASO2","60880"
"CASP14","159727"
"CASPP","234779"
"CASPS2","234780"
"CASPS","234781"
"CAST21","75969"
"CASU19","57012"
"CASUE","57015"
"CASUS2","57014"
"CAVA","704673"
"CAAN2","159728"
"CACU2","159729"
"CAHO12","159730"
"CALE5","62218"
"CALEL6","234784"
"CALES2","79659"
"CAQU2","62220"
"CAQUA","234786"
"CAQUB2","79660"
"CAQUI","234788"
"CAQUL2","234789"
"CAQUM","234790"
"CAQUQ","1048767"
"CAQUU2","234792"
"CAQUW","234793"
"CASC5","67793"
"CAAN14","159733"
"CAAR20","58430"
"CAAT10","159734"
"CABE7","75971"
"CABI12","68893"
"CABO7","58212"
"CABOA","747556"
"CABOB","234799"
"CABOC","234800"
"CABOD","58214"
"CABOD2","234802"
"CABOI","234803"
"CABR22","NaN"
"CABR23","58434"
"CABRA","58450"
"CABRB4","58449"
"CABRP","234806"
"CACA32","58215"
"CACA33","56780"
"CACAC8","56781"
"CACAO","79661"
"CACA34","58431"
"CACAC9","58452"
"CACAR2","58451"
"CACH12","58437"
"CACH13","159738"
"CACHC","234811"
"CACHS","234812"
"CACL4","58436"
"CACLA2","58448"
"CACLC3","58443"
"CACLC","58447"
"CACLF","58446"
"CACLI","58445"
"CACLL","234818"
"CACLP2","234819"
"CACLP3","234820"
"CACLR2","58444"
"CACLY","234822"
"CACO32","159739"
"CACO33","58940"
"CACO34","58216"
"CAEA","148066"
"CAEX10","52125"
"CAGO","159740"
"CAGR14","56795"
"CAGU4","159741"
"CAGUC","234823"
"CAHA15","159742"
"CAHE12","58432"
"CAHI12","159743"
"CAHI13","56786"
"CAIG2","58941"
"CAIN22","75972"
"CAIN23","58217"
"CAKE4","58440"
"CAKEG","79662"
"CAKEK","79663"
"CALA39","75973"
"CALE26","159744"
"CALU13","159745"
"CAME16","159746"
"CAMI22","58942"
"CAMI23","56785"
"CAMU13","159747"
"CAMU14","58435"
"CANE11","159748"
"CAOV4","159749"
"CAPA36","159750"
"CAPAH2","234826"
"CAPAP5","234827"
"CAPA37","58218"
"CAPA38","159751"
"CAPA39","58441"
"CAPT","58429"
"CAPU15","56778"
"CAPU16","58442"
"CAPY5","159752"
"CARE2","901494"
"CARO13","159753"
"CASC18","148065"
"CASCB2","234828"
"CASCM","234829"
"CASCS3","234830"
"CASCU","234831"
"CASI9","75974"
"CASIA","79664"
"CASIS2","79665"
"CASP13","159754"
"CASPH","234834"
"CASPS3","234835"
"CAST20","56779"
"CASU18","58428"
"CATA2","58427"
"CATAQ","181452"
"CATAT","181453"
"CAWA3","58433"
"CAWAT","234838"
"CAWAW2","234839"
"CAAN3","75988"
"CAAP2","127957"
"CAAU","159755"
"CACA7","60991"
"CACH","159758"
"CADI3","85337"
"CAEX3","75989"
"CAFL18","126529"
"CAGR26","58781"
"CALA7","142791"
"CAPA10","159762"
"CAPAI2","239725"
"CAPAP2","239726"
"CAPI2","159765"
"CARE3","159766"
"CARO15","159767"
"CARO2","984576"
"CASC6","75990"
"CASC7","75991"
"CASH4","75992"
"CASH3","75993"
"CAUN2","159768"
"CAWI8","75994"
"CAAM18","159769"
"CABR18","184336"
"CARA2","75995"
"CACA76","159770"
"CACH31","159771"
"CAHA33","159772"
"CAHI70","159773"
"CAPO17","1488304"
"CARA18","159775"
"CAST51","159776"
"CASTA5","239727"
"CASTP","239728"
"CASTS7","239729"
"CAFA2","NaN"
"CAFI10","NaN"
"CAMI26","276525"
"CAPA32","159777"
"CAPY4","1137167"
"CAAN9","159778"
"CACO20","137098"
"CALA28","778760"
"CAPH5","159779"
"CARE5","282563"
"CAST49","159781"
"CAAN27","159782"
"CAAR41","159783"
"CAAT16","159784"
"CAATC3","239730"
"CAAU20","159785"
"CACA77","159787"
"CAFL35","159788"
"CAFR19","159789"
"CAOE2","159792"
"CAPA69","159793"
"CAPI17","159794"
"CAPY9","159795"
"CASC70","159796"
"CASC40","159797"
"CASC29","159798"
"CASU55","159800"
"CASU56","159801"
"CATA4","159802"
"CAZY","159804"
"CASA30","159805"
"CAMO32","159806"
"CAHI14","1109946"
"CAHIS2","1109946"
"CABR21","159807"
"CACA29","159808"
"CAGA","159810"
"CAHA12","139454"
"CAKA3","159812"
"CAMO15","159813"
"CANA4","159814"
"CANI7","290225"
"CAPU14","159815"
"CARO26","131242"
"CAAU2","159816"
"CACA8","75996"
"CAWI","159817"
"CAFL11","127279"
"CAGL13","159818"
"CAJA13","705475"
"CAPE13","NaN"
"CASY5","NaN"
"CAHO3","154455"
"CAPA11","159822"
"CAAM13","NaN"
"CABA2","278840"
"CACO79","566092"
"CACY","159823"
"CAFL2","131543"
"CAHA9","950673"
"CAIN5","332562"
"CASA4","159825"
"CAZI2","1123196"
"CABI13","159826"
"CAANG","239734"
"CAAN12","NaN"
"CAIN20","204264"
"CAAN5","75998"
"CAAN11","127680"
"CABE","75999"
"CABEB","239735"
"CABEP","181454"
"CABR6","76000"
"CABRB","239736"
"CABRL","239737"
"CABRO","239738"
"CABU3","159830"
"CACA39","49651"
"CACAC3","49654"
"CACAC15","49653"
"CACAC16","49656"
"CACAI3","49657"
"CACAS4","49655"
"CACA35","1627593"
"CACL2","159831"
"CACO26","60438"
"CACO27","159832"
"CACO6","76001"
"CACOC","239739"
"CACOI","239740"
"CACOL4","NaN"
"CADI9","159834"
"CADI10","118512"
"CADI28","129623"
"CADO","125902"
"CAFL13","159835"
"CAFLF6","NaN"
"CAFLH","NaN"
"CALO11","159837"
"CAMA7","159839"
"CAMAT","239741"
"CAMA36","116347"
"CAMI19","159840"
"CAMI3","159841"
"CAMIB","234849"
"CAMIM7","234850"
"CANU17","76002"
"CANUC","239742"
"CANUD","239743"
"CANUG","181455"
"CANUN2","239744"
"CAOC","76003"
"CAOL","52981"
"CAOLK","239745"
"CAOLO","53008"
"CAPA79","76004"
"CAPAD2","181456"
"CAPAP10","239746"
"CAPA12","135230"
"CAPAA2","239747"
"CAPA13","159842"
"CAPE2","159843"
"CAPE3","76005"
"CAPR3","54531"
"CAPRA","239748"
"CAPRP","1503638"
"CAPU5","159844"
"CARE6","159845"
"CARO3","159846"
"CARU2","159847"
"CAPE47","NaN"
"CARA3","60988"
"CACO31","159850"
"CADI15","159851"
"CAHA13","62944"
"CAMI21","159853"
"CAAB7","1464586"
"CAAE3","NaN"
"CAAR48","NaN"
"CACA22","NaN"
"CACA43","NaN"
"CACL10","NaN"
"CACO42","NaN"
"CACR20","NaN"
"CADE13","NaN"
"CADU14","NaN"
"CAEX12","NaN"
"CAFI7","NaN"
"CAFL21","NaN"
"CAFU16","885512"
"CAGR40","NaN"
"CAHA28","NaN"
"CAHE20","NaN"
"CAKE5","NaN"
"CAKN","NaN"
"CAKY","NaN"
"CALA53","NaN"
"CALI30","NaN"
"CALI16","NaN"
"CAMA62","1464587"
"CAME27","NaN"
"CAMI51","NaN"
"CANE24","NaN"
"CANE26","NaN"
"CANE13","NaN"
"CANE15","NaN"
"CAOL4","NaN"
"CAON","NaN"
"CAPA49","NaN"
"CAPA48","NaN"
"CAPA60","NaN"
"CAPE22","NaN"
"CAPH3","NaN"
"CAPI11","NaN"
"CAPS4","NaN"
"CAQU4","NaN"
"CAQU5","NaN"
"CARE7","NaN"
"CARO28","NaN"
"CASA19","NaN"
"CASC42","NaN"
"CASP18","NaN"
"CAST55","NaN"
"CASU14","NaN"
"CASU69","NaN"
"CASU71","NaN"
"CASU72","NaN"
"CASU37","NaN"
"CASU15","NaN"
"CASU16","NaN"
"CATR11","1125309"
"CAXA5","NaN"
"CAAB18","159855"
"CAAB2","76008"
"CAAB5","159856"
"CAAC20","159857"
"CAAD","159859"
"CAAD2","159860"
"CAAE2","159861"
"CAAG2","159862"
"CAAG","159863"
"CAAL3","159864"
"CAAL25","127327"
"CAALA","1020997"
"CAALA2","239750"
"CAALE","239751"
"CAAL5","159865"
"CAAL6","76009"
"CAAL11","159866"
"CAAL12","159867"
"CAAL7","76010"
"CAAL8","159868"
"CAAM8","129024"
"CAAM9","159869"
"CAAM10","76011"
"CAAN15","76012"
"CAAN6","130459"
"CAAN10","159871"
"CAAP3","159872"
"CAAP5","159873"
"CAAQ","76013"
"CAAQA","80510"
"CAAQD","80511"
"CAAQS","239752"
"CAAR13","141167"
"CAAR2","76014"
"CAAR3","152949"
"CAAR14","159874"
"CAAR16","1459726"
"CAAR4","143410"
"CAAR5","159876"
"CAAS2","159877"
"CAAT2","76015"
"CAAT3","76016"
"CAAT4","159878"
"CAATA2","234856"
"CAATC","1030841"
"CAAT6","159879"
"CAAT7","159880"
"CAATA3","239753"
"CAATM","239754"
"CAAT8","159881"
"CAAU3","76017"
"CAAU4","130894"
"CAAU6","159882"
"CAAU7","159883"
"CAAU24","355854"
"CABA3","159884"
"CABA7","136606"
"CABA8","159885"
"CABA4","59045"
"CABA9","159886"
"CABA24","159887"
"CABE2","116348"
"CABE3","159888"
"CABI3","159889"
"CABI4","159890"
"CABI5","127596"
"CABI22","1499350"
"CABI9","159891"
"CABL","152950"
"CABO2","76018"
"CABO3","159893"
"CABR7","76019"
"CABR8","494319"
"CABR10","159896"
"CABR12","76020"
"CABR14","127504"
"CABRB6","234858"
"CABRM2","234859"
"CABR15","152951"
"CABRB3","234861"
"CABRP2","234862"
"CABRS","234863"
"CABR44","159899"
"CABU4","159900"
"CABU7","159901"
"CABU5","129633"
"CABU6","76021"
"CACA24","159902"
"CACA9","76022"
"CACA11","76023"
"CACAC6","1009328"
"CACAD2","234865"
"CACA12","159903"
"CACA13","1459645"
"CACAA2","181714"
"CACAC7","181715"
"CACA14","159904"
"CACA15","159905"
"CACA16","159907"
"CACE2","159908"
"CACE","133037"
"CACH9","159909"
"CACH3","135269"
"CACH4","159910"
"CACH5","159911"
"CACI5","159912"
"CACO21","159913"
"CACO7","159914"
"CACOA2","239757"
"CACOC4","239758"
"CACO8","76025"
"CACO9","159915"
"CACO10","1460907"
"CACO11","76026"
"CACO12","76027"
"CACO13","141081"
"CACO14","141169"
"CACO80","159917"
"CACO81","159918"
"CACO22","159919"
"CACR3","159920"
"CACR4","159921"
"CACR5","159922"
"CACR6","1505129"
"CACRB","239759"
"CACRC2","239760"
"CACRP","239761"
"CACR7","159923"
"CACR8","159924"
"CACR9","159925"
"CACU26","159926"
"CACU3","159927"
"CACU4","159928"
"CACU5","76028"
"CACY2","704674"
"CADA3","159929"
"CADA","159930"
"CADA2","76029"
"CADE5","127287"
"CADED","239762"
"CADEI","239763"
"CADEI2","239764"
"CADEP","239765"
"CADER","1021147"
"CADES","239767"
"CADE6","159931"
"CADE7","76030"
"CADE8","61177"
"CADE9","143684"
"CADEC","239768"
"CADED4","239769"
"CADI4","1459745"
"CADI5","141170"
"CADID2","239771"
"CADIF","1250294"
"CADIM","239772"
"CADI6","76032"
"CADO2","1459720"
"CADU2","159937"
"CADU6","76034"
"CAEB","159939"
"CAEB2","116342"
"CAEC","76035"
"CAECE","627863"
"CAECP","79676"
"CAED5","159940"
"CAEG","159941"
"CAEL4","159942"
"CAEL9","885514"
"CAEL3","159944"
"CAEM2","159945"
"CAEN3","159946"
"CAEX7","159947"
"CAEX4","159948"
"CAEX5","76036"
"CAFE3","159950"
"CAFE4","76037"
"CAFI","76038"
"CAFI5","141172"
"CAFIA","239773"
"CAFIF","1112895"
"CAFI2","76039"
"CAFL3","159952"
"CAFL4","1264456"
"CAFL5","159953"
"CAFO6","159954"
"CAFO4","159955"
"CAFR2","76040"
"CAFR3","1546183"
"CAGA3","159956"
"CAGE","159957"
"CAGE2","76041"
"CAGH","159958"
"CAGI4","159959"
"CAGL3","159960"
"CAGL4","159961"
"CAGLG","234872"
"CAGLA","NaN"
"CAGLG3","NaN"
"CAGLP","234873"
"CAGL5","159962"
"CAGL6","204269"
"CAGL7","61176"
"CAGM","159963"
"CAGO3","159964"
"CAGR8","159965"
"CAGR9","76042"
"CAGR2","129286"
"CAGR3","152952"
"CAGR4","159966"
"CAGRG2","239780"
"CAGRL","239781"
"CAGR5","128078"
"CAGR6","NaN"
"CAGR24","159967"
"CAGY4","143656"
"CAGY2","159968"
"CAGY3","76043"
"CAGY","NaN"
"CAHA2","76044"
"CAHA3","159969"
"CAHA4","61001"
"CAHA5","76045"
"CAHA6","76046"
"CAHA7","159970"
"CAHE4","159971"
"CAHEH2","234874"
"CAHEN","234875"
"CAHE6","76047"
"CAHE7","76048"
"CAHE8","76049"
"CAHEB","239782"
"CAHEC","239783"
"CAHEE","239784"
"CAHEH3","239785"
"CAHI6","159972"
"CAHI5","159974"
"CAHI7","76050"
"CAHI8","159975"
"CAHO4","159976"
"CAHO5","76051"
"CAHO7","159977"
"CAHO8","159978"
"CAHO13","885513"
"CAHO9","159980"
"CAHY2","159981"
"CAHY3","159982"
"CAHY4","60750"
"CAID","76052"
"CAIL","76053"
"CAIM2","159983"
"CAIN8","76054"
"CAIND","239786"
"CAINI2","239787"
"CAIN26","1460323"
"CAIN7","76055"
"CAIN9","76056"
"CAINH2","234876"
"CAINI3","79677"
"CAIN10","76057"
"CAIN11","76058"
"CAIN17","159984"
"CAIN12","1547467"
"CAJA2","129637"
"CAJO","76060"
"CAJO2","159986"
"CAJU2","159987"
"CAKA2","159988"
"CAKL","76061"
"CAKR5","159990"
"CAKR2","159991"
"CALA10","141173"
"CALA16","82309"
"CALA12","159992"
"CALA13","76062"
"CALA14","159993"
"CALA15","159994"
"CALA11","76063"
"CALAA","154157"
"CALA31","159995"
"CALA76","633502"
"CALA17","159996"
"CALA18","159997"
"CALAC","239788"
"CALAL4","239789"
"CALA19","121270"
"CALAL5","121269"
"CALAS","239790"
"CALE6","76064"
"CALE7","76065"
"CALE8","76066"
"CALED","239791"
"CALEI","80515"
"CALEL","239792"
"CALEL2","80516"
"CALEL3","80517"
"CALE9","76068"
"CALE10","1459656"
"CALEH","234880"
"CALEL4","234881"
"CALEP2","234882"
"CALE11","159998"
"CALE24","76070"
"CALE12","159999"
"CALI7","76071"
"CALI","76072"
"CALIR","239793"
"CALO4","143521"
"CALO9","160000"
"CALO5","76073"
"CALO6","141174"
"CALU17","160001"
"CALUA2","239795"
"CALUL","239796"
"CALU2","160002"
"CALU3","160003"
"CALU4","1546185"
"CALU5","82310"
"CALU26","160004"
"CALU6","76074"
"CALU7","1460853"
"CALUA","239797"
"CALUA3","239798"
"CALUL2","239799"
"CALY3","76076"
"CAMA8","141175"
"CAMA9","160005"
"CAMA10","160006"
"CAMAB2","239800"
"CAMAM6","239801"
"CAMA11","1460766"
"CAMA12","143532"
"CAMAI2","199300"
"CAMA33","160008"
"CAMA34","160009"
"CAMAM16","234885"
"CAMA13","76077"
"CAMA14","160010"
"CAMC","160011"
"CAME2","129617"
"CAME10","160012"
"CAME4","160013"
"CAME5","61813"
"CAME12","160014"
"CAME6","76078"
"CAME13","160015"
"CAME14","160016"
"CAMI15","152954"
"CAMI4","160017"
"CAMIM","234887"
"CAMIN","234888"
"CAMI5","160018"
"CAMI6","160019"
"CAMI7","76079"
"CAMI8","160020"
"CAMI10","160021"
"CAMI17","160023"
"CAMI50","160024"
"CAMI18","160025"
"CAMO11","160026"
"CAMO35","160027"
"CAMO12","160029"
"CAMU4","160030"
"CAMUE","209195"
"CAMUM","209196"
"CAMU5","76080"
"CAMU6","69929"
"CAMU8","160032"
"CAMU9","160033"
"CANA2","160034"
"CANAH","239804"
"CANE2","1460657"
"CANE3","160035"
"CANE5","76082"
"CANE6","76083"
"CANI5","160036"
"CANI2","76084"
"CANI3","160037"
"CANO","160038"
"CANO2","160039"
"CANOI","181716"
"CANON2","234892"
"CANOS","234893"
"CANO3","160040"
"CANO4","160041"
"CANU5","76085"
"CAOB2","76086"
"CAOB3","61000"
"CAOB4","160042"
"CAOC2","76087"
"CAOK","160043"
"CAOL2","160044"
"CAOL3","160045"
"CAOLO3","239806"
"CAON2","160046"
"CAOP5","633072"
"CAOR","160047"
"CAOR23","905468"
"CAOR5","160048"
"CAOR6","160049"
"CAOU","160050"
"CAOV8","160051"
"CAOX","160052"
"CAOXO","239807"
"CAOXP","239808"
"CAOZ2","160053"
"CAPA14","76089"
"CAPA27","160054"
"CAPA29","117735"
"CAPA17","1460841"
"CAPA30","160056"
"CAPA16","76090"
"CAPA18","141176"
"CAPAB","239809"
"CAPAP3","239810"
"CAPA19","1459638"
"CAPA31","160057"
"CAPE11","160058"
"CAPE4","160059"
"CAPE42","76091"
"CAPE5","160060"
"CAPE6","127326"
"CAPE40","519431"
"CAPE12","160061"
"CAPE7","76092"
"CAPE8","160062"
"CAPEM","866389"
"CAPEP","957438"
"CAPH2","76093"
"CAPI5","160063"
"CAPI21","160064"
"CAPI6","160065"
"CAPI7","160066"
"CAPL18","160067"
"CAPL3","160068"
"CAPL4","121268"
"CAPL8","160069"
"CAPL5","129491"
"CAPL6","160070"
"CAPO","160071"
"CAPO4","160072"
"CAPO5","274120"
"CAPR22","76094"
"CAPR5","60255"
"CAPR6","160073"
"CAPR12","160074"
"CAPR7","76095"
"CAPR8","76096"
"CAPR9","160075"
"CAPR10","76097"
"CAPS","280865"
"CAPU12","160077"
"CAPY3","160078"
"CAPYM","234894"
"CAPYP","181717"
"CARA20","160079"
"CARA8","129696"
"CARA4","160080"
"CARA5","160081"
"CARAR2","239812"
"CARA9","160082"
"CARA6","76098"
"CARE14","160083"
"CARE17","160084"
"CARE9","160085"
"CARE4","152962"
"CARE18","160086"
"CARI","160087"
"CARO10","160088"
"CARO22","1459717"
"CARO5","76099"
"CARO6","152956"
"CARO7","160089"
"CARU11","160090"
"CARU3","160091"
"CARUD","239815"
"CARUR","239816"
"CARU6","160092"
"CASA5","160093"
"CASA15","160094"
"CASA6","76100"
"CASA7","1460839"
"CASA8","160095"
"CASAS5","239819"
"CASAS6","239820"
"CASA10","160096"
"CASA9","160097"
"CASC13","160098"
"CASC14","76102"
"CASC8","59046"
"CASC9","160100"
"CASC10","76103"
"CASCC5","234896"
"CASCP3","79678"
"CASCS8","234898"
"CASCS9","234899"
"CASC11","76104"
"CASCS","80518"
"CASCT","239821"
"CASC12","76105"
"CASCB","80519"
"CASCP","239822"
"CASCS2","239823"
"CASE","76106"
"CASE6","160101"
"CASE33","76107"
"CASE2","59050"
"CASH","76108"
"CASH8","160102"
"CASH2","160103"
"CASI12","160104"
"CASI6","160105"
"CASI2","76109"
"CASO","143756"
"CASP3","128243"
"CASP35","NaN"
"CASP4","76110"
"CASP5","76111"
"CASP6","76112"
"CASP7","160108"
"CASQ2","128530"
"CAST4","160109"
"CAST16","160110"
"CAST5","76114"
"CASTM","239824"
"CASTS3","80520"
"CAST6","160111"
"CAST7","76115"
"CAST41","160112"
"CASTB","239825"
"CASTS4","239826"
"CAST17","160113"
"CAST8","82313"
"CAST9","160114"
"CAST10","160115"
"CASU4","64315"
"CASU5","160116"
"CASU6","76116"
"CASU7","76117"
"CASU8","160117"
"CASU67","160118"
"CASU9","160119"
"CASUS3","239827"
"CASW","84998"
"CASY","160120"
"CATA","76118"
"CATE12","160121"
"CATE3","160122"
"CATE4","160123"
"CATE5","143522"
"CATE6","129618"
"CATE29","461738"
"CATE7","76119"
"CATH5","160125"
"CATH6","160126"
"CATH","160127"
"CATI6","160128"
"CATI2","160129"
"CATI5","76120"
"CATO9","76121"
"CATO10","128806"
"CATOR","239829"
"CATOT","239830"
"CATO3","160130"
"CATO4","160131"
"CATR6","129093"
"CATR7","130895"
"CATRS2","239831"
"CATRT2","239832"
"CATR8","154309"
"CATR9","76122"
"CATR10","130808"
"CATRT3","239834"
"CATU2","143895"
"CATU3","64183"
"CATU17","290648"
"CATU4","160132"
"CATY","48684"
"CAUL","160133"
"CAUM4","160134"
"CAUN3","76123"
"CAUR","160135"
"CAUT","76124"
"CAVA15","160136"
"CAVA2","160137"
"CAVA3","76125"
"CAVAR","239835"
"CAVAV","239836"
"CAVE7","160138"
"CAVEM","239837"
"CAVEV","239838"
"CAVE5","76126"
"CAVE8","160139"
"CAVE6","76127"
"CAVE9","129635"
"CAVE10","160140"
"CAVI3","160141"
"CAVI4","132614"
"CAVI30","520532"
"CAVI5","76128"
"CAVIB","234900"
"CAVIE","NaN"
"CAVIO","861415"
"CAVIV","79679"
"CAVU2","68052"
"CAVUP2","239848"
"CAVUV","239849"
"CAWA","160142"
"CAWAH","234903"
"CAWAR2","234904"
"CAWAW","234905"
"CAWH","76129"
"CAWI7","160143"
"CAWI2","160144"
"CAWI3","160145"
"CAWO2","160146"
"CAWO","160147"
"CAXE","48559"
"CAXE2","704675"
"CAAR7","76130"
"CALI2","160148"
"CAME18","160149"
"CAPA42","160150"
"CAPA51","160151"
"CASE3","160152"
"CATE15","160153"
"CATO13","160154"
"CAMU27","76131"
"CATE8","160155"
"CAGI10","54449"
"CACA17","61164"
"CABE4","123820"
"CACA59","160156"
"CACO37","154550"
"CAOD3","160157"
"CAPA53","160158"
"CAPS5","160159"
"CATO5","160160"
"CABI6","160161"
"CACA18","54768"
"CACAC2","200045"
"CACAV","234908"
"CABR16","NaN"
"CACO24","NaN"
"CADE10","NaN"
"CADU3","NaN"
"CALA34","NaN"
"CALE13","NaN"
"CALU8","1497979"
"CANU8","NaN"
"CASC16","NaN"
"CAAQ2","160163"
"CACA38","160164"
"CACO15","54787"
"CAFL6","160165"
"CAGL8","900542"
"CAIL2","67593"
"CALA21","54790"
"CAMY","160166"
"CAOV3","900539"
"CAOV2","54791"
"CAPA24","160168"
"CATE9","122248"
"CATO6","84305"
"CACL3","160170"
"CAAC3","284994"
"CAAR8","83162"
"CADE11","83031"
"CAGU2","285953"
"CAHI15","1143812"
"CASY2","273870"
"CAGR11","874312"
"CAXY","867553"
"CALY4","126551"
"CALYC6","126552"
"CALYL2","239853"
"CAME7","60530"
"CAMEG","153360"
"CAMEM","126554"
"CATE11","153373"
"CATES2","239854"
"CATET","239855"
"CAGU3","286058"
"CAFI4","160172"
"CANE7","NaN"
"CADE12","49186"
"CAPU9","84363"
"CAPUO","239856"
"CAPUP3","239857"
"CAEM4","76137"
"CAER3","160174"
"CAERE2","234915"
"CAERT","234916"
"CAPO11","NaN"
"CAAF","50042"
"CAAFA2","50043"
"CAAFL2","50044"
"CAAFN2","61232"
"CAAM32","60738"
"CAAMA3","61110"
"CAAMH","79680"
"CAAMI2","79681"
"CAAMM","704677"
"CAAN7","160175"
"CAANA3","239858"
"CAAND","468851"
"CAANF","239859"
"CAAN8","160176"
"CAAP4","70395"
"CAAPA2","127664"
"CAAPD","79682"
"CAAPM","59331"
"CAAPP3","79683"
"CAAPP4","79684"
"CAAQ4","160177"
"CAAR11","60484"
"CAAT25","49341"
"CAAU5","160178"
"CABR37","58326"
"CACA79","60242"
"CACAC14","79685"
"CACAS5","79686"
"CACA20","160179"
"CACAA","239860"
"CACAC11","239861"
"CACE4","69425"
"CACH40","160180"
"CACH15","160181"
"CACH19","160182"
"CACH8","160183"
"CACH16","160184"
"CACI6","76140"
"CACO17","49342"
"CACO36","160185"
"CACR13","160186"
"CACR14","160187"
"CACU7","160188"
"CADE29","55508"
"CADED3","61233"
"CADEG","79687"
"CADEO","79688"
"CADI20","160189"
"CAEL6","160190"
"CAEL7","147018"
"CAEX14","49343"
"CAEXE","59012"
"CAEXL","61109"
"CAEXV","79689"
"CAFL7","160191"
"CAFLF3","239862"
"CAFLR","239863"
"CAFO2","56760"
"CAFR8","160192"
"CAFU","160193"
"CAGE6","160194"
"CAGL10","160195"
"CAGR21","76142"
"CAHA16","160196"
"CAHI9","128204"
"CAHIA2","234936"
"CAHIB","234937"
"CAHIH2","234938"
"CAHY5","160197"
"CAHY6","160198"
"CAIN13","123956"
"CAIN14","160199"
"CAING","239864"
"CAINI5","239865"
"CAKA6","160200"
"CAKE7","713499"
"CAKR4","67782"
"CALA68","76144"
"CALA24","160201"
"CALAH","234939"
"CALAL11","234940"
"CALA69","76145"
"CALA26","57267"
"CALE18","60533"
"CALE27","128077"
"CALI4","76146"
"CALI20","160202"
"CALI5","160203"
"CALU14","160204"
"CAME21","76147"
"CAME17","160205"
"CAMI12","76148"
"CAMID2","234941"
"CAMIE","79690"
"CAMIM5","79691"
"CAMI13","76149"
"CAMIM6","1041277"
"CAMIS3","1041280"
"CAMO8","76150"
"CAMO20","76151"
"CANA3","60514"
"CANE18","160206"
"CANI8","160207"
"CAOC4","117497"
"CAOR4","160208"
"CAOR7","160209"
"CAOR21","160210"
"CAPA25","160211"
"CAPAI","239866"
"CAPAP7","239867"
"CAPA26","117498"
"CAPAA3","154246"
"CAPAO2","154247"
"CAPAO","143869"
"CAPAP8","154248"
"CAPA46","160212"
"CAPA41","160213"
"CAPE19","160214"
"CAPI3","76153"
"CAPIL","239868"
"CAPIP","239869"
"CAPIS","239870"
"CAPL7","58328"
"CAPR11","76154"
"CAPR14","76155"
"CAPU19","160215"
"CAPU10","160216"
"CAPU11","49344"
"CAPUC","239871"
"CAPUL","239872"
"CAPUP5","239873"
"CARA7","160217"
"CARE10","160218"
"CARH4","117513"
"CARI12","160219"
"CARU20","60480"
"CARUL","57269"
"CARUR2","79694"
"CARU8","160220"
"CARU9","146931"
"CASA20","160221"
"CASC19","119119"
"CASCB3","239874"
"CASCS4","239875"
"CASC20","76156"
"CASE4","160222"
"CASE5","160223"
"CASU10","53915"
"CASUF2","53916"
"CASUS7","53917"
"CASU11","160224"
"CASU12","160225"
"CATE14","143148"
"CATE26","76157"
"CATH4","143421"
"CATO2","1239633"
"CAUN4","160226"
"CAVI6","160227"
"CAVI9","160228"
"CAWA4","1641575"
"CAWO4","160230"
"CAXA","160231"
"CAYU","160232"
"CAAQ3","61425"
"CAAQA6","239876"
"CABI8","774970"
"CASP8","76158"
"CAME19","739426"
"CAPA43","160236"
"CAER2","160237"
"CABE5","160238"
"CAFL10","160239"
"CANI6","283396"
"CANU7","160240"
"CASE7","283398"
"CANI15","160241"
"CALE44","160243"
"CAAM11","76159"
"CAAMA","239878"
"CAAMB","635190"
"CAAN25","59832"
"CABA11","160244"
"CACO18","76160"
"CACO38","58071"
"CACR11","61994"
"CACRC","239879"
"CACRG","239880"
"CAGL12","76162"
"CAHA8","76163"
"CAHE11","76164"
"CAIN15","57853"
"CALE25","71133"
"CAMA17","61993"
"CAMAM14","239883"
"CAMAN","181458"
"CAPI4","76166"
"CASI5","76167"
"CAGI6","127920"
"CATH2","84330"
"CAJA5","157005"
"CAAM15","160245"
"CAQU3","160246"
"CARA10","283024"
"CAJAJ","1059122"
"CAPA50","1064536"
"CATR29","160248"
"CEAR2","319898"
"CEBA","NaN"
"CEFL4","NaN"
"CELO","NaN"
"CELO2","NaN"
"CEME3","NaN"
"CEOT","558282"
"CERU","NaN"
"CESE","NaN"
"CEVA","NaN"
"CEVE4","NaN"
"CEAM","129315"
"CEAR","76168"
"CECO6","76170"
"CECO2","160249"
"CECO","62228"
"CECR","76171"
"CECU","49673"
"CECUC3","49672"
"CECUF2","80523"
"CECUR2","239884"
"CECY","76172"
"CEDE","76173"
"CEDI","68172"
"CEDI2","76174"
"CEFE","118571"
"CEFE2","76175"
"CEFO","64077"
"CEFOF3","64033"
"CEFOM","80525"
"CEFOV","80526"
"CEFR","76176"
"CEGL","76177"
"CEGLE","80527"
"CEGLG3","80528"
"CEGLP","80529"
"CEGR","119976"
"CEGRF","239885"
"CEGRG2","318212"
"CEGRP","318213"
"CEGRV","234969"
"CEGR2","160250"
"CEHE2","76178"
"CEHE","128036"
"CEIM","76179"
"CEIMI","80530"
"CEIMN","80531"
"CEIN","76180"
"CEIN3","62227"
"CEJE","63003"
"CEJEA","123905"
"CEJEJ2","83174"
"CELE","76181"
"CELE2","76182"
"CEMA","76183"
"CEMA2","160251"
"CEMA3","76184"
"CEME","76185"
"CEMEI2","80534"
"CEMEM2","80535"
"CEMI4","160252"
"CEOL","53360"
"CEOP","76186"
"CEPA","76188"
"CEPA2","64281"
"CEPAP3","64267"
"CEPAR","234973"
"CEPA3","64588"
"CEPA4","76189"
"CEPI","76191"
"CEPR","76192"
"CEPU","76193"
"CEPU2","76194"
"CERO4","76196"
"CESA","76197"
"CESE5","160253"
"CESO","76198"
"CESO2","160254"
"CESP","64126"
"CETH","56617"
"CETO","76199"
"CEVE","902037"
"CEVEH2","64034"
"CEVEV4","64045"
"CEVE2","76200"
"CESC9","133669"
"CEOD","62833"
"CEPE2","62809"
"CESC","64538"
"CENI","160261"
"CEPA5","160262"
"CEVI4","286691"
"CEEH","349226"
"CEIG","160264"
"CELA","81792"
"CELAB","239886"
"CELAL","128812"
"CELAR","239887"
"CELAS3","1455255"
"CELAT8","128813"
"CELI","851546"
"CEOC","54857"
"CEPA23","NaN"
"CEPA6","370005"
"CEPU10","1498548"
"CETE","54859"
"CETR3","286473"
"CEAG","160267"
"CEAGA","239891"
"CEAGL","239892"
"CEBR","160268"
"CEEC","76205"
"CEGR3","160269"
"CELO3","76206"
"CEMY","160270"
"CESP4","76207"
"CETR","160272"
"CEAM2","127482"
"CERO","155370"
"CETR6","160280"
"CEAR12","160283"
"CEBE","160284"
"CECA3","160286"
"CEDA","160287"
"CEEX","160288"
"CEGL6","NaN"
"CEMA19","704948"
"CEMU2","160289"
"CEMU5","277400"
"CENA2","NaN"
"CENU","160291"
"CEQU","277401"
"CESE6","160292"
"CETE2","132238"
"CETR2","119050"
"CEVE3","160293"
"CEVEA","234978"
"CEVEV","234979"
"CEER2","160295"
"CELA9","346870"
"CEPA21","58809"
"CEPAA","58810"
"CEPAC","58808"
"CEPAP4","79699"
"CEPAR4","79700"
"CEPU14","64209"
"CEPUL","79701"
"CEPUM","NaN"
"CEPUP6","64196"
"CEPUS2","64197"
"CEAR5","160298"
"CEMO5","321915"
"CEPL","779257"
"CEVI2","127681"
"CETH3","877972"
"CEAU","50706"
"CEOC2","52763"
"CESA3","160300"
"CEAF2","160304"
"CEBI4","56489"
"CEBIA","234980"
"CEBIB","234981"
"CEBIL","130561"
"CEBIO","234983"
"CECA15","160305"
"CECO7","56492"
"CECOB","239895"
"CECOC2","239896"
"CECOC","239897"
"CELA6","160306"
"CELE6","160307"
"CELO4","160308"
"CELU","56493"
"CEMA14","160309"
"CEMA15","160310"
"CEMAA","234984"
"CEMAM","234985"
"CEPA19","NaN"
"CEPL3","56494"
"CEPLC","239898"
"CEPLP","239899"
"CEPLS","239900"
"CEAR15","160311"
"CEARA5","239902"
"CEAR14","1416494"
"CEAS4","1529003"
"CEBI6","160312"
"CEBR9","160313"
"CEDE16","160314"
"CEDI11","56495"
"CEDID2","239903"
"CEDIP2","NaN"
"CEDIS","239904"
"CEEL2","160315"
"CEEL3","1416495"
"CEGR12","160317"
"CEGRA3","239905"
"CEGRG3","239906"
"CEHA4","56498"
"CEHY2","160318"
"CEIN13","160319"
"CEMA21","NaN"
"CEMA22","160320"
"CEMI10","160321"
"CEOB3","160322"
"CEPA20","160323"
"CEPH2","160324"
"CERA3","160325"
"CERU4","56499"
"CERUA","239907"
"CERUR2","239910"
"CERUB","NaN"
"CERUE","NaN"
"CERUP","NaN"
"CERUR","NaN"
"CERUS","NaN"
"CESP5","160326"
"CESP6","56500"
"CEST7","56501"
"CETU4","56502"
"CEUN4","160328"
"CEUNB","NaN"
"CEUNS","239912"
"CEUNU","239913"
"CEAL","160329"
"CEAL12","144185"
"CEALA","234986"
"CEALL","234987"
"CEAR16","1596544"
"CEAR4","50851"
"CEARF","50848"
"CEARM","50852"
"CEARS2","50847"
"CEARV2","50846"
"CEARV3","NaN"
"CEARV4","NaN"
"CEAX","160330"
"CEBE2","901746"
"CEBEB2","234993"
"CEBEB4","NaN"
"CEBEG3","NaN"
"CEBEE","234994"
"CEBI7","781098"
"CEBR3","160333"
"CECE","453085"
"CEFA2","775717"
"CEFI","160336"
"CEGO","NaN"
"CEMA5","160339"
"CENU2","901194"
"CENUN","1557525"
"CENUO","239920"
"CERE4","160342"
"CESO4","160345"
"CETE10","1503004"
"CETE3","160346"
"CEER3","131247"
"CEPU12","123117"
"CEPUP4","318160"
"CEPUR","239922"
"CEST5","160349"
"CECU5","160351"
"CELA11","160352"
"CERU3","160353"
"CEDE4","60997"
"CEEC2","160354"
"CEMU3","160355"
"CEMUA","234999"
"CEPT","137945"
"CERI2","160356"
"CETH2","160357"
"CEFL2","516210"
"CEMA20","336787"
"CECA4","901793"
"CECAC","48501"
"CECAM","559570"
"CECAT","48500"
"CEOR9","59557"
"CEIN7","149005"
"CELE3","76221"
"CELEI","239924"
"CELEL","80543"
"CEMO2","52378"
"CEMOA","52370"
"CEMOB","63978"
"CEMOG","63975"
"CEMOM2","63979"
"CEMOM","208212"
"CEMOM4","239925"
"CEMOP","239926"
"CETR4","76223"
"CETA2","190475"
"CEAL3","290665"
"CELA2","768909"
"CESA4","636415"
"CESI","160364"
"CHAL","76227"
"CHAR","76228"
"CHCA","76229"
"CHCAC","80544"
"CHCAP2","80545"
"CHCU","160365"
"CHDO","62682"
"CHDOA2","80546"
"CHDOD","80547"
"CHEV","160366"
"CHFR","50198"
"CHGL","57923"
"CHGLG2","57924"
"CHGLH","80548"
"CHGLL2","548023"
"CHGLM","80549"
"CHGLO","80550"
"CHMA","76230"
"CHNE","62683"
"CHNE6","160368"
"CHPA","76231"
"CHSA","76232"
"CHST","57880"
"CHSU","76233"
"CHTH","144057"
"CHXA","57925"
"CHPR","128039"
"CHPRP","239928"
"CHPRS","239929"
"CHTA","160370"
"CHTAD","239930"
"CHTAT","202334"
"CHWH","76234"
"CHAS","160371"
"CHASA","1477370"
"CHASG","239932"
"CHBE2","160372"
"CHBE3","160373"
"CHEF","160374"
"CHER2","76235"
"CHHE","160375"
"CHIM","160376"
"CHPA2","160377"
"CHAU2","56572"
"CHFO","56573"
"CHMI2","76236"
"CHSC","148105"
"CHSCP","239933"
"CHSCS","239934"
"CHCA26","160378"
"CHCH3","160379"
"CHCHC","239936"
"CHDE9","160380"
"CHDI6","290006"
"CHFA2","127907"
"CHFAF","239937"
"CHFAM2","239938"
"CHFL4","84194"
"CHFLT","239939"
"CHGL6","139356"
"CHGLG3","1553317"
"CHGLM2","739427"
"CHGLS","1302182"
"CHGR18","160381"
"CHLI5","139357"
"CHLIB","560020"
"CHLIK","778761"
"CHNI2","131568"
"CHNIN","235040"
"CHNIA","NaN"
"CHNID","NaN"
"CHNIL","NaN"
"CHNIN2","NaN"
"CHNIP","960079"
"CHNIG","NaN"
"CHNIP2","NaN"
"CHPO8","1118186"
"CHRO3","84195"
"CHSE9","160383"
"CHSES2","239943"
"CHSEW","239944"
"CHLA","76237"
"CHTH2","69756"
"CHCA2","132767"
"CHLU","122251"
"CHER","160387"
"CHERN","235042"
"CHCO","160388"
"CHCO2","76239"
"CHCR2","160389"
"CHED","160390"
"CHPA16","160391"
"CHSO","160392"
"CHVI9","160393"
"CHKE","NaN"
"CHAB2","76241"
"CHAC2","160394"
"CHAD","160395"
"CHADP","235043"
"CHAL11","56728"
"CHAN5","160396"
"CHAR18","76242"
"CHAR17","160397"
"CHAR8","NaN"
"CHAS2","160398"
"CHAT3","192785"
"CHAT2","160399"
"CHBE6","160400"
"CHBI","NaN"
"CHBL2","160401"
"CHBO7","160402"
"CHCA29","160403"
"CHCA30","122615"
"CHCE","160404"
"CHCEA","239945"
"CHCEC","239946"
"CHCEH","239947"
"CHCEK","239948"
"CHCEL","239949"
"CHCEL2","239950"
"CHCES","239951"
"CHCET","239952"
"CHCH5","160405"
"CHCHC3","239953"
"CHCHT","239954"
"CHCH16","NaN"
"CHCI2","160406"
"CHCL3","160407"
"CHCO10","160408"
"CHCO11","160409"
"CHCO8","NaN"
"CHCU4","160410"
"CHDE6","160411"
"CHDE7","160412"
"CHDEA2","235044"
"CHDED","235045"
"CHDEP","235046"
"CHDES","235047"
"CHDE8","160413"
"CHDI5","160414"
"CHEL7","160415"
"CHFE3","76243"
"CHFL3","160416"
"CHGA3","160417"
"CHGE2","160418"
"CHGEG","239955"
"CHGEW","239956"
"CHGL13","76244"
"CHGO3","160419"
"CHGR17","160420"
"CHHA2","160421"
"CHHE3","160422"
"CHHI3","160423"
"CHHO3","76245"
"CHHU3","160424"
"CHHY2","160425"
"CHHY3","160426"
"CHJE","160427"
"CHKU","160428"
"CHLA8","160429"
"CHLA9","160430"
"CHLA10","160431"
"CHMA15","76246"
"CHME5","76247"
"CHME6","160432"
"CHME7","127351"
"CHMI7","76248"
"CHMI8","160433"
"CHMU3","160434"
"CHMUM","239957"
"CHMUM2","239958"
"CHNU9","76249"
"CHOC","58142"
"CHOCA","58140"
"CHOCO","58141"
"CHOCR","58143"
"CHOL3","160435"
"CHOP2","160436"
"CHOR6","NaN"
"CHPA30","76250"
"CHPA28","76251"
"CHPE9","76252"
"CHPE10","160437"
"CHPE14","NaN"
"CHPL3","76253"
"CHPO12","76254"
"CHPO6","160438"
"CHPO7","160439"
"CHPOP3","239959"
"CHPOS","239960"
"CHPR6","76255"
"CHRE3","160440"
"CHREH","239961"
"CHREK","239962"
"CHRER","239963"
"CHRE4","76256"
"CHRO2","160441"
"CHSE4","76257"
"CHSE6","76258"
"CHSEH","235051"
"CHSES","79703"
"CHSE7","160442"
"CHSE8","76259"
"CHSI5","160443"
"CHSK","160444"
"CHSKS","239964"
"CHSKV","239965"
"CHSP4","160445"
"CHSP5","NaN"
"CHST8","160446"
"CHTH6","160447"
"CHTH4","160448"
"CHTR3","160449"
"CHTU","NaN"
"CHVA4","76260"
"CHVE11","NaN"
"CHVE5","160450"
"CHVI17","160451"
"CHAN9","55983"
"CHANA2","135291"
"CHANC","58404"
"CHLA13","76262"
"CHAL10","281753"
"CHHI12","160453"
"CHFL2","127149"
"CHAL18","160455"
"CHDE4","160456"
"CHNU2","274158"
"CHTE6","121996"
"CHTO","160457"
"CHDE3","160458"
"CHEL","160459"
"CHOB2","160460"
"CHOV2","160461"
"CHOVN","239966"
"CHOVO","239967"
"CHTO3","160462"
"CHTOM","239968"
"CHTOT","239969"
"CHLA5","84364"
"CHLA6","160463"
"CHNI","160464"
"CHOR3","160465"
"CHSE2","84366"
"CHFI","NaN"
"CHPA3","NaN"
"CHAE","160466"
"CHAL5","81820"
"CHBO5","160468"
"CHCL","76263"
"CHCO3","76264"
"CHCO4","58760"
"CHEA","137946"
"CHFE","76265"
"CHFE2","160470"
"CHGR","68821"
"CHHO","160471"
"CHIN","58764"
"CHLA2","82561"
"CHLE2","160472"
"CHLE3","160473"
"CHLI","160474"
"CHMI4","137949"
"CHNE2","76266"
"CHNU","369641"
"CHPA4","76267"
"CHPA36","NaN"
"CHPR2","160476"
"CHTO2","82747"
"CHVI","160477"
"CHVI2","76268"
"CHWO","76269"
"CHWR","160478"
"CHYA","160479"
"CHAD5","NaN"
"CHCL4","160480"
"CHEV2","160482"
"CHMY3","160483"
"CHPO13","160485"
"CHPOC","239970"
"CHPOP6","239971"
"CHRI2","160486"
"CHDO3","160487"
"CHFA","160488"
"CHFO4","160489"
"CHPL","160490"
"CHPLK","235057"
"CHPLP","235058"
"CHTR2","67928"
"CHTRH3","235059"
"CHTRT","235060"
"CHPA14","160491"
"CHRA3","NaN"
"CHCU5","160492"
"CHGL2","82316"
"CHLY2","160493"
"CHOB3","54402"
"CHOBE","239975"
"CHOBO","239976"
"CHOBS","239977"
"CHVA3","NaN"
"CHALM2","239979"
"CHALS","181728"
"CHALS2","NaN"
"CHAT","76270"
"CHBE4","58879"
"CHBEB2","239982"
"CHBEB","239983"
"CHBEB3","239984"
"CHBEM","239985"
"CHBES","80551"
"CHBEZ","239986"
"CHCA3","57008"
"CHCA4","76271"
"CHCH","76272"
"CHCY","160498"
"CHDE","58880"
"CHFO3","160500"
"CHFR3","76274"
"CHFRF","239988"
"CHFRP","239989"
"CHGL3","76275"
"CHHI","76276"
"CHHU","160503"
"CHIN2","76277"
"CHINE","239990"
"CHINI","239991"
"CHINO","80556"
"CHLE4","76278"
"CHLI11","76279"
"CHMAF","239992"
"CHNE3","160505"
"CHNEN","639730"
"CHNEP","639731"
"CHNE4","76282"
"CHOA","160506"
"CHOV","160508"
"CHPA5","160509"
"CHPR5","76284"
"CHRU","76285"
"CHSA2","160510"
"CHSI2","76286"
"CHST2","160511"
"CHSU2","160512"
"CHWA","76289"
"CHLI2","76290"
"CHLIA","79704"
"CHLIL2","235063"
"CHLO3","1144519"
"CHGE5","160514"
"CHPA43","56503"
"CHPAF2","239995"
"CHPAP3","239996"
"CHPO14","56506"
"CHPOP7","239997"
"CHPOR","239998"
"CHMA3","82358"
"CHME","62238"
"CHUM","62236"
"CHUMA","62237"
"CHUMC2","235065"
"CHUMO2","84721"
"CHAL8","127936"
"CHPA17","160515"
"CHAX2","1637935"
"CHCO12","558142"
"CHDO4","127526"
"CHHO4","NaN"
"CHLI6","281487"
"CHPY2","160516"
"CHSE18","1144702"
"CHVI3","54654"
"CHSE5","NaN"
"CHVE4","274200"
"CHJA","126255"
"CHTW","160517"
"CHSP11","76291"
"CHBR12","NaN"
"CHSU3","NaN"
"CHAN","160518"
"CHBA10","160519"
"CHCI","160521"
"CHCU6","NaN"
"CHCU2","160523"
"CHRA","160528"
"CHSA3","NaN"
"CHSU4","160530"
"CHTE","160531"
"CHVE2","76294"
"CHVI4","62918"
"CHHA","160533"
"CHAN2","48017"
"CHGR3","48018"
"CHPA7","48019"
"CHPO3","47597"
"CHPOD","48020"
"CHPOM","80562"
"CHPOP4","59082"
"CHPU2","76295"
"CHPUP2","80563"
"CHPUR","80564"
"CHDU","160536"
"CHDUA","239999"
"CHDUD","541443"
"CHDUM","240000"
"CHDO6","160537"
"CHNE12","NaN"
"CHAN3","58258"
"CHBI2","76302"
"CHBIB","1359184"
"CHBII","80566"
"CHBL","76303"
"CHBR","76304"
"CHBRB","80567"
"CHBRS","80568"
"CHBR2","76305"
"CHCL2","76306"
"CHCO6","76307"
"CHCU3","61076"
"CHCUC","80569"
"CHCUV","61074"
"CHDI3","71084"
"CHDO2","58978"
"CHFI2","76308"
"CHFIF","80570"
"CHFIL","80571"
"CHHO2","76309"
"CHLE6","76310"
"CHME2","58260"
"CHOB4","76311"
"CHOR","76312"
"CHPA8","76313"
"CHPA9","76314"
"CHPAF","80572"
"CHPAP2","80573"
"CHPO4","58261"
"CHPOL","58262"
"CHPOP5","64181"
"CHPR4","76315"
"CHPU3","67795"
"CHPUH2","67796"
"CHPUP3","80574"
"CHRE","76316"
"CHRI","76317"
"CHRO","76318"
"CHROH","80575"
"CHROR","80576"
"CHSP","76319"
"CHST4","60784"
"CHST5","76320"
"CHUN","58263"
"CHVA","76321"
"CHVE3","76322"
"CHWA2","58264"
"CHWH2","76323"
"CHXA2","58265"
"CHXAL","80577"
"CHXAX","80578"
"CHBI3","288464"
"CHBO3","348386"
"CHCO9","1078780"
"CHFR4","739452"
"CHGE","1156516"
"CHIV","280039"
"CHOD","199400"
"CHOT","1078913"
"CHSI","1078941"
"CHME3","160538"
"CHAR13","840466"
"CHARA","1530700"
"CHARP3","1415204"
"CHDI8","331036"
"CHIC","160544"
"CHVI5","129314"
"CHVIA","240003"
"CHVIB2","NaN"
"CHVIV","240004"
"CHCH7","53363"
"CHCHC4","80579"
"CHCHM","53365"
"CHSE11","53386"
"CHPA18","160545"
"CHAR6","287335"
"CHCA10","48876"
"CHOL","160546"
"CHPA31","190559"
"CHPA11","160549"
"CHFL8","127265"
"CHGO2","160551"
"CHGO","160552"
"CHGOC","235089"
"CHGOG","1029515"
"CHGOH","235091"
"CHLA21","160554"
"CHLA7","160555"
"CHLI4","160556"
"CHLID","235092"
"CHLIL","235093"
"CHMA14","160557"
"CHPI8","160558"
"CHSC2","160559"
"CHSU6","146615"
"CHTE10","160560"
"CHAL24","133031"
"CHALS3","957824"
"CHAM2","154387"
"CHGL5","76325"
"CHRO4","160562"
"CHTE3","160563"
"CHWR2","144148"
"CHWRB","240005"
"CHWRW","240006"
"CHAL9","160564"
"CHBA11","160565"
"CHDE2","76326"
"CHER3","160566"
"CHGR13","160567"
"CHGR6","76327"
"CHHU2","76328"
"CHLI3","148107"
"CHMO2","160568"
"CHPU4","148111"
"CHSP3","160569"
"CHVA2","160570"
"CHVI8","76329"
"CHVIA4","79711"
"CHVIL4","79712"
"CHVIP3","235096"
"CHVIP4","79713"
"CHVIV2","79714"
"CHVIL10","NaN"
"CHVIS5","NaN"
"CHVIV4","NaN"
"CHAB","348387"
"CIHE7","NaN"
"CICH","160571"
"CIGL","84359"
"CIME8","160572"
"CINE2","160573"
"CIQU3","57087"
"CIBU","130369"
"CIDO","76338"
"CIMA2","60125"
"CIMAA","80580"
"CIMAB","60118"
"CIMAM","181639"
"CIMAV","240008"
"CIVI5","160575"
"CIDR","160576"
"CIHE2","1261804"
"CIYU","160577"
"CIAR70","160579"
"CILA70","160580"
"CIST70","160581"
"CISU70","160582"
"CIAR2","130901"
"CIBO2","76339"
"CILA2","76340"
"CIEL2","1116010"
"CIMO3","1594368"
"CIPE6","1144567"
"CIIN4","493209"
"CIAL","76342"
"CIALA","235259"
"CIALP2","79729"
"CILU","51843"
"CILUC","51841"
"CIBR5","160584"
"CICI70","160585"
"CIPI70","160586"
"CIIO2","NaN"
"CIVA2","NaN"
"CIAL2","152132"
"CIAN","69971"
"CIAN2","55294"
"CIAR6","160588"
"CIAR9","160589"
"CIAR3","76343"
"CIBA","160590"
"CIBR","160591"
"CIBR2","52993"
"CICA10","160592"
"CICA11","76344"
"CICA6","160593"
"CICA7","129675"
"CICE","160595"
"CICH2","1600671"
"CICH3","84796"
"CICI","76345"
"CICL","160597"
"CICL2","1487138"
"CICR","76346"
"CICY","76347"
"CIDI","61340"
"CIDO2","76348"
"CIDOB2","80585"
"CIDOD","80586"
"CIDR2","160599"
"CIEA","160600"
"CIED","143675"
"CIEN2","160601"
"CIFL","160602"
"CIFO","160603"
"CIFO2","56866"
"CIFOC","59750"
"CIFOF","56867"
"CIFOO","635382"
"CIGI","160604"
"CIGR2","160605"
"CIHI","160607"
"CIHO","160608"
"CIHO2","127269"
"CIHOH","200048"
"CIHOV","716408"
"CIHY","76349"
"CIHYH","80588"
"CIHYV","80589"
"CIIN5","160609"
"CIKA","160611"
"CILA5","160612"
"CILE2","160613"
"CILO","160614"
"CILO2","160615"
"CIME4","289134"
"CIMO2","160617"
"CIMO","76351"
"CIMU2","1487139"
"CIMU","81603"
"CINA","160619"
"CINE","76352"
"CINU","129194"
"CIOC","52621"
"CIOCC4","52622"
"CIOCC","80591"
"CIOCC2","80592"
"CIOCO","52623"
"CIOCV","52624"
"CIOC2","76353"
"CIOCM","631305"
"CIOCO2","80595"
"CIOS","160620"
"CIOW","160621"
"CIPA5","160622"
"CIPA","160624"
"CIPAM","235262"
"CIPAP2","235263"
"CIPE4","1487137"
"CIPE5","160626"
"CIPI","81602"
"CIPR2","76354"
"CIPU3","160627"
"CIPU4","160628"
"CIQU2","60954"
"CIRE","76355"
"CIRE2","130040"
"CIRH","76356"
"CIRO","160629"
"CIRU2","160630"
"CIRY","160631"
"CISC","1476129"
"CISC2","76357"
"CISC3","118518"
"CISU","160634"
"CITE2","128152"
"CITU","160636"
"CIUN","76358"
"CIUNT","240019"
"CIUNU","240020"
"CIVE","160637"
"CIVI4","160638"
"CIVI6","160639"
"CIVI","160640"
"CIWH","160641"
"CIWR","160642"
"CIPA4","160643"
"CIER","274185"
"CIIN3","847042"
"CIOB","348388"
"CITR2","133333"
"CITU2","NaN"
"CIVE3","160646"
"CIAM3","76360"
"CIMA4","76361"
"CIMO4","58292"
"CIMO5","62300"
"CIPA7","160647"
"CIPAA","240021"
"CIPAH","240022"
"CIPAN","240023"
"CIPAP","240024"
"CIPU5","160648"
"CIPY","160649"
"CIQU4","160650"
"CIRO2","160651"
"CITW2","144186"
"CIUM","62307"
"CIUMC","62302"
"CIUMU","240025"
"CIPE3","NaN"
"CIBE","160652"
"CIBR3","160653"
"CICA8","160654"
"CISP3","160656"
"CITR7","NaN"
"CLCA2","76366"
"CLMA","116350"
"CLMA10","160659"
"CLMAJ","200034"
"CLFL9","160660"
"CLFR5","160661"
"CLKE","900567"
"CLBO10","160663"
"CLCR4","128661"
"CLPE8","160664"
"CLWH","67868"
"CLFA6","1494264"
"CLLO5","1144628"
"CLSA","160665"
"CLSU","217164"
"CLAF","58943"
"CLAM","61048"
"CLAMA","61123"
"CLAMC","235283"
"CLAMH","61124"
"CLAML","235285"
"CLAMW","79730"
"CLAR","60088"
"CLAU2","76367"
"CLBI","51853"
"CLBIA","79731"
"CLBIB2","51857"
"CLBIB","79732"
"CLBO4","76368"
"CLBOA","79733"
"CLBOB","79734"
"CLBO","76369"
"CLBR","56067"
"CLCO","51854"
"CLCOA","51856"
"CLCOC","51855"
"CLCOR","79735"
"CLCY","58219"
"CLCYC","58955"
"CLCYC2","58944"
"CLDA","61051"
"CLDE2","76370"
"CLDU","60601"
"CLEP","58945"
"CLEX","76371"
"CLFR3","61899"
"CLGR","61895"
"CLGRA","79736"
"CLGRG2","61896"
"CLGRS","79737"
"CLGRT","79738"
"CLHE4","76372"
"CLIM","76373"
"CLJO2","76374"
"CLLA","76375"
"CLLE2","76376"
"CLLI","76377"
"CLMI","76378"
"CLMIL3","79739"
"CLMIM","79740"
"CLMO","58946"
"CLMO3","76379"
"CLPR","76380"
"CLPU","55992"
"CLPU2","51087"
"CLPUP","79741"
"CLPUQ","57146"
"CLPUV","57147"
"CLRH","61870"
"CLRO2","60087"
"CLRU","57148"
"CLSI","58947"
"CLSP","76381"
"CLSPI","79742"
"CLSPN","79743"
"CLSPP","79744"
"CLSPS","58948"
"CLSP6","76382"
"CLST3","76383"
"CLTE5","58220"
"CLTEC","79745"
"CLTET","79746"
"CLUN","51735"
"CLVI2","76384"
"CLWI","60507"
"CLXA","76385"
"CLXAP","79747"
"CLXAX","79748"
"CLPA17","160666"
"CLAR2","160667"
"CLAR3","160668"
"CLCA","67775"
"CLCAC","240039"
"CLCAL","240040"
"CLCO3","76386"
"CLES","160669"
"CLEX2","57233"
"CLEXE2","57234"
"CLEXG2","57229"
"CLFL3","NaN"
"CLGY2","55344"
"CLHE","160670"
"CLLA2","62584"
"CLLAC","240041"
"CLLAI","240043"
"CLLAL","240044"
"CLLAP","240046"
"CLLAP2","181461"
"CLLAS","240047"
"CLME","76387"
"CLMEB","240048"
"CLMEM","240049"
"CLMEN","240050"
"CLMU5","160671"
"CLNE","76388"
"CLOG","160672"
"CLPA10","76389"
"CLPA5","58294"
"CLPAG4","79749"
"CLPAP","58296"
"CLPAU2","79750"
"CLPAV","58295"
"CLPE","52994"
"CLPEI","53001"
"CLPEM","53004"
"CLPEP","53002"
"CLRO5","160673"
"CLRU2","64184"
"CLRUD","79751"
"CLRUR","79752"
"CLSA2","160674"
"CLSA3","76390"
"CLSC","804280"
"CLSI2","55767"
"CLSIB","240051"
"CLSIS","240052"
"CLTU","160676"
"CLTUC","240053"
"CLTUT","240054"
"CLUM","76391"
"CLVI3","117434"
"CLVIA","240055"
"CLVIH","240056"
"CLVIV","240057"
"CLVIL","NaN"
"CLVIV2","NaN"
"CLWA6","76392"
"CLSE5","1144627"
"CLPO","1144518"
"CLCA18","1144688"
"CLIN8","1144687"
"CLBI3","62451"
"CLDI","61125"
"CLAD","160678"
"CLAL","62773"
"CLBA","160680"
"CLBAB","240058"
"CLBAL","240059"
"CLBI2","160681"
"CLCA3","160684"
"CLCO4","62774"
"CLCO2","126748"
"CLCOC2","240060"
"CLCOT","240061"
"CLCR","143469"
"CLDI3","286052"
"CLDR","127637"
"CLFR","160686"
"CLGL","160687"
"CLHI","160688"
"CLHIA","240062"
"CLHIH","240063"
"CLHIS","240064"
"CLLA3","49876"
"CLLI2","58996"
"CLLIB","58998"
"CLLIC","58995"
"CLLIL2","58994"
"CLMO6","160690"
"CLOC2","117512"
"CLOCD","240065"
"CLOCG","240066"
"CLOCO","240067"
"CLOC","62775"
"CLPA","160692"
"CLPA2","76393"
"CLPI","148019"
"CLPID","240068"
"CLPIP","240069"
"CLRE","160693"
"CLSO3","160694"
"CLTE2","148386"
"CLVE","160696"
"CLVI","983559"
"CLVI4","62777"
"CLVI5","62778"
"CLVI8","62779"
"CLAC4","160699"
"CLIS","56750"
"CLLU2","148063"
"CLLUJ","240070"
"CLLUL","240071"
"CLMU","160702"
"CLPL","160704"
"CLSE","148304"
"CLSP2","160707"
"CLSP3","160709"
"CLST","286788"
"CLAN","160711"
"CLBR2","76394"
"CLHI2","76395"
"CLLO","160712"
"CLMA3","160713"
"CLOB","76396"
"CLPA3","160714"
"CLPA4","76397"
"CLPL2","76398"
"CLLE3","NaN"
"CLAR4","160715"
"CLARA","235325"
"CLARW","235326"
"CLARW2","235327"
"CLCA5","160716"
"CLCA6","160717"
"CLCL","160718"
"CLCLC","235328"
"CLCLR","235329"
"CLDR2","160719"
"CLFA","67939"
"CLFU","160720"
"CLGR3","160721"
"CLGRG","235330"
"CLGRM2","235331"
"CLGRM","235332"
"CLHA4","160722"
"CLKA","160723"
"CLKO","160724"
"CLLI3","160725"
"CLMI3","160726"
"CLMO5","160727"
"CLMU2","160728"
"CLOB2","160729"
"CLOBB","235333"
"CLOBM","235334"
"CLOBO","235335"
"CLPA6","160730"
"CLPA8","160731"
"CLPE2","160732"
"CLPEP4","372370"
"CLPES2","372371"
"CLPE3","160733"
"CLPY2","160734"
"CLSA5","160735"
"CLSAH2","235336"
"CLSAS","235337"
"CLTU2","160737"
"CLWA2","160738"
"CLAC2","348626"
"CLIN2","119731"
"CLINO2","NaN"
"CLAC3","160747"
"CLAL3","52867"
"CLAL4","913190"
"CLER","960080"
"CLAN8","NaN"
"CLCY5","1156451"
"CLHI3","83251"
"CLST2","285541"
"CLMO2","160750"
"CLAM3","125668"
"CLDE70","123751"
"CLKI","160751"
"CLAR5","160752"
"CLAS2","160753"
"CLBR7","132127"
"CLCH5","76399"
"CLCO10","160754"
"CLDE4","160755"
"CLDO2","53203"
"CLGE","127064"
"CLGL4","160756"
"CLMI9","76400"
"CLVU","84281"
"CLAN2","51647"
"CLBO3","53794"
"CLUM2","118725"
"CLUN2","76401"
"CLFA2","84846"
"CLFR2","160758"
"CLLA4","428188"
"CLMA4","82324"
"CLCL2","1065101"
"CLGU","348390"
"CLMI2","286919"
"CLRO","160760"
"CNHO","291168"
"CNDU","76402"
"CNCN","160762"
"CNAN","160764"
"CNTE","133074"
"CNUR","81817"
"CNURS","81815"
"COHE6","340076"
"COCO8","993857"
"CODI8","160767"
"COKR","882681"
"COMI","494254"
"COPA24","1225652"
"COPU","361831"
"COPY","829744"
"CORU4","190731"
"COSI2","494246"
"COSW","286020"
"COTE9","1274660"
"COUV","127284"
"COVE","286022"
"COAR","133690"
"COBA3","364467"
"COCA","119957"
"CODI","160768"
"COOR11","199316"
"COFL4","207067"
"COGR6","76403"
"COSE8","160770"
"COTR8","160771"
"COJU","137952"
"CORO4","274319"
"COSE6","1225884"
"COSE7","274320"
"COGU5","550151"
"COCY","160775"
"CORU3","160776"
"COTE5","160777"
"COTU","160778"
"COAR9","209895"
"COSU","160780"
"CORA","68559"
"COBA","58329"
"COBAB","80607"
"COBAD","58330"
"COBAH","240088"
"COBAS","80608"
"COCA3","76406"
"COCH","76407"
"COCO","47323"
"COCO2","76408"
"COGR2","76409"
"COGR3","76410"
"COHE","47325"
"COHEA","48728"
"COHEH","48727"
"COLI","76411"
"COMU","57270"
"COPA2","76412"
"COPA3","59013"
"CORA2","76413"
"CORAG","235387"
"CORAR","235388"
"COSP","50656"
"COSPA","69610"
"COSPB","181463"
"COSPC","57290"
"COSPS","64295"
"COTI","51850"
"COTO","76414"
"COTOB","80609"
"COTOL","80610"
"COTOT","80611"
"COTOW","80612"
"COVE2","116349"
"COVI2","160783"
"COCA4","130898"
"COSE11","53347"
"COTU2","160784"
"COVE3","160785"
"CODE","160786"
"CODEC","240089"
"CODED","240090"
"CODET","240092"
"CODI2","62230"
"COGR4","61871"
"COHE2","52996"
"COLA8","76415"
"COLI2","76416"
"COMA3","160787"
"COMA","160788"
"CORA3","76417"
"CORE10","160789"
"COTE","76418"
"COTI2","76419"
"COTR","76420"
"COAN","160792"
"COOB14","160793"
"COPA4","160794"
"COPU4","160795"
"COBI12","160796"
"COCA44","160797"
"COCO37","160798"
"COMA24","160802"
"COMI15","160803"
"COMIM4","235389"
"COMIM5","235390"
"COOR12","160804"
"COSE18","160805"
"COSU17","160806"
"COSC13","1144703"
"COAR3","160808"
"COCA18","76421"
"COCU","160809"
"COCUF","240095"
"COEL2","160810"
"COGL5","1126984"
"COGLA","NaN"
"COGR7","160811"
"COOP","160812"
"COST6","160813"
"COTE6","160814"
"COTEP","240096"
"COTET","240097"
"COVE6","1225626"
"COHA5","777369"
"COAM6","775268"
"COSC11","775267"
"COSCT","NaN"
"COUM","59991"
"COUMC","79754"
"COUMP","149009"
"COUMU","235394"
"CODI3","76423"
"CODID2","79755"
"CODIP","79756"
"COPA28","62213"
"COTE15","425563"
"CODI4","160817"
"CODID","240099"
"CODIL","240100"
"CODI5","160818"
"CODID3","240101"
"CODIG","240102"
"COER","53478"
"COERA","790115"
"COERD","240104"
"COERE","240105"
"CORU6","273820"
"CORUG","314876"
"COVI3","125682"
"COBA17","362460"
"CODO","349061"
"COGL4","740890"
"COFA2","121934"
"COPE80","121031"
"COCO31","160820"
"COCO11","160821"
"COER5","160822"
"COGL","76426"
"COGLP","80613"
"COHO","155506"
"COHOE","155508"
"COHOH","155507"
"COSP3","160824"
"COVI8","160825"
"COWA","160826"
"COWAK","240107"
"COWAW","240108"
"COIR","801660"
"COWI","160827"
"COPI3","160828"
"COCH2","160829"
"COGM","160830"
"COME2","160831"
"COSC2","160832"
"COSEG","NaN"
"COER2","62850"
"COCO38","1364782"
"COBE4","273992"
"COBEB","315574"
"COBEI","315738"
"COCO13","119095"
"COGR10","366980"
"COAL6","59983"
"COALM","240109"
"COAM","59980"
"COTE70","160833"
"COCA19","127059"
"COET","160835"
"COGL9","160836"
"COGR8","160837"
"COVE4","160838"
"COCO14","1082416"
"COMO8","438336"
"CORU8","426024"
"CONE9","76431"
"COMA19","48205"
"COEQ","130184"
"CONO","284849"
"COCA5","160843"
"COCAC3","181730"
"COCAG","181731"
"COCAP3","135267"
"COLA21","291312"
"COPR5","NaN"
"CORA4","160844"
"CODR2","157122"
"COJO","160845"
"COPE","160846"
"COSM","160847"
"COTR5","160848"
"COMO2","NaN"
"COCY3","160849"
"COEL3","160850"
"COER3","123000"
"COFO2","160851"
"COGR23","146637"
"COKA","160852"
"COLO4","160853"
"COME6","160854"
"COMO3","160855"
"COOC3","160856"
"COPU8","160857"
"CORH","160858"
"COTE8","160859"
"COWA4","160860"
"COAS","160861"
"COLA3","76436"
"COOC","160862"
"COTR2","126251"
"COBE7","160863"
"COMA25","776960"
"COMAM7","80614"
"COMAO5","80615"
"COMAO6","549290"
"COME17","49444"
"COOD7","160864"
"COODO2","240110"
"COODP2","240111"
"COST19","50708"
"COSTS3","131215"
"COSTV2","240112"
"COTR18","50709"
"COWI5","131213"
"COAE","160865"
"COHI3","781804"
"COHI4","1155641"
"COSI3","160870"
"COTO7","1144704"
"COAL","209896"
"COAN11","NaN"
"COBA4","160872"
"COBE3","348623"
"COBO2","160873"
"COBO3","769374"
"COCO5","276307"
"COGE","276312"
"COGL6","160875"
"COLA12","438369"
"COLI7","952665"
"COMI6","769462"
"COPA16","160876"
"COPO2","160877"
"COPO3","283233"
"CORI","438370"
"CORU5","190892"
"COSU2","126840"
"COSU3","359840"
"COWA3","1156441"
"COCA7","63009"
"COER6","76437"
"COERE2","63007"
"COERK","79757"
"COKI","76438"
"COKID","235407"
"COKIH","79758"
"COKIK","1558804"
"COLA4","68605"
"COMA5","118405"
"COMAC","235410"
"COMAM3","318176"
"COMAP","118404"
"COMO","63004"
"COMOH","83018"
"COMOM","235414"
"CONE","76439"
"CONI2","76440"
"COOR7","160879"
"COPA8","160880"
"COPA9","76441"
"COPI2","57271"
"COPIH","79759"
"COPIP","57275"
"COPIT","57274"
"COPR","76442"
"CORA5","76443"
"CORI2","57272"
"CORIB","59328"
"CORIL","79760"
"CORIR","59014"
"CORIS2","NaN"
"COTE2","160881"
"COTE3","71075"
"COTEB2","79761"
"COTEB","63006"
"COTEC","79762"
"COTEP2","79763"
"COTET2","63012"
"COTEV","79764"
"COWR2","149010"
"COWRK","235426"
"COWRT","235427"
"COWRW","235428"
"COCO9","160882"
"COAR5","160883"
"COAU","160884"
"COBA2","160885"
"COBI","NaN"
"COCA8","160887"
"COCAC4","240115"
"COCAN","240116"
"COCA9","160888"
"CODE3","129321"
"CODO2","160889"
"COFA","160890"
"COFL6","160891"
"COGI","160892"
"COGL2","893248"
"COGR5","128825"
"COGRG","240117"
"COGRH","240118"
"COGRI","240119"
"COGRL","240120"
"COGRS","240121"
"COHA2","160894"
"COIN4","160895"
"COIN2","160896"
"COLA5","76444"
"COLA7","160897"
"COLE3","131152"
"COLI5","160898"
"COMA6","129672"
"COMA10","125140"
"CONU5","160899"
"CONU3","160900"
"CONU6","1474232"
"COPA10","130373"
"COPA5","935722"
"COPU2","160902"
"COPUD","240122"
"COPUP","240123"
"COPUR","240124"
"COPU9","160903"
"CORO","160904"
"COST3","160905"
"COTI3","76445"
"COTIA","240125"
"COTIS","240126"
"COTIT","240127"
"COTR4","123957"
"COVE5","129322"
"COWR3","1471276"
"COFI2","58014"
"COFIC","58017"
"COFIF","58012"
"COAM8","76446"
"COAMA2","80616"
"COAMR","240137"
"COHO3","160909"
"COHOH2","240138"
"COHOP","240139"
"CONA4","160910"
"COOC9","160912"
"COOCA","240140"
"COOCO","1503061"
"COPA37","160913"
"COPA38","765028"
"COPA39","160915"
"COVI5","160916"
"COWE","160917"
"COAC","NaN"
"COAR7","NaN"
"COFR9","NaN"
"COIN19","NaN"
"COSL","NaN"
"COAL2","54775"
"COAM2","58749"
"COAS2","160918"
"COCA13","47192"
"CODR","54776"
"COFL2","54777"
"COFO","54778"
"COGL3","57013"
"CONU4","76447"
"COOB9","58748"
"CORA6","320160"
"CORU","58745"
"COSE16","53387"
"COSEO","53366"
"COSES","53367"
"COSE3","76448"
"COSU4","134125"
"COUN","1096279"
"COOB4","190907"
"COPY2","286547"
"COCO39","160922"
"COAU2","76451"
"COCA15","76452"
"COCAA","235438"
"COCAB","235439"
"COCAB2","235440"
"COCAC7","79766"
"COCAC","235442"
"COCAH2","235443"
"COCR2","160924"
"COCU2","160925"
"COCUC","235444"
"COCUG2","235445"
"COCUO","NaN"
"COFL3","128038"
"COMI2","125337"
"COMIA2","235446"
"COMIM2","125203"
"COMIT2","235448"
"COPA11","160926"
"COSC4","153412"
"COSE5","85330"
"COAM3","54770"
"COCO6","53374"
"COCOC","53368"
"COCOC2","880777"
"COFO7","291313"
"COVE14","369227"
"COCA16","160927"
"COEC","160929"
"COMA14","160930"
"COMAM2","318132"
"COMAR2","240142"
"CONI16","160931"
"CORA7","160932"
"CORE3","160933"
"CORO7","190941"
"COROR","314254"
"COROS","314128"
"COROU","343223"
"COSU7","160935"
"COAR14","160936"
"COCA70","160937"
"COCR70","160938"
"COCA21","160941"
"COPA12","160942"
"COGU","273823"
"COGUM","314881"
"COSP8","160943"
"COSP4","276567"
"COOB2","143781"
"COPA13","140214"
"COAX","160952"
"COCA31","160953"
"COCAC6","316091"
"COCAS2","240147"
"COGL7","160954"
"COGL8","160955"
"CRMU3","160956"
"CRRI4","739428"
"CRAN8","861963"
"CRAQ","58135"
"CRCO34","57016"
"CRCOC","240148"
"CRCOE","240149"
"CRCOE2","240150"
"CRCOS","240151"
"CRDR","160958"
"CRLO7","160959"
"CRSA7","160960"
"CRSO5","76466"
"CRVI6","160963"
"CRAN6","NaN"
"CRBR13","NaN"
"CRHA3","NaN"
"CRHU3","NaN"
"CRIM","NaN"
"CRIN10","1309312"
"CRKE3","204288"
"CRLA4","NaN"
"CRLE5","1464609"
"CRMA11","NaN"
"CRNO2","NaN"
"CRPE14","1269712"
"CRPI","NaN"
"CRPU8","NaN"
"CRRU10","NaN"
"CRSI3","NaN"
"CRWE","NaN"
"CRWH","NaN"
"CRAE2","1652103"
"CRAE","160965"
"CRAL14","160966"
"CRAM4","160967"
"CRAN10","160968"
"CRAN9","160969"
"CRAN","160970"
"CRAP4","160971"
"CRAR6","160972"
"CRAR7","160973"
"CRAR8","160974"
"CRAT3","160975"
"CRAT6","1280106"
"CRAU2","160976"
"CRBE5","160977"
"CRBE6","160978"
"CRBE2","128827"
"CRBO3","160979"
"CRBR","160980"
"CRBR3","160981"
"CRBR4","160982"
"CRCA","54815"
"CRCA83","160983"
"CRCA22","160984"
"CRCA30","76468"
"CRCH","851191"
"CRCHC2","54820"
"CRCHP2","240152"
"CRCO2","160985"
"CRCO4","160986"
"CRCO26","160987"
"CRCO7","160988"
"CRCO32","160989"
"CRCO8","160990"
"CRCO13","160991"
"CRCO27","160992"
"CRCR2","54824"
"CRDA3","160993"
"CRDE3","160994"
"CRDI","160995"
"CRDI3","160996"
"CRDI4","160997"
"CRDI9","160998"
"CRDI10","160999"
"CRDI11","161000"
"CRDO3","161001"
"CRDO2","76469"
"CREN4","1280107"
"CREN","128826"
"CRER3","161002"
"CRER","161003"
"CREX2","161004"
"CREX3","161005"
"CRFL","901033"
"CRFL2","161007"
"CRFO","204284"
"CRFR3","161008"
"CRFU2","161009"
"CRFU3","161010"
"CRGL4","161011"
"CRGR13","161012"
"CRGR2","161013"
"CRHA2","161014"
"CRHA4","161015"
"CRHE3","161016"
"CRHO5","161017"
"CRID","1580870"
"CRIG2","161019"
"CRIM6","161020"
"CRIN26","161021"
"CRIN16","161022"
"CRIN17","161023"
"CRIN18","161024"
"CRIN3","143916"
"CRIN19","161025"
"CRIR","161026"
"CRIR2","161027"
"CRJE","161028"
"CRJO3","161029"
"CRKE2","161030"
"CRKI","NaN"
"CRKN","161031"
"CRLA2","161032"
"CRLA9","161033"
"CRLA3","161034"
"CRLA11","161035"
"CRLE8","161036"
"CRLI6","161037"
"CRLI12","161038"
"CRLU","161039"
"CRLU3","161040"
"CRMA3","161041"
"CRMA4","161042"
"CRMA5","67818"
"CRME11","161043"
"CRME6","161044"
"CRME","161045"
"CRME3","161046"
"CRMI10","161047"
"CRMO2","54825"
"CRMU4","161049"
"CRNA4","161050"
"CRNI","161051"
"CRNI4","161052"
"CRNU4","161053"
"CROK","161054"
"CROK2","161055"
"CROP","161056"
"CROP3","161057"
"CROR4","1156161"
"CROV2","161058"
"CRPA3","161059"
"CRPE13","161060"
"CRPE","161061"
"CRPE2","161062"
"CRPE3","161063"
"CRPE17","161064"
"CRPE7","161065"
"CRPE6","161066"
"CRPH","141714"
"CRPH2","161067"
"CRPI3","161068"
"CRPO","161069"
"CRPO11","161070"
"CRPR4","161071"
"CRPR","161072"
"CRPR5","161073"
"CRPR2","161074"
"CRPU9","161075"
"CRPU","54830"
"CRPU14","161076"
"CRRA6","161077"
"CRRE11","161078"
"CRRE3","161079"
"CRRH2","161080"
"CRRI5","161081"
"CRRI","161082"
"CRRU5","161084"
"CRSA2","161085"
"CRSA3","161086"
"CRSC80","161087"
"CRSC4","161088"
"CRSH3","161089"
"CRSP","82751"
"CRSP5","161090"
"CRSP6","161091"
"CRST","161092"
"CRSU2","161093"
"CRSU3","1280254"
"CRSU5","54822"
"CRSU16","1551517"
"CRSU6","161096"
"CRTA2","161097"
"CRTE2","161098"
"CRTH4","161099"
"CRTI2","161100"
"CRTR","161101"
"CRTR2","161102"
"CRTR4","161103"
"CRTU2","161104"
"CRUN","161105"
"CRUV","1525295"
"CRVA","161106"
"CRVA3","161107"
"CRVE11","161108"
"CRVI","161109"
"CRVI2","127068"
"CRVID","240157"
"CRVIV2","1442669"
"CRVU","161110"
"CRWA","161111"
"CRWI3","161112"
"CRWO","161113"
"CRXA","161114"
"CRSP10","NaN"
"CRAR13","161115"
"CRFI70","154116"
"CRCA31","555835"
"CRKE6","555836"
"CRPA","555837"
"CRSE14","555838"
"CRAC2","76471"
"CRACA","235465"
"CRACP","235466"
"CRAT","54904"
"CRATA2","235467"
"CRATO","235468"
"CRBA2","76472"
"CRBAB","79769"
"CRBAC","79770"
"CRBAI","79771"
"CREL","161117"
"CRIN4","76474"
"CRMO4","76475"
"CRMOG3","235472"
"CRMOM","79772"
"CRMOR","235474"
"CRMOS","79773"
"CRMO5","76476"
"CRNA","76477"
"CRNAC","235476"
"CRNAN","235477"
"CRNAR","235478"
"CROC","76478"
"CROCC","79774"
"CROCC2","79775"
"CROCO2","79776"
"CROCP","79777"
"CRPL","62681"
"CRRU3","61888"
"CRRUA","79778"
"CRRUB","318234"
"CRRUG","235485"
"CRRUH","79779"
"CRRUH2","235487"
"CRRUI","181733"
"CRRUR","318250"
"CRCU","161121"
"CRLI5","889575"
"CRPO6","430191"
"CRNU","161122"
"CRTR5","58133"
"CRAM2","128713"
"CRASP","848350"
"CRPO7","1116839"
"CRMU","57524"
"CRPA9","161129"
"CRDI17","161130"
"CRHO7","161131"
"CRHOG","240160"
"CRHOH","738429"
"CRHOV","240162"
"CRRI3","161132"
"CRAB6","161133"
"CRCR11","161134"
"CRRO13","161135"
"CRSE10","161136"
"CRSQ","161137"
"CRSQP","240163"
"CRSQS","240164"
"CRIL2","161138"
"CRRH","161139"
"CRBI2","76482"
"CRBIB","240165"
"CRBIG","240166"
"CRCA4","76483"
"CRAV","123471"
"CRIN5","131569"
"CRLO4","280649"
"CRPU4","139269"
"CRPU5","161147"
"CRRO5","847939"
"CRSA4","161149"
"CRST4","427393"
"CRAL3","161153"
"CRALA","240169"
"CRALT","194073"
"CRAR2","127281"
"CRAS3","712005"
"CRBE4","950704"
"CRCA5","76484"
"CRCAC","240170"
"CRCAT","240173"
"CRCA6","57038"
"CRCAC2","240174"
"CRCAL2","240175"
"CRCA29","69879"
"CRCI","161155"
"CRCO9","161156"
"CRCO10","161157"
"CRDI6","161158"
"CRDI8","627427"
"CREL3","161159"
"CRFI3","474120"
"CRFL23","132637"
"CRFR","161160"
"CRGL2","128938"
"CRGLA2","1375754"
"CRGLF","240177"
"CRGLG","240178"
"CRGLL","240179"
"CRGLP","240180"
"CRGLS","240181"
"CRHE4","427403"
"CRHU","161161"
"CRIM3","1193946"
"CRIN13","161162"
"CRLE3","161163"
"CRLI2","161164"
"CRLIL","240183"
"CRLIT","240184"
"CRLO5","161165"
"CRLU2","191081"
"CRMI8","161166"
"CRMIE","964061"
"CRMIM2","1058608"
"CRMO6","155299"
"CRNU3","1361528"
"CROV","275131"
"CRPA5","161167"
"CRPO4","1155984"
"CRPO5","161168"
"CRPOP","240185"
"CRPOT","240186"
"CRPU6","127254"
"CRSA5","161169"
"CRSE11","57035"
"CRSO2","161170"
"CRSO","161171"
"CRST6","1358899"
"CRSU7","161172"
"CRTE4","53160"
"CRTET","240187"
"CRTEU","240188"
"CRWI2","76485"
"CRCY","1144643"
"CRDE4","161176"
"CRLA10","161177"
"CRDI12","161178"
"CRFI4","161179"
"CRGL12","161180"
"CRNE8","161181"
"CRRA7","161182"
"CRAB2","161183"
"CRAF","76489"
"CRAL","161184"
"CRAM3","76490"
"CRAN4","76491"
"CRAP2","161185"
"CRAT2","161186"
"CRBA4","161187"
"CRBA5","58054"
"CRBA6","161188"
"CRBR7","161189"
"CRCA7","161190"
"CRCA8","161191"
"CRCA13","161192"
"CRCE","76492"
"CRCI3","76493"
"CRCIA","80621"
"CRCIA2","240189"
"CRCIC","240190"
"CRCIJ","148437"
"CRCIL","240191"
"CRCIP","240192"
"CRCI2","58055"
"CRCIC2","80622"
"CRCIH","240193"
"CRCIR","80623"
"CRCL","57698"
"CRCLC","80624"
"CRCLD","154416"
"CRCLF","1045003"
"CRCL2","76494"
"CRCO17","161193"
"CRCO12","76495"
"CRCO33","76496"
"CRCO15","76497"
"CRCR7","161194"
"CRCR3","148435"
"CRCRC","240194"
"CRCRE","240195"
"CRCR8","161195"
"CRCR4","76498"
"CRCR5","76499"
"CRDE","58853"
"CRDU","76501"
"CREC","76502"
"CREL4","161196"
"CREX","76503"
"CRFE3","76504"
"CRFL4","56989"
"CRFL5","126659"
"CRFL6","76505"
"CRFU","148436"
"CRFUF","148157"
"CRFUN","NaN"
"CRGA2","76506"
"CRGL3","76507"
"CRGR3","76508"
"CRGR4","161197"
"CRGY","161198"
"CRHI","57703"
"CRHO2","76509"
"CRHO3","76510"
"CRHO4","57701"
"CRHU2","76511"
"CRIN7","76513"
"CRIN15","161199"
"CRIN8","57699"
"CRIN9","161200"
"CRJO","148042"
"CRJO2","148043"
"CRKE","161201"
"CRLE4","57704"
"CRLE6","161202"
"CRLO6","161203"
"CRMA6","76514"
"CRMA7","76515"
"CRMAM","240196"
"CRMAP","240197"
"CRME5","148161"
"CRME4","161204"
"CRMI","76516"
"CRMIL2","318180"
"CRMIM","80629"
"CRMI2","53027"
"CRMI3","57696"
"CRMI4","161205"
"CRMI5","161206"
"CRMI7","161207"
"CRMO7","76518"
"CRMU2","57700"
"CRNE","57705"
"CRNE2","76519"
"CRNEN","80633"
"CRNER","80634"
"CRNU2","76520"
"CROB","161208"
"CROC2","161209"
"CROS","161210"
"CROX","58056"
"CRPA21","161211"
"CRPA6","148162"
"CRPA8","161212"
"CRPR3","161213"
"CRPT","58057"
"CRPTC","80635"
"CRPTP2","80636"
"CRPTS","240198"
"CRPU7","161214"
"CRRA2","51692"
"CRRA3","76521"
"CRRE5","76522"
"CRRO6","148163"
"CRRO3","76523"
"CRRU4","161215"
"CRSA6","161216"
"CRSC2","905548"
"CRSE4","161217"
"CRSE3","161218"
"CRSE5","161219"
"CRSI4","76527"
"CRSI2","57702"
"CRSO3","161221"
"CRSP3","76528"
"CRSP4","161222"
"CRST5","161223"
"CRSU15","161224"
"CRTE8","148164"
"CRTE5","161225"
"CRTH3","161226"
"CRTH","161227"
"CRTO4","57697"
"CRTR7","76531"
"CRTU","76532"
"CRUT","76533"
"CRVI4","161228"
"CRVI5","76534"
"CRWA2","76535"
"CRWE2","161229"
"CRWE5","161230"
"CRWE3","148165"
"CRWI7","283160"
"CRMA8","161231"
"CRIM7","161232"
"CRAC3","1619484"
"CRCA23","76537"
"CRSI7","161234"
"CRST2","82560"
"CRTE11","55256"
"CRCA9","129021"
"CRMI16","157077"
"CTMA","161236"
"CTMO","124395"
"CTSC","161237"
"CTHI","1225887"
"CTHIP","1225886"
"CTHO","161239"
"CTLA","161240"
"CTNE","1225467"
"CTSL","161242"
"CTSQ","161243"
"CTSU2","161244"
"CTAR","131640"
"CTFL","161245"
"CTBL2","502076"
"CUDI","76540"
"CUFO","58138"
"CUOK","161247"
"CUPA","58139"
"CUPEO","240202"
"CUPEO2","240203"
"CUPET","318178"
"CUOR","154543"
"CUAM","286306"
"CUGL","161252"
"CUTR","734912"
"CUAS","161254"
"CUMI","285348"
"CUPA2","885855"
"CUST4","564188"
"CUVI","161259"
"CUWR","161260"
"CUOR3","182480"
"CUSC","283432"
"CUAM3","161264"
"CUAP","161265"
"CUAT","56930"
"CUBR","76544"
"CUBRA","240204"
"CUBRB","240205"
"CUCA","57019"
"CUCAA","57025"
"CUCAB","57024"
"CUCAC","57026"
"CUCAP","57027"
"CUCE2","161266"
"CUCE","52727"
"CUCO2","161267"
"CUCOC","240206"
"CUCOE","240207"
"CUCO3","161268"
"CUCU2","148335"
"CUDE","161269"
"CUDE3","161270"
"CUDE2","76546"
"CUDED","240208"
"CUER","161271"
"CUEX","161272"
"CUFA","161273"
"CUGL5","284931"
"CUGL3","161274"
"CUGR","142733"
"CUGRC","142732"
"CUGRG","142731"
"CUHA","161275"
"CUHO","60183"
"CUIN","76547"
"CUINB","240210"
"CUINI","80642"
"CUINL","240211"
"CUINN","240212"
"CULE","161276"
"CUME4","161277"
"CUMI2","161278"
"CUOB","76551"
"CUOBG","80644"
"CUOD","161279"
"CUPE3","161280"
"CUPEG","240213"
"CUPEP2","240214"
"CUPEP3","240215"
"CUPL","121969"
"CUPO","62353"
"CUPO2","161281"
"CUPOG","240216"
"CURO","161282"
"CURU","161283"
"CUSA","64204"
"CUSAM","64203"
"CUSAP","240217"
"CUSAS","240218"
"CUSA2","161284"
"CUSQ","161285"
"CUSU3","76557"
"CUSUS","240219"
"CUSUS2","181734"
"CUTU","161286"
"CUUM","161287"
"CUVE2","76558"
"CUWA2","161288"
"CUDO3","76559"
"CUQU","76560"
"CYAC4","161290"
"CYAC5","161291"
"CYAN6","161292"
"CYAR10","161293"
"CYAS","161294"
"CYAS2","161295"
"CYCA23","161296"
"CYCO11","161298"
"CYCO12","161299"
"CYCOC","235514"
"CYCOH2","235515"
"CYCO13","161300"
"CYCR9","191167"
"CYCY7","161301"
"CYDO3","161303"
"CYDU3","191168"
"CYDU5","161305"
"CYEL8","161306"
"CYEL5","161307"
"CYFA5","161308"
"CYFI6","161309"
"CYFIF","235516"
"CYFIG","235517"
"CYFL4","448525"
"CYGI5","161310"
"CYGL5","161311"
"CYGR8","161312"
"CYGRG","235518"
"CYGRO","235519"
"CYHA13","161313"
"CYHA6","161314"
"CYHAC","235520"
"CYHAH","235521"
"CYHA7","161315"
"CYHI5","161316"
"CYHO6","161317"
"CYHU2","851064"
"CYKA11","161318"
"CYKO3","161319"
"CYKO4","739416"
"CYKU3","161320"
"CYKU","161321"
"CYLA12","161322"
"CYLE5","161323"
"CYLI6","161324"
"CYLI7","161325"
"CYLO5","161326"
"CYLOB","508038"
"CYLOL","508039"
"CYLO12","739417"
"CYLO7","161327"
"CYMA10","161328"
"CYMAG","235522"
"CYMAM","235523"
"CYMA5","161329"
"CYMA12","161330"
"CYMA23","161331"
"CYMA14","161332"
"CYMA24","161333"
"CYMC","161334"
"CYME9","161335"
"CYMU10","161336"
"CYOB4","161337"
"CYPA23","851065"
"CYPI4","161338"
"CYPIL","235524"
"CYPIP","235525"
"CYPI5","161339"
"CYPL7","161340"
"CYPO5","161341"
"CYPR8","161342"
"CYPR9","161343"
"CYPU11","543573"
"CYPY","161344"
"CYQU","161345"
"CYRE8","161346"
"CYRE10","161347"
"CYRI4","500724"
"CYSA9","161348"
"CYSC7","161349"
"CYSE12","161350"
"CYSH","127559"
"CYSO","161351"
"CYSO2","161352"
"CYSP5","161353"
"CYST8","191170"
"CYST5","161354"
"CYSU8","161355"
"CYSUR","235526"
"CYSUS","235527"
"CYSY","161356"
"CYTR6","161357"
"CYTR7","161358"
"CYUN5","63080"
"CYAN","989767"
"CYAR","132629"
"CYAR13","1003061"
"CYBO3","1003076"
"CYFU","1544100"
"CYLU5","472136"
"CYNI7","881329"
"CYPA7","1003465"
"CYPU8","467625"
"CYTE10","775363"
"CYSI","NaN"
"CYMI8","136213"
"CYXA2","204300"
"CYHU","76561"
"CYHUH","80647"
"CYHUJ","80648"
"CYHUV","80649"
"CYDI","161360"
"CYGR16","891006"
"CYNA5","553992"
"CYST10","1293463"
"CYVA4","161361"
"CYAT","76562"
"CYKI3","1123191"
"CYPR3","1272141"
"CYSE4","275668"
"CYCR10","281231"
"CYEL6","276579"
"CYMI7","NaN"
"CYAE","273930"
"CYAN12","NaN"
"CYOB7","161362"
"CYRH","161363"
"CYCO21","NaN"
"CYDE17","NaN"
"CYFO4","321642"
"CYKE4","333536"
"CYMU11","438445"
"CYNE5","NaN"
"CYTE15","NaN"
"CYVI16","623258"
"CYVI17","NaN"
"CYAB2","NaN"
"CYAC8","49354"
"CYACA2","314255"
"CYACC2","318139"
"CYACM","318140"
"CYACT","321641"
"CYAR14","274274"
"CYBI9","49351"
"CYCA25","76564"
"CYCAC","318131"
"CYCAP5","318122"
"CYDA4","274277"
"CYEC3","49357"
"CYFU10","129418"
"CYFUF","129417"
"CYFUM","129419"
"CYGA5","76565"
"CYIM2","273618"
"CYIMA","314202"
"CYIMI","314259"
"CYKL","274278"
"CYLE8","202757"
"CYMU12","76566"
"CYPR19","76567"
"CYRA9","68416"
"CYSP8","129383"
"CYTU3","274441"
"CYVE3","281847"
"CYWH","472472"
"CYWO","76568"
"CYFI3","NaN"
"CYRO9","50379"
"CYSE10","50381"
"CYFR4","161366"
"CYAB","76570"
"CYAC","148077"
"CYACA","240220"
"CYACF","240221"
"CYACG","240222"
"CYACH","240223"
"CYACP","240224"
"CYBA3","161367"
"CYBE2","161368"
"CYBU","148078"
"CYCI2","76571"
"CYCO22","161369"
"CYCO4","161370"
"CYCO5","161371"
"CYDA3","161372"
"CYDE","76572"
"CYDO2","161373"
"CYDU","161374"
"CYEV","161375"
"CYGI","76573"
"CYGL","161376"
"CYGL2","76574"
"CYGO","161377"
"CYIB","161378"
"CYJO","161379"
"CYLA10","161380"
"CYLO","161381"
"CYMA","161382"
"CYME","161383"
"CYMI2","161384"
"CYMO","161385"
"CYMU2","76575"
"CYNE","161386"
"CYNI3","161387"
"CYPA","76576"
"CYPAA","80653"
"CYPAP","80654"
"CYPL","161388"
"CYPU","76577"
"CYPU2","148080"
"CYRI2","76578"
"CYRO3","161389"
"CYSP","1076415"
"CYWI3","161390"
"CYAN4","NaN"
"CYAN5","127556"
"CYAR12","161391"
"CYBA","161392"
"CYBL","161393"
"CYCH","348453"
"CYCU3","632414"
"CYEP","348454"
"CYGR3","1270349"
"CYLA","136381"
"CYLI8","161394"
"CYLI3","348455"
"CYMA3","161395"
"CYMO6","348456"
"CYNO","161396"
"CYPA10","348457"
"CYPR11","161397"
"CYRA4","161398"
"CYRAU","240225"
"CYSC5","130873"
"CYUT","161400"
"CYWI4","161401"
"CYAL5","161406"
"CYGL6","161407"
"CYGR15","161408"
"CYJE","161409"
"CYPO8","161410"
"CYSC9","161411"
"CYST70","161412"
"CYST6","161413"
"CYTE13","161414"
"CYGR","49142"
"CYOC","76580"
"CYVI","67789"
"CYVIB","205876"
"CYVIV","240227"
"CYPO2","1447679"
"CYRA8","132923"
"CYDI2","128089"
"CYDE9","NaN"
"CYAC2","76582"
"CYAG","161419"
"CYAM","161420"
"CYAR4","161422"
"CYAU2","161423"
"CYBI6","76583"
"CYCA18","NaN"
"CYCE","52725"
"CYCO","161424"
"CYCO2","327351"
"CYCR6","161426"
"CYCU","161427"
"CYCY","161428"
"CYDE2","161429"
"CYDE10","161430"
"CYDI3","161431"
"CYDI5","161432"
"CYDI15","354235"
"CYDI7","873492"
"CYDI8","161434"
"CYDR4","141073"
"CYEC2","129087"
"CYEL","161435"
"CYER","59055"
"CYER2","59060"
"CYESH","NaN"
"CYESM","80659"
"CYFA3","161437"
"CYFE2","161438"
"CYFI","161439"
"CYFI4","161440"
"CYFL","76585"
"CYFL5","76586"
"CYFL3","NaN"
"CYFL10","974004"
"CYFL6","161441"
"CYFU9","290530"
"CYFU2","161442"
"CYGI2","873491"
"CYGR10","161445"
"CYGR2","141075"
"CYGR11","161446"
"CYHA","161447"
"CYHE2","202341"
"CYHI","161448"
"CYHID","240230"
"CYHIH2","240231"
"CYHO","161449"
"CYHY2","161450"
"CYHYB","240232"
"CYHYH","240233"
"CYHYK","240234"
"CYHY6","161451"
"CYHY","161452"
"CYIM","873490"
"CYJA","161453"
"CYLA2","76590"
"CYLA3","161454"
"CYLA5","161455"
"CYLE2","161456"
"CYLE","161457"
"CYLI","161458"
"CYLU2","161460"
"CYLUL","235533"
"CYLUM","235534"
"CYMA4","161461"
"CYMAA","735352"
"CYMU4","161463"
"CYNA2","161464"
"CYNAN2","1054492"
"CYNAS","240235"
"CYNE2","448419"
"CYNI2","76591"
"CYOC2","161465"
"CYOD","886765"
"CYON","161466"
"CYOV3","161467"
"CYOX","161468"
"CYPA24","280853"
"CYPA4","76592"
"CYPE3","161470"
"CYPEB","240236"
"CYPEP","240237"
"CYPH2","161472"
"CYPHH","240238"
"CYPHP","240239"
"CYPL4","161474"
"CYPL3","161475"
"CYPO","161476"
"CYPOM","240240"
"CYPOP2","240241"
"CYPOT","240242"
"CYPS3","336917"
"CYPS","161479"
"CYPU15","1591788"
"CYRE2","161481"
"CYRE3","161482"
"CYRE14","161483"
"CYRE4","161484"
"CYRE5","849509"
"CYRER2","240243"
"CYRER","240244"
"CYRO2","161486"
"CYSA","161487"
"CYSC3","161489"
"CYSE2","161491"
"CYSE3","161492"
"CYSP2","161493"
"CYSP3","161494"
"CYSP7","161495"
"CYSQ","59061"
"CYST","59063"
"CYSU13","775473"
"CYSU","161496"
"CYSW","290634"
"CYTE16","427443"
"CYTE4","290641"
"CYTE5","161497"
"CYTH","161498"
"CYTR2","161499"
"CYUN3","290650"
"CYUR","NaN"
"CYVI2","161501"
"CYCR2","161503"
"CYGY","161504"
"CYAL10","NaN"
"CYAN2","NaN"
"CYANA","359212"
"CYANF","359211"
"CYANL2","NaN"
"CYCO23","NaN"
"CYAC3","47588"
"CYAR5","57844"
"CYCA4","50710"
"CYCA5","55628"
"CYFA","50711"
"CYGU","161505"
"CYKE2","161506"
"CYMO2","50712"
"CYPA19","50713"
"CYPAM3","80660"
"CYPAP4","635534"
"CYPAP3","623649"
"CYPA5","55630"
"CYRE6","51434"
"CYYA","436173"
"CYHU3","76594"
"CYPA6","1525815"
"CYRA","161508"
"CYAL3","NaN"
"CYAL4","NaN"
"CYAM4","NaN"
"CYAT2","NaN"
"CYAX","NaN"
"CYBA5","NaN"
"CYCA11","NaN"
"CYCA12","NaN"
"CYCA13","NaN"
"CYCH4","NaN"
"CYCL","NaN"
"CYCO8","NaN"
"CYCR7","NaN"
"CYCR3","NaN"
"CYCU2","NaN"
"CYFE5","NaN"
"CYFE6","NaN"
"CYFO2","NaN"
"CYGE","NaN"
"CYHI6","NaN"
"CYHO3","NaN"
"CYHO4","NaN"
"CYKA","NaN"
"CYKA2","NaN"
"CYKI","NaN"
"CYKI2","NaN"
"CYLA6","NaN"
"CYMA7","NaN"
"CYMA8","NaN"
"CYNU2","NaN"
"CYOP","NaN"
"CYPU5","NaN"
"CYRA3","NaN"
"CYRO4","NaN"
"CYSC6","NaN"
"CYSU4","NaN"
"CYTU","NaN"
"CYUM2","NaN"
"CYVI4","NaN"
"CYWA10","NaN"
"CYBI3","161509"
"CYCA8","161510"
"CYCO7","161511"
"CYCO9","161512"
"CYCR4","161513"
"CYCY3","161514"
"CYDE4","161515"
"CYFE9","161516"
"CYFI5","161517"
"CYGA2","161518"
"CYGI3","161519"
"CYGR4","161520"
"CYGR5","161521"
"CYGR6","161522"
"CYGR12","161523"
"CYHA2","161524"
"CYHA3","161525"
"CYHA4","161526"
"CYHE6","498255"
"CYHE4","161527"
"CYKA5","NaN"
"CYKA12","161529"
"CYKA8","161530"
"CYKA9","161531"
"CYKE","161532"
"CYKO","161533"
"CYLA8","161534"
"CYLE3","161535"
"CYLI9","161536"
"CYLO3","161537"
"CYLY","161538"
"CYLY2","161539"
"CYMA22","161540"
"CYMA6","161541"
"CYME7","161542"
"CYMU5","161543"
"CYNA4","NaN"
"CYOE","161545"
"CYOL3","161546"
"CYOX2","161547"
"CYPA2","1144633"
"CYPA27","161548"
"CYPA12","161549"
"CYPAM","240252"
"CYPAP2","240253"
"CYPI2","161550"
"CYPL5","161551"
"CYPO4","161552"
"CYPR5","161553"
"CYPR6","161554"
"CYPR7","161555"
"CYRI3","161556"
"CYSA2","161557"
"CYSE7","161558"
"CYSP4","161559"
"CYSU6","161560"
"CYTI","161561"
"CYTO4","1144632"
"CYVI7","161562"
"CYWA13","448436"
"CYWA","161563"
"CYWA3","1517015"
"CYWA4","161564"
"CYWA6","161565"
"CYIN11","161566"
"CYMI6","161567"
"CYPY2","161568"
"CYSC10","161569"
"CYOX3","897301"
"CYPA22","427440"
"CYCA7","137789"
"CYHY4","161571"
"CYHY70","161572"
"CYPU4","161574"
"CYIL","NaN"
"CYWA8","NaN"
"CYBU3","82559"
"CYDO","161575"
"CYFR2","1619609"
"CYLA4","137785"
"CYMO3","1619610"
"CYPR4","82562"
"CYRE15","161577"
"CYTE3","136556"
"CYTE7","58762"
"CYUT2","137786"
"CYOG","1144523"
"DAEX","544044"
"DAAR","161581"
"DAARA","240254"
"DAARK","240255"
"DAVI6","128599"
"DABE","924254"
"DABR2","161583"
"DACA18","133652"
"DAEC","131244"
"DAHO2","1144645"
"DAMO3","139272"
"DAST3","1144641"
"DAAD","161585"
"DAAL2","NaN"
"DAAL","161586"
"DAAU","161587"
"DAAU3","161588"
"DABA2","161589"
"DABI","139273"
"DABIA","959300"
"DABR","161590"
"DACA19","161591"
"DACA7","81598"
"DACAC","240258"
"DACAO","318257"
"DACA8","161592"
"DACA9","161593"
"DACAC3","1523551"
"DACAF","545203"
"DACAP","1205268"
"DACE2","1557435"
"DACO2","139274"
"DACOC","1476488"
"DACOP","240264"
"DACY","161594"
"DAEM2","161595"
"DAEN","161596"
"DAEX2","161597"
"DAEX3","161598"
"DAFE2","161599"
"DAFI","161600"
"DAFL","148914"
"DAFO2","161601"
"DAFO","82468"
"DAFR2","161602"
"DAGA","161603"
"DAGR","161604"
"DAGR2","161605"
"DAHA","161606"
"DAJA","161607"
"DALA","161608"
"DALA3","122566"
"DALAL","122565"
"DALAT","122563"
"DALA6","161609"
"DALA4","139275"
"DALE3","68051"
"DALU","161610"
"DAMO","76600"
"DAMO2","76601"
"DAMO4","774524"
"DAMU","161611"
"DANA","161612"
"DANAC","968669"
"DANAN","240266"
"DANE","274104"
"DANEL","316180"
"DANEN","316210"
"DAOB","139276"
"DAOR2","63684"
"DAPH2","161614"
"DAPHM","938844"
"DAPHP","240270"
"DAPI2","127227"
"DAPIP","240271"
"DAPIT","240272"
"DAPO","161615"
"DAPOP","240273"
"DAPOW","240274"
"DAPO3","161616"
"DAPR","161617"
"DAPU4","161618"
"DAPU5","63547"
"DAPUA","63544"
"DAPUP","63546"
"DARE2","161619"
"DASA","139277"
"DASC3","139278"
"DASCP","240275"
"DASC4","161620"
"DASE3","76602"
"DATE4","161621"
"DATE5","161622"
"DATE6","161623"
"DAUR","161624"
"DAVE","161625"
"DAVES","240276"
"DAVEV","318259"
"DAVI","161626"
"DAVIG","240277"
"DAVIV","240278"
"DAWR","161627"
"DAWRW2","NaN"
"DAWRW","NaN"
"DASC5","282249"
"DARE","161628"
"DASP4","161629"
"DACA12","60252"
"DAEL","282441"
"DAJA2","1648357"
"DAJE","1001995"
"DANO","275569"
"DAUR2","NaN"
"DACA3","57165"
"DACO","141620"
"DAEP2","161630"
"DAIN","76604"
"DAPA2","161631"
"DASE2","161634"
"DASP2","130174"
"DAUN","76605"
"DAAM2","286451"
"DAAMC","479404"
"DAHE2","1156482"
"DAPH","1228528"
"DACA5","52652"
"DAPE","67696"
"DAFR6","76606"
"DAFRF","235553"
"DAMA","84972"
"DAHE","161635"
"DALE2","129375"
"DATE3","129372"
"DAWH2","129370"
"DADA","161636"
"DAPU7","76607"
"DAGL2","58888"
"DADI2","76608"
"DAQU","290765"
"DAWR2","58331"
"DALA5","157039"
"DAPU3","56726"
"DAAN2","1272165"
"DADE4","345974"
"DADED","345975"
"DAEM","1272164"
"DAHE3","425341"
"DAPE7","427458"
"DARE5","427455"
"DASO","425336"
"DEOB7","929558"
"DEPA5","966171"
"DERA6","1123218"
"DEVE","83456"
"DEBA4","161641"
"DEEU","76611"
"DEPU6","123474"
"DERU","161642"
"DEAR8","58816"
"DEBA10","58817"
"DECL","58815"
"DECO13","58821"
"DECO14","60956"
"DECOC2","69933"
"DECOM","NaN"
"DEHA7","76613"
"DEIN15","76614"
"DEINF2","181625"
"DEINI8","79782"
"DEINV3","79783"
"DEMI4","76616"
"DEMO5","76617"
"DEPA17","76618"
"DEPE5","58814"
"DECO12","NaN"
"DEFA","161643"
"DELA4","161644"
"DELA11","161645"
"DELA6","161646"
"DENI","480360"
"DENIK","NaN"
"DENIN","NaN"
"DEPA9","161647"
"DERH2","161648"
"DESI3","161650"
"DESU","161651"
"DEUN2","63086"
"DEBU","NaN"
"DECO3","NaN"
"DEDI3","713495"
"DEIN7","NaN"
"DENU7","NaN"
"DEOC","1483588"
"DEPA4","543559"
"DEAL2","161652"
"DEAL","161653"
"DEAN","76621"
"DEAN2","161654"
"DEAN5","76622"
"DEBA","70414"
"DEBA2","161655"
"DEBA9","161656"
"DEBI","161657"
"DEBIB","235563"
"DEBIC","235564"
"DEBR","161658"
"DECA","51858"
"DECAC","51860"
"DECAI","51859"
"DECA2","76623"
"DECA3","161660"
"DECAC2","235567"
"DECAC3","128271"
"DECAV","235569"
"DECAV2","235570"
"DECH","161661"
"DEDE","59812"
"DEDED","79784"
"DEDET","79785"
"DEDE2","76624"
"DEDI11","161662"
"DEEX","129616"
"DEGE","161665"
"DEGE2","161666"
"DEGL","145531"
"DEGL2","161667"
"DEGL3","76625"
"DEGR","76626"
"DEGY","56068"
"DEGYG","56070"
"DEGYP","56069"
"DEHA","59978"
"DEHAE","79786"
"DEHAH","79787"
"DEHAK","79788"
"DEHE","59977"
"DEHEC","79789"
"DEHEH","57238"
"DEHEP","58997"
"DEHU","76627"
"DEIN","76628"
"DELI3","161669"
"DELU","76629"
"DEMA5","161670"
"DEME","153479"
"DEMEM","153478"
"DEMEP3","153476"
"DEMU","161671"
"DENE2","85360"
"DENO","161672"
"DENU","50642"
"DENU2","76630"
"DENU3","128582"
"DENUN2","235584"
"DENUO","235585"
"DEPA","68570"
"DEPAP4","79790"
"DEPAP3","79791"
"DEPAS","79792"
"DEPA2","58303"
"DEPAB","79793"
"DEPAE2","79794"
"DEPAM2","79795"
"DEPAP5","58999"
"DEPAP6","58304"
"DEPA3","57237"
"DEPAH","57248"
"DEPAM","57247"
"DEPAP7","57246"
"DEPO","76631"
"DEPU","76632"
"DERA","161673"
"DERE2","58305"
"DERO","161674"
"DESA","161675"
"DESC","891518"
"DESC2","161676"
"DEST","76634"
"DESU7","161678"
"DETR3","161680"
"DETR","81800"
"DETR2","76635"
"DEUL","76636"
"DEUM","76637"
"DEVA","50632"
"DEVAK","50631"
"DEVAT","50634"
"DEVAV","50633"
"DEVI2","161681"
"DEWO","161682"
"DEXA","161683"
"DEAB","55340"
"DEGR10","161686"
"DEBR7","903546"
"DEIM","1144526"
"DEKE2","1144525"
"DEPA19","1144522"
"DEPA18","1144521"
"DEHA3","76638"
"DERI","58224"
"DERIR","235606"
"DERIR2","235607"
"DEAR","209905"
"DELA3","430183"
"DEBI4","848917"
"DECA9","361090"
"DEPU5","848938"
"DESI2","848944"
"DEDO","1116019"
"DEFL2","1225997"
"DESE4","1341298"
"DELI8","131250"
"DEBI3","137787"
"DECI3","161687"
"DEGL6","161688"
"DEOB3","508560"
"DEPU2","63115"
"DEAC4","82552"
"DECA4","1130946"
"DEFE2","161689"
"DEKA","161691"
"DEMA6","161692"
"DETR5","354252"
"DEAL6","161695"
"DEBE2","161696"
"DEBR2","161697"
"DECE","76639"
"DEDA","57164"
"DEEL","52722"
"DEFL","129779"
"DEFLF","240279"
"DEFLM","240280"
"DEHO2","61832"
"DENU6","161699"
"DECA6","76641"
"DEIN5","76642"
"DEINI","235608"
"DEINI2","235609"
"DEINP","235610"
"DEINV","235611"
"DEOB","161701"
"DEOBA","235612"
"DEOBO","235614"
"DEPA14","76646"
"DEPAN","235615"
"DEPAP10","181642"
"DEPI","58072"
"DEPIB","59235"
"DEPIF","148172"
"DEPIG","59232"
"DEPIH","59233"
"DEPII","59236"
"DEPIM","58858"
"DEPIN","235623"
"DEPIO2","59230"
"DEPIP2","235625"
"DEPIP3","318193"
"DERA2","161702"
"DESO3","161703"
"DEAC3","557153"
"DEBI8","161705"
"DECO2","161707"
"DECO4","161708"
"DEGL8","161709"
"DEIL","128701"
"DELE2","161710"
"DELE8","316690"
"DEOB2","161711"
"DEPE4","370012"
"DERE3","161712"
"DETA","1105195"
"DETAB","1105194"
"DEVE2","161713"
"DEVI3","161714"
"DECE70","161715"
"DECO10","161716"
"DEGU","161717"
"DEHE7","161718"
"DEHEA","240284"
"DEHEH3","240285"
"DELA70","154165"
"DELA71","161719"
"DELE70","161720"
"DEOB70","161721"
"DEPL3","161722"
"DEPO3","161723"
"DERA3","161724"
"DESY70","161725"
"DEAD","139177"
"DEAF","289855"
"DEAR2","161726"
"DEAX","116692"
"DEAXA","NaN"
"DEAXA2","NaN"
"DEAXS","NaN"
"DEBA5","139178"
"DEBA3","161727"
"DECA7","129505"
"DECA8","132597"
"DECI","161729"
"DECIC","240286"
"DECIL","240287"
"DECI2","161730"
"DECU2","NaN"
"DECU","161731"
"DECUC","240288"
"DECUL","240289"
"DEFE","161732"
"DEFL3","161733"
"DEGL4","130994"
"DEGL7","161734"
"DEGL5","121933"
"DEGR2","139180"
"DEGR5","128775"
"DEHEH4","NaN"
"DEHES","240290"
"DEHU3","161736"
"DEIL2","161737"
"DEIN3","116694"
"DEINA","NaN"
"DEINI3","240291"
"DEIN2","139181"
"DELA2","161738"
"DELI","139182"
"DELI2","131572"
"DEMA2","1593148"
"DEME2","161740"
"DENE","161741"
"DENU4","85323"
"DENU5","139183"
"DEOB5","161742"
"DEOC2","161743"
"DEPA6","1528913"
"DEPAE","240292"
"DEPAP2","240293"
"DEPA7","161744"
"DEPE80","161745"
"DEPR2","161746"
"DEPRE","240294"
"DEPRP","1275059"
"DEPS","161747"
"DEPS2","161748"
"DERE4","161749"
"DERO2","161750"
"DERO3","161751"
"DESC3","161753"
"DESC5","161754"
"DESE","146703"
"DEST2","777167"
"DETE3","161756"
"DETO","131576"
"DETR4","161757"
"DETW","161758"
"DEUM4","583613"
"DEVI4","161759"
"DEWY","290487"
"DISM3","161762"
"DICA9","1144555"
"DISA6","123242"
"DIRE","161764"
"DILA","144183"
"DILAL","491266"
"DILAO2","917794"
"DIAM","154313"
"DIOB3","161767"
"DICA","48952"
"DICU","51053"
"DIEX","63696"
"DIFO","51048"
"DIFOF","51049"
"DIFOO","235636"
"DINE","60611"
"DIPA","60612"
"DIUN","60548"
"DITH3","170672"
"DICH4","161770"
"DICO5","161771"
"DIDE5","161772"
"DIFR","161773"
"DIFRF2","778764"
"DIFRM","775817"
"DIIM","161774"
"DIIMS","NaN"
"DILI3","161775"
"DILIL2","240295"
"DILIR","240296"
"DIOD","161776"
"DIRA2","161777"
"DIHY","706854"
"DILA23","1138403"
"DIPE9","1645290"
"DICA2","161778"
"DISC4","1505025"
"DIAC","161779"
"DIAC2","1493084"
"DIACA","240297"
"DIACF","240298"
"DIACL","240299"
"DIACS","240300"
"DIACT2","154415"
"DIACT","240301"
"DIBO","161780"
"DIBO2","161781"
"DICL","131000"
"DICO2","161782"
"DICO4","161783"
"DICY","161784"
"DIDE4","161785"
"DIDI6","1359644"
"DIDIB","145727"
"DIDID","145729"
"DIDIE","145725"
"DIDIG","240302"
"DIDIT","240303"
"DIER4","161786"
"DIHI2","161787"
"DIHI13","161788"
"DIIS2","161789"
"DIKO","161790"
"DILA8","143435"
"DILA9","161791"
"DILE2","161792"
"DILE4","161793"
"DILI2","161794"
"DILO4","161795"
"DIMA5","129088"
"DIME2","161796"
"DINO","161797"
"DIOL","161798"
"DIOLO","240304"
"DIOLS","240305"
"DIOV","161799"
"DIOVA","240306"
"DIOVO","240307"
"DIPE4","161800"
"DIRA","161801"
"DISA5","161802"
"DISAP","240308"
"DISAT","240309"
"DISC2","133040"
"DISC3","161803"
"DISP2","161804"
"DISPI","240310"
"DISPS3","240311"
"DISP4","161805"
"DIST5","161806"
"DISTG","240312"
"DISTL","240313"
"DISTS","240314"
"DIVI7","161807"
"DIVIP","205880"
"DIVIV","240315"
"DIWI5","161808"
"DIWR3","161809"
"DIXA","161810"
"DIVE6","446697"
"DICA14","50654"
"DICAC5","59083"
"DICAP","79801"
"DICO19","56593"
"DIID","76649"
"DIMU5","62262"
"DIVO","59971"
"DICA28","161815"
"DIFA6","161816"
"DIPA18","161817"
"DIUN6","161818"
"DIOL2","161819"
"DIPE7","633432"
"DIAR2","161821"
"DIBR","161822"
"DICA3","128939"
"DIDO3","61175"
"DIOC2","76651"
"DIRE2","161823"
"DISE8","161825"
"DICI3","179772"
"DIBR2","161826"
"DIKR","1121443"
"DIMA23","950659"
"DIRE4","161828"
"DISE9","161829"
"DICA4","76652"
"DICAB","235640"
"DICAC2","235641"
"DICAC","235642"
"DICAH","235643"
"DICAW","235644"
"DICE70","161830"
"DICR70","161831"
"DIGR70","161832"
"DIHE70","67876"
"DIHI8","161833"
"DIHO4","161834"
"DILI9","161835"
"DIPA19","161836"
"DIPA20","161837"
"DIRU70","161838"
"DISC8","161839"
"DISCR","240316"
"DISCS","240317"
"DIST7","161841"
"DISU70","161842"
"DIVA7","129630"
"DIPA3","161843"
"DIAS5","161844"
"DIDE6","161845"
"DISU3","161846"
"DIUN7","161847"
"DIEM","161848"
"DIEME","240318"
"DIEMI","240319"
"DIFL2","161849"
"DILI","52492"
"DILIF","904837"
"DILIL","240320"
"DILIM","240321"
"DIPE3","887289"
"DIRU2","348395"
"DICI5","67949"
"DICR71","154135"
"DIAC70","161850"
"DIAN70","161851"
"DIBO70","161852"
"DIBR8","161853"
"DICO17","161854"
"DIEL70","161855"
"DIFL6","161856"
"DIFR70","161857"
"DIFU3","161858"
"DIFU5","123177"
"DIFUF2","240322"
"DIFUF","240323"
"DIGR71","161859"
"DIHO5","161860"
"DILA19","161861"
"DILE6","161862"
"DIMA18","161863"
"DIMAM","240324"
"DIMAO","240325"
"DIMO6","161864"
"DIMU70","161865"
"DION","161866"
"DIPA21","161867"
"DIPO70","161868"
"DIRH","161869"
"DISC71","123134"
"DISP7","161870"
"DISP8","161871"
"DITA","161872"
"DIUN8","161873"
"DIVI12","161874"
"DIDI","143758"
"DIAS70","161877"
"DIFA7","154312"
"DIFAF","704900"
"DIFAR70","240327"
"DIJO2","161879"
"DILE7","161880"
"DIMA17","161881"
"DIMI8","161882"
"DINE4","161884"
"DINI4","161885"
"DINO3","148214"
"DIPE8","161886"
"DIRE12","161887"
"DIRE13","161888"
"DIRI6","161889"
"DIRIG","318162"
"DIRII","240328"
"DIRIR","240329"
"DIRIS","240330"
"DISU4","161890"
"DITO4","161891"
"DIVI13","161892"
"DIVIB","240331"
"DIVIF2","240332"
"DIVIL2","240333"
"DIVIN","240334"
"DIVIR","240335"
"DIVIV3","240336"
"DIMI10","550004"
"DIFA2","1551523"
"DISE7","206266"
"DILA24","NaN"
"DIER3","161893"
"DIFA","137790"
"DILA7","161894"
"DILE9","137791"
"DIMA3","161895"
"DIPA25","161896"
"DIUN3","161897"
"DIVO2","555839"
"DILO","67983"
"DIRI","52758"
"DISE","161898"
"DIAR7","1361948"
"DIAR3","274160"
"DIBI","161900"
"DICA8","76656"
"DICI","76657"
"DICO6","161901"
"DIDO","161902"
"DIEG","NaN"
"DIFI","161904"
"DIFL","161905"
"DIGR","161907"
"DIHE","577822"
"DIHI3","161908"
"DIIN2","53184"
"DILO2","161910"
"DIPA4","288200"
"DIPA6","161913"
"DIPA5","161914"
"DIPU9","288243"
"DISE3","161915"
"DISI2","1266267"
"DISI","161917"
"DITE","161918"
"DIVI","161920"
"DIMO5","637686"
"DIHO2","76659"
"DICH14","897316"
"DIORT","NaN"
"DICA31","161922"
"DIPI2","161923"
"DIWI2","161924"
"DIHE2","290080"
"DIMU","161926"
"DIAP","161928"
"DIOC4","291343"
"DISA8","291344"
"DITE2","76663"
"DITEA","240342"
"DITEH2","240343"
"DITEH","240344"
"DITEO","240345"
"DITET","240346"
"DIVI3","131003"
"DIVIA","240347"
"DIVIL","240348"
"DIVIV2","240349"
"DIMU4","52666"
"DIFL8","1144543"
"DIFL4","161931"
"DIPI","281152"
"DIPO2","291154"
"DIQU","148290"
"DIRO","NaN"
"DIVI4","129324"
"DIBL3","83582"
"DIFE6","343774"
"DIFEP","NaN"
"DIFO4","866474"
"DIHI4","161934"
"DIRE6","284957"
"DISA10","124448"
"DISI3","1117613"
"DITE3","120505"
"DIVI5","83435"
"DICY2","157026"
"DITH","290443"
"DICU4","161935"
"DIFO3","161936"
"DIAR6","161937"
"DIAU","777371"
"DIAUA","773020"
"DIAUA2","235653"
"DICA12","161939"
"DICL2","161940"
"DIFA3","161941"
"DIGR5","161942"
"DILI4","161943"
"DILO5","161944"
"DILO6","161945"
"DIPA10","161946"
"DIPU4","161947"
"DIRU3","161948"
"DIRU9","161949"
"DICE","1152055"
"DICR","274308"
"DIEX3","274311"
"DIGR2","137792"
"DIHY2","119714"
"DILH","1225893"
"DILO3","137788"
"DIME11","472419"
"DIME","161951"
"DIMO4","161952"
"DIPL2","275691"
"DIPY","82550"
"DIRI2","1661886"
"DISA3","161953"
"DIST2","275693"
"DISY3","137817"
"DIUN4","1276069"
"DIEL5","NaN"
"DIAL11","123963"
"DIAN7","161954"
"DIAP4","161955"
"DIAPA","240350"
"DIAPT","240351"
"DIIM2","161956"
"DIMI11","161957"
"DIOB4","161958"
"DIOB5","56507"
"DIPL3","56510"
"DITA3","56513"
"DITAM","56511"
"DITAM2","56514"
"DITAT","56512"
"DIPI3","161959"
"DIFR8","140786"
"DIOC3","50315"
"DIPA9","50312"
"DINU5","161961"
"DIHA7","1123195"
"DIME12","1144695"
"DIPA33","1123209"
"DINE7","737333"
"DICA5","76666"
"DIBI2","161962"
"DICA29","161964"
"DICAC3","240353"
"DICAC4","240354"
"DIHA70","161965"
"DIIN70","161966"
"DISP","58372"
"DILA10","348400"
"DICA7","76672"
"DIMA6","76673"
"DIAM5","67874"
"DIFL70","161967"
"DIHE3","161968"
"DILI10","161969"
"DIMO8","161970"
"DIPA22","161971"
"DIPU7","161972"
"DIRH2","161973"
"DISC6","128553"
"DIZO","161974"
"DIZOS","240355"
"DIZOZ","240356"
"DIFR6","333385"
"DIMY","1228321"
"DOLE","76674"
"DOAL","76675"
"DOALA","235684"
"DOALM","235685"
"DOAM","161975"
"DOAU","161976"
"DOCL","50286"
"DOCLC","50285"
"DOCLI","50288"
"DOCLP","50287"
"DOCLS","50289"
"DOCO","76676"
"DOCOC3","240357"
"DOCOV2","240358"
"DODE","161977"
"DODED2","235690"
"DODEE","235691"
"DODEU","235692"
"DOFR2","161978"
"DOFR","161979"
"DOHE","49287"
"DOHEC","49310"
"DOHEH3","49307"
"DOHEH","49309"
"DOHEP","49308"
"DOJE","60528"
"DOJEJ","235697"
"DOJEP","235698"
"DOME","116353"
"DOMEB2","235699"
"DOMEM3","235700"
"DOPO","161980"
"DOPU","76677"
"DOPUC","235701"
"DOPUM2","235702"
"DOPUM3","235703"
"DOPUP2","235704"
"DORE","76678"
"DOSU","60540"
"DOVI","122711"
"DOIN2","161981"
"DOSE","132745"
"DOUM2","120179"
"DOUMP2","240360"
"DOUMU","240361"
"DOSP3","191683"
"DOMA","348407"
"DOOL","933512"
"DOHA2","551033"
"DOCA5","897562"
"DOCO5","161982"
"DOMA3","161983"
"DOKU","161984"
"DOLY","161985"
"DOCO3","161987"
"DOAN2","161988"
"DODE4","161989"
"DODE2","448531"
"DOPE","327372"
"DOSU2","448532"
"DOTA2","161990"
"DOAL2","161991"
"DOAR","161992"
"DOBE2","161993"
"DOCO7","161994"
"DOGO","161995"
"DOID","161996"
"DOLA","143940"
"DOLAC","143938"
"DOLAL","143939"
"DOMO","161997"
"DONI","161998"
"DONID","240362"
"DONIN","240363"
"DOOC","161999"
"DOOV","56515"
"DOBA","76680"
"DOBE","60160"
"DOBI","60161"
"DOBIB","64166"
"DOBIP","80672"
"DOCO2","60162"
"DOCOB","80673"
"DOCOC","80674"
"DOCOT","240364"
"DOCU","60163"
"DOEL","76681"
"DOELB","240365"
"DOELE","181741"
"DOIN","60164"
"DOLA2","76682"
"DOMO2","76683"
"DOOR","60165"
"DOORE","1362748"
"DOORO","64167"
"DOPU2","60167"
"DOPU3","60166"
"DOYI","76686"
"DOEM","276235"
"DRAL4","76687"
"DRAL","162000"
"DRAL2","162001"
"DRAP2","162002"
"DRAR","162003"
"DRAR5","359565"
"DRAR2","162005"
"DRAR4","162006"
"DRAS","162007"
"DRASA","1485086"
"DRASK","240367"
"DRASS","240368"
"DRASZ","627889"
"DRAS2","76688"
"DRASA2","181469"
"DRASM","181470"
"DRAU","162008"
"DRAU2","76689"
"DRBO","162009"
"DRBR","162010"
"DRBR4","162011"
"DRBR2","76690"
"DRBRB","181623"
"DRBRC","209197"
"DRBU2","359712"
"DRCA","162012"
"DRCA5","76691"
"DRCA6","76693"
"DRCH","162013"
"DRCI","162014"
"DRCO","76694"
"DRCOC","240370"
"DRCOS","240371"
"DRCO3","851526"
"DRCR","162016"
"DRCR2","162017"
"DRCR3","76695"
"DRCU","76696"
"DRCUC","240372"
"DRCUI","240373"
"DRCUS","240374"
"DRCU2","162018"
"DRCUC3","240375"
"DRDA","162019"
"DRDE","76697"
"DREX3","162020"
"DRFL","162021"
"DRFLF2","240377"
"DRFLP","240378"
"DRGL","162022"
"DRGLG2","240380"
"DRGL6","162023"
"DRGR2","162024"
"DRGR3","162025"
"DRHE","162026"
"DRHEB","240383"
"DRHEB2","240384"
"DRHEH","240385"
"DRHEP","240386"
"DRHI2","162027"
"DRHO","76698"
"DRHY","162028"
"DRIN","162029"
"DRIN2","162030"
"DRINI4","NaN"
"DRINP","NaN"
"DRIN8","76699"
"DRJA","162032"
"DRJU2","162033"
"DRKA3","162034"
"DRLA","162036"
"DRLE","76700"
"DRLEC","240389"
"DRLEL","240390"
"DRLO","76701"
"DRLOL","240391"
"DRLOT","240392"
"DRLOV","240393"
"DRMA7","162038"
"DRMA2","162040"
"DRMAM","1558146"
"DRMO3","162042"
"DRMO4","76703"
"DRMU","162043"
"DRNE","76704"
"DRNI","162044"
"DRNIN2","240400"
"DRNO5","162045"
"DRNOC","240401"
"DRNON2","240402"
"DROB2","162046"
"DROG","162047"
"DROL","76706"
"DROR","162048"
"DRORO","240403"
"DRORS","533401"
"DRPA7","162049"
"DRPA11","162050"
"DRPA8","162051"
"DRPA","62073"
"DRPAP","62074"
"DRPAT","62072"
"DRPE7","359720"
"DRPE3","162052"
"DRPE2","162053"
"DRPEP","240405"
"DRPEV","240406"
"DRPL","162054"
"DRPO2","162055"
"DRPOB","240407"
"DRPOP","240408"
"DRPR","76707"
"DRPS","162056"
"DRPT","76708"
"DRPY","162057"
"DRRA","162058"
"DRRA2","162059"
"DRRE","162060"
"DRRE2","76709"
"DRRU","162061"
"DRSC","162062"
"DRSH","76711"
"DRSI","76712"
"DRSM","162063"
"DRSO","162064"
"DRSP","162065"
"DRSPO","240409"
"DRSPS","240410"
"DRSP2","162066"
"DRSP6","162067"
"DRST","162068"
"DRST2","162069"
"DRSTR","240411"
"DRSTS","1055652"
"DRST3","162070"
"DRST5","162071"
"DRST4","162072"
"DRSU","162073"
"DRSU2","162074"
"DRSU3","76713"
"DRTR3","162075"
"DRVE","162076"
"DRWE","162077"
"DRYU","162078"
"DRMU2","636753"
"DRPA2","162080"
"DRAS4","952548"
"DRPO","952549"
"DRAM","157180"
"DRSY","76714"
"DRAD2","154182"
"DRADA","240412"
"DRADG","NaN"
"DRADK","240413"
"DRADP","240414"
"DRBR70","162082"
"DRCA12","162083"
"DRCR7","162084"
"DRPS2","162086"
"DRSE3","162087"
"DRSI4","162088"
"DRAP3","162090"
"DRSA4","162091"
"DRBE4","NaN"
"DRCA15","NaN"
"DRHY2","553214"
"DRLI4","NaN"
"DROB","712281"
"DRWO","NaN"
"DRAN","52655"
"DRBR3","886770"
"DRBU3","776999"
"DRCA2","162094"
"DRFI","52657"
"DRIN3","53038"
"DRLI","162095"
"DRRO","52658"
"DRROC","240415"
"DRROG","240416"
"DRROR","240417"
"DRSP3","122208"
"DRTR4","162096"
"DRPR3","162097"
"DRSU9","NaN"
"DRWY","NaN"
"DRDR","83540"
"DRDRD","240418"
"DRDRE","240419"
"DRDRT","240420"
"DRIN4","162098"
"DRINC","235707"
"DRINC2","235708"
"DRINI2","235709"
"DRINS","235710"
"DROC","83541"
"DROCA2","235712"
"DROCH","235713"
"DROCO","235714"
"DROCA3","NaN"
"DROCK2","NaN"
"DROCO2","NaN"
"DROCP8","235715"
"DRCO2","901744"
"DRCOC2","240423"
"DREF","162100"
"DREFD","240425"
"DREFE","240426"
"DRGL5","162101"
"DRLA4","162102"
"DRLE3","162103"
"DRMO2","162104"
"DRPA3","162105"
"DRVI4","162106"
"DRRU2","162107"
"DRAL3","NaN"
"DRAU5","NaN"
"DRBE","734815"
"DRBO2","549551"
"DRBR6","NaN"
"DRBU","NaN"
"DRCO7","NaN"
"DRDO2","499389"
"DRLE2","NaN"
"DRMI6","NaN"
"DRNE2","NaN"
"DRPI2","NaN"
"DRSE2","NaN"
"DRSL","NaN"
"DRTR","548065"
"DRUL2","548586"
"DRAL9","448424"
"DRAR3","52671"
"DRCA3","82563"
"DRCA11","82564"
"DRCE","162109"
"DRCI2","162110"
"DRCL","82565"
"DRCR5","162111"
"DRCR4","82566"
"DREX2","64055"
"DRFI2","76721"
"DRFR","162112"
"DRFU","162113"
"DRGL3","162114"
"DRGO3","1409442"
"DRHA","137716"
"DRHO3","448425"
"DRIN5","82568"
"DRLU","162116"
"DRMA4","54410"
"DRMA11","137717"
"DRNU","448426"
"DRPA6","162117"
"DRPO5","162118"
"DRRO2","162119"
"DRSA","137648"
"DRSU8","448536"
"DRTE4","162120"
"DRTE5","162121"
"DRUN","162122"
"DRWA","162123"
"DRSI5","1464583"
"DRAL5","1116022"
"DRDI","162124"
"DRGL2","1116021"
"DRIL","1116838"
"DRLA3","162125"
"DRNI3","1123198"
"DRPA9","162126"
"DUMO3","348111"
"DUDE","NaN"
"DUFA2","NaN"
"DUME","NaN"
"DUMO","NaN"
"DUMO2","NaN"
"DUTH","NaN"
"DUAR","162127"
"DUCI","162128"
"DUCIC","235719"
"DUCIG","235720"
"DUDO","162129"
"DUHE","162130"
"DUIM","162131"
"DUIMA","235721"
"DUIMI","235722"
"DUKE","162133"
"DUKN","162134"
"DUKNF","235723"
"DUKNK","235724"
"DUKNN","235725"
"DULA2","162135"
"DULA3","162136"
"DULA4","155019"
"DULAB3","235726"
"DULAH3","235727"
"DULAL","235728"
"DULAP4","235729"
"DULI","162137"
"DULIH","235730"
"DULIL","235731"
"DULIO","235732"
"DUME4","70031"
"DUMI","162138"
"DUPA3","162139"
"DUPA5","162140"
"DUPL","162141"
"DUPLH","235733"
"DUPLM","235734"
"DUPLP3","235735"
"DUPL2","162142"
"DURA","162143"
"DURE2","162144"
"DUSC","124858"
"DUSCL2","235736"
"DUSCS","235737"
"DUSH","162145"
"DUSY","162146"
"DUWA","162147"
"DUAB","76722"
"DUABA","79802"
"DUABA2","79803"
"DUABB","79804"
"DUABM","79806"
"DUABP","235742"
"DUAT","76724"
"DUATO","181472"
"DUBL","76725"
"DUBLB","79809"
"DUBLB2","235746"
"DUBLI","79810"
"DUCA4","NaN"
"DUCA3","162148"
"DUCA2","76728"
"DUCO","764614"
"DUCY","58136"
"DUCYA","79811"
"DUCYC","235749"
"DUCYC2","79813"
"DUCYC3","64259"
"DUCYM","79814"
"DUCYO","79815"
"DUCYP","61796"
"DUCYP2","79816"
"DUDE2","76729"
"DUED","76730"
"DUFA","51889"
"DUGN","76731"
"DUGR","76732"
"DULA","58137"
"DUMU","76733"
"DUNE","76734"
"DUPA2","76735"
"DUPU","76737"
"DUPUA2","235756"
"DUPUP","181473"
"DUSA","76738"
"DUSAA","79817"
"DUSAS","79818"
"DUSE","162149"
"DUST","76739"
"DUTR","76740"
"DUVA","76741"
"DUVE","76742"
"DUVI","76743"
"DUVIH","79819"
"DUVII","79820"
"DUVIV","79821"
"DUVI2","76744"
"DUAR3","76745"
"DUARA","80687"
"DUARB","240430"
"DUHI4","162151"
"DUHIH","240431"
"DUHIN","240432"
"DULA6","516241"
"DUFI","162152"
"DUER","162153"
"DYAN","162155"
"DYCR","162156"
"DYHU","162158"
"DYLI","162159"
"DYLIL","NaN"
"DYLIS","NaN"
"DYOB","129857"
"DYSC","281749"
"DYSCC","NaN"
"DYSCD","931139"
"DYTA2","162160"
"DYAM","76746"
"DYPA","76752"
"EAEL","57967"
"EANI","76753"
"EBEB","139185"
"ECFL3","162162"
"ECCH3","162163"
"ECFL","141508"
"ECTE4","162165"
"ECST","162166"
"ECAN2","162167"
"ECANA","240433"
"ECANS","240434"
"ECAT","162168"
"ECLA","83901"
"ECPA","127689"
"ECPA2","85332"
"ECPAN","240435"
"ECPAP","240436"
"ECPU","48627"
"ECSA","162169"
"ECSI","162170"
"ECTE3","162171"
"ECHO","162172"
"ECHOH","318143"
"ECHON","318123"
"ECPO2","68606"
"ECPOP","318222"
"ECPOX","240439"
"ECTE","922945"
"ECRO2","493950"
"ECRON","NaN"
"ECROR","NaN"
"ECAP","363938"
"ECBE","162174"
"ECBO2","274475"
"ECBO3","NaN"
"ECCH2","162175"
"ECCO5","162177"
"ECCOA","240445"
"ECCOC","181743"
"ECCOG","240446"
"ECCOP","240447"
"ECDA","244905"
"ECEN","76754"
"ECENA","1383550"
"ECENA2","1383551"
"ECENC","1383552"
"ECENE","181747"
"ECENH","1383553"
"ECENM","1383554"
"ECENP","1383556"
"ECENV","924339"
"ECEN2","162178"
"ECENB","318133"
"ECENE2","318144"
"ECFA","281843"
"ECFE","83647"
"ECFEF3","318145"
"ECFER4","318134"
"ECLE2","325042"
"ECMO","68188"
"ECNI","162180"
"ECPA4","162181"
"ECPAA2","240454"
"ECPAP2","240455"
"ECPE","162182"
"ECPEW","318119"
"ECPE2","162183"
"ECPO6","162184"
"ECPO4","903053"
"ECPS","162186"
"ECRE","162187"
"ECREB2","240460"
"ECREF2","318121"
"ECREP2","318120"
"ECRER4","318147"
"ECRI3","162188"
"ECRU4","273634"
"ECST2","162189"
"ECTR","82276"
"ECTRT","318129"
"ECVI2","162190"
"ECVIC7","240465"
"ECVIC6","314268"
"ECVIC","240466"
"ECVIC2","314209"
"ECVID","240467"
"ECVIN","509150"
"ECVIR","509151"
"ECVIV","240468"
"ECVIW","509152"
"ECCRM","315459"
"ECMU2","871574"
"ECMUM","80690"
"ECMUM2","240470"
"ECOP","279601"
"ECPA5","162192"
"ECPO3","162193"
"ECWA","162195"
"ECLO","48618"
"ECBE2","76761"
"ECBO4","206260"
"ECCO3","818573"
"ECFL4","162196"
"ECTE2","162197"
"ECER2","208686"
"ECGA","274402"
"ECIN2","206523"
"ECIND2","318125"
"ECINI","318148"
"ECJO3","871500"
"ECMA2","206417"
"ECWA3","207376"
"ECCO6","162198"
"ECWR","162199"
"ECUM2","277412"
"ECPR","76765"
"ECLE","370055"
"EGPR","644051"
"EGVI","162208"
"EHCH","58952"
"EHOC","60613"
"EHAN","900565"
"ELCO","162212"
"ELBI","162215"
"ELCA20","1235286"
"ELJO","504035"
"ELRU3","1144623"
"ELAE","137649"
"ELAL2","162216"
"ELALA","240472"
"ELALC","240473"
"ELALF","240474"
"ELALP","240475"
"ELAP","137650"
"ELCH2","NaN"
"ELCR2","162217"
"ELCR3","702291"
"ELDE","1287070"
"ELEG","NaN"
"ELER2","273749"
"ELGL2","275703"
"ELHE","282529"
"ELHI3","162218"
"ELHIM","240476"
"ELLA2","928268"
"ELLO","137651"
"ELMA2","1155842"
"ELMA3","1393471"
"ELPE","162219"
"ELPE2","137566"
"ELPE3","282595"
"ELPED","1576564"
"ELRI2","823648"
"ELSE2","739407"
"ELSI3","NaN"
"ELSM2","NaN"
"ELSP","137567"
"ELWA","162220"
"ELAM3","162221"
"ELBR5","76768"
"ELCA","58891"
"ELHE2","52634"
"ELMI","162222"
"ELRU","60185"
"ELTR","162224"
"ELCA27","504341"
"ELST2","1144649"
"ELIN5","NaN"
"ELAC","57020"
"ELACA","64313"
"ELACP","1599286"
"ELAE2","162227"
"ELAL","162228"
"ELAT","76770"
"ELAU","162229"
"ELBA2","162230"
"ELBE","76771"
"ELBI3","290501"
"ELBI4","162231"
"ELBO","76773"
"ELBR4","162232"
"ELBR","162233"
"ELCA9","162234"
"ELCE","162235"
"ELCO2","162236"
"ELCOA3","1593594"
"ELCOC2","1426753"
"ELCO11","436254"
"ELCY","162237"
"ELDE5","1194345"
"ELDE2","76775"
"ELDI2","162238"
"ELEL","290522"
"ELEL4","162239"
"ELEL2","162240"
"ELEN","76776"
"ELEQ","162241"
"ELER","162242"
"ELFA","162243"
"ELFL","76777"
"ELFLF","80695"
"ELFLT","240478"
"ELGE","76778"
"ELHA2","162244"
"ELIN","162245"
"ELIN2","162246"
"ELKA","162247"
"ELLA","162248"
"ELMA12","NaN"
"ELMA5","59064"
"ELMA15","162249"
"ELME","162250"
"ELMI2","59069"
"ELMI3","162251"
"ELMO","162252"
"ELMO2","57023"
"ELMU2","162253"
"ELNA","162254"
"ELNI2","290586"
"ELNI","162255"
"ELOB2","76779"
"ELOB5","280850"
"ELOC4","483243"
"ELOC2","427579"
"ELOL3","NaN"
"ELOL","162256"
"ELOLO","240479"
"ELOLR","240480"
"ELOV","76780"
"ELPA9","280852"
"ELPA3","1419558"
"ELPAP","1055015"
"ELPAV","1599288"
"ELPA4","58344"
"ELPA5","76783"
"ELQU","76784"
"ELQU2","76785"
"ELRA","76786"
"ELRE2","162257"
"ELRE","496987"
"ELRO","162258"
"ELRO2","59065"
"ELSU2","76787"
"ELTE","76788"
"ELTEP","240481"
"ELTET","80696"
"ELTEV","240482"
"ELTO5","62198"
"ELTO","162261"
"ELTR5","162262"
"ELTU","162263"
"ELUN","162264"
"ELVI4","162265"
"ELWO","162266"
"ELCA3","119609"
"ELEL3","126570"
"ELMO5","162267"
"ELNU","162268"
"ELTO2","152133"
"ELBU","283511"
"ELBA","162269"
"ELTR4","162270"
"ELCO7","982425"
"ELPY","126553"
"ELRA2","162271"
"ELNY","157239"
"ELRA3","128867"
"ELRAP","1235252"
"ELRAR","240484"
"ELBI2","76792"
"ELCA7","818580"
"ELNU2","57623"
"ELSC","162272"
"ELCA18","162274"
"ELAR5","NaN"
"ELCA25","NaN"
"ELCH6","NaN"
"ELDA","1464601"
"ELDU5","NaN"
"ELIO","1464600"
"ELMA8","NaN"
"ELMO4","NaN"
"ELPI6","NaN"
"ELSC2","NaN"
"ELST","NaN"
"ELAL4","NaN"
"ELAR6","NaN"
"ELCO8","NaN"
"ELHI4","NaN"
"ELTU2","NaN"
"ELUN2","NaN"
"ELCA28","NaN"
"ELEB","NaN"
"ELHA3","NaN"
"ELMA4","NaN"
"ELMO6","NaN"
"ELPA14","NaN"
"ELPI3","NaN"
"ELPS","NaN"
"ELSA4","NaN"
"ELYU","NaN"
"ELAL5","162275"
"ELALA2","235771"
"ELALL","235772"
"ELAL7","162276"
"ELAR7","162277"
"ELBA3","162278"
"ELCA22","140216"
"ELCA10","76794"
"ELCA4","129000"
"ELCH5","162279"
"ELDI3","162280"
"ELEL5","58376"
"ELELB2","318223"
"ELELC2","80698"
"ELELE","58377"
"ELELH","181475"
"ELGL3","204310"
"ELGL","52791"
"ELGLG","57171"
"ELGLJ2","64251"
"ELGLM","NaN"
"ELGLV","61203"
"ELHI","162281"
"ELHY","81594"
"ELHYB","240485"
"ELHYH","240486"
"ELIN6","162283"
"ELLA3","76799"
"ELLAL","79823"
"ELLAP","235782"
"ELMA","162284"
"ELMA7","162285"
"ELMU3","57167"
"ELRI","143495"
"ELSA3","1000721"
"ELSC4","76804"
"ELSI","162287"
"ELSI11","NaN"
"ELST3","63331"
"ELSTS","63332"
"ELSTS2","63330"
"ELSU","162288"
"ELSV","162289"
"ELTE3","162290"
"ELTR7","61202"
"ELTRS","636556"
"ELTRT","636557"
"ELVI","155116"
"ELVI3","126873"
"ELVIH","240487"
"ELVIV","240488"
"ELVU","162291"
"ELWA2","162292"
"ELWI","162293"
"ELBR2","162294"
"ELCA6","155491"
"ELCAA2","240489"
"ELCAC","240490"
"ELIM","162295"
"EMPA","162296"
"EMPA2","1144696"
"EMSO","121287"
"EMSOS","240492"
"EMPE","58173"
"EMPEP","58918"
"EMPER","58919"
"EMSU","162298"
"EMEA","162299"
"EMEAA","235790"
"EMEAE","235791"
"EMNI","76812"
"EMNIH","235792"
"EMNIN","181751"
"ENAF2","162300"
"ENAFA","240493"
"ENAFM","240494"
"ENAL70","162301"
"ENBR4","162302"
"ENBRB","240495"
"ENBRC","240496"
"ENBR2","162303"
"ENCI70","162304"
"ENFL2","48360"
"ENIN","162305"
"ENLO70","162306"
"ENMI2","162307"
"ENMU70","162308"
"ENPR70","162309"
"ENRH70","162310"
"ENSI2","162311"
"ENSP","162312"
"ENVI2","162313"
"ENVU","162314"
"ENAC","NaN"
"ENCA","64141"
"ENFA","49339"
"ENFR","76813"
"ENNU4","866874"
"ENRE","497937"
"ENRER","NaN"
"ENRET","NaN"
"ENSC","162315"
"ENVI","76814"
"ENAR","162316"
"ENCO","76816"
"ENNU","76817"
"ENNUC","181618"
"ENNUN","181619"
"ENGR","276640"
"ENIS","1226483"
"ENTA","162321"
"ENCO5","157246"
"ENDI","157247"
"ENBI","81795"
"ENHA","162322"
"ENOC","76818"
"ENSA","162323"
"ENST","76819"
"ENPE4","127943"
"ENAC2","50360"
"ENVE","362183"
"ENDE","76820"
"ENPH","162325"
"ENPO4","NaN"
"ENPOP","NaN"
"ENCH","162326"
"ENDO","774313"
"ENTR","784892"
"ENBE","162328"
"ENBR3","162329"
"ENCL","162330"
"ENCO4","162331"
"ENCO70","162332"
"ENHA2","162333"
"ENMA2","162334"
"ENSC2","162335"
"ENSE2","128029"
"ENSU2","162336"
"ENLE2","162337"
"ENAT2","162338"
"ENBO2","162339"
"ENCA3","162340"
"ENDR2","162341"
"ENFA2","162342"
"ENKO","162343"
"ENPL2","162344"
"ENRU4","162345"
"ENRU5","162346"
"ENSO","162347"
"ENTU","162348"
"ENWI2","162349"
"ENSE","1031127"
"EOSC","NaN"
"EPAR","NaN"
"EPIN","NaN"
"EPAN","135481"
"EPAS","565392"
"EPCA2","57890"
"EPCO2","135471"
"EPCU","53883"
"EPFU","76823"
"EPNE","76824"
"EPPE","135490"
"EPTO","135484"
"EPTOP","240507"
"EPTOT","240508"
"EPTR","76825"
"EPVI","57891"
"EPCO6","129602"
"EPCR","162350"
"EPCRC","240511"
"EPCRT","240512"
"EPSE6","127238"
"EPSP","162351"
"EPAC","276649"
"EPAM3","162352"
"EPAN3","130062"
"EPAN6","1116023"
"EPBO4","840874"
"EPCI2","1484557"
"EPFL","874209"
"EPJA","1226485"
"EPMA3","119444"
"EPMAM","NaN"
"EPMI4","1116027"
"EPMU","1486585"
"EPNO","1480090"
"EPRA","276698"
"EPRI2","1486596"
"EPSE2","1484554"
"EPST2","162357"
"EPTR6","523175"
"EPVI3","NaN"
"EPVI2","62685"
"EPRE2","83075"
"EPPU2","NaN"
"EPTR3","NaN"
"EPWI","NaN"
"EPAN4","76826"
"EPAR2","1498415"
"EPBR3","52971"
"EPCA3","53051"
"EPCAA","53228"
"EPCAC2","53044"
"EPCAG","79825"
"EPCAL","53230"
"EPCI","53050"
"EPCIC","53045"
"EPCIG","79826"
"EPCIW","61047"
"EPCL","76828"
"EPCL3","60219"
"EPCO","145435"
"EPDA","162360"
"EPDE4","57149"
"EPFO","76829"
"EPGL","76830"
"EPGLF","79827"
"EPGLG","79828"
"EPHA","162361"
"EPHO","76832"
"EPHOB","235814"
"EPHOH","79829"
"EPHO3","76833"
"EPLA3","76834"
"EPLE","162362"
"EPLE2","76835"
"EPLU","76836"
"EPMI","57150"
"EPMI3","162363"
"EPNE2","162365"
"EPNI","76837"
"EPOB","62702"
"EPOR","76838"
"EPOR2","76839"
"EPPA7","76840"
"EPPA","76841"
"EPPY4","162367"
"EPRI","76842"
"EPSA","76843"
"EPSE3","76844"
"EPSI2","76845"
"EPST","162368"
"EPSU","162369"
"EPTO4","878044"
"EPGI","50715"
"EPCA7","1144561"
"EPTO2","67875"
"EPBO","325046"
"EPMI2","162370"
"EPWI2","162371"
"EQFE","358178"
"EQFO","780822"
"EQLI","1001974"
"EQMA","553859"
"EQNE","NaN"
"EQAR","52724"
"EQFL","47745"
"EQHY","52673"
"EQHYA","53910"
"EQLA","63870"
"EQPA","76846"
"EQPR","127900"
"EQRA","162372"
"EQSC","162373"
"EQSY","118537"
"EQTE","57030"
"EQTEB","57032"
"EQVA","118784"
"EQVAA","240513"
"EQVAV","240514"
"ERAT","162375"
"ERCA","162380"
"ERCU","162383"
"ERDE","162384"
"EREL","288051"
"ERER","162387"
"ERFO","162388"
"ERFR","162389"
"ERGR","162392"
"ERHI","162393"
"ERHY","76851"
"ERIN","162394"
"ERLE3","162395"
"ERLU","162397"
"ERLU2","76853"
"ERMA","162398"
"ERME","76854"
"ERMEM","79830"
"ERMEV","79831"
"ERMO","162399"
"ERPA","162401"
"ERPA2","162402"
"ERPE","76856"
"ERPEM","80699"
"ERPEP2","80700"
"ERPET3","545229"
"ERPO15","279622"
"ERPR7","162404"
"ERRE","162405"
"ERSE","162407"
"ERSEO","235829"
"ERSE2","162408"
"ERSI","140187"
"ERSP","162409"
"ERSP2","162410"
"ERSW","162413"
"ERTR3","122571"
"ERUR","NaN"
"ERVA","162417"
"ERHI12","130888"
"ERHIC2","506204"
"ERHIH2","709076"
"ERHIM2","NaN"
"EREX3","58199"
"ERPA14","58201"
"ERPAK","79832"
"ERPAP9","58936"
"ERRO8","59454"
"ERAL","148941"
"ERCL5","76859"
"ERMY3","481858"
"ERRO13","427599"
"ERPA27","369631"
"ERAB","57203"
"ERBR3","76869"
"ERDE2","58232"
"ERDED6","79839"
"ERDES","79841"
"ERDI2","58235"
"ERER2","58236"
"ERERE","58237"
"ERERY","235856"
"ERER3","473592"
"ERFI","76870"
"ERHA5","76871"
"ERHO2","58238"
"ERLU3","76872"
"ERPL2","58239"
"ERPLP","79842"
"ERPLS","235858"
"ERRO14","704682"
"ERSA","61507"
"ERSAD","79844"
"ERSAS","79845"
"ERSI2","76873"
"ERSP3","76874"
"ERSPS2","235862"
"ERVI2","58964"
"ERWI","76876"
"ERBO9","NaN"
"ERUI2","NaN"
"ERVI21","NaN"
"ERAR27","63924"
"ERBL2","76879"
"ERBR13","76880"
"ERCE3","69423"
"ERCO40","162433"
"ERCO23","76881"
"ERCR7","162434"
"ERCU7","57970"
"ERCUC","80712"
"ERCUM","80713"
"ERCUS","80714"
"ERDI14","60845"
"ERDID","494571"
"ERDIL","240520"
"ERER11","60955"
"ERFA5","76882"
"ERGI5","76883"
"ERGR16","76884"
"ERLA12","76885"
"ERLI8","162435"
"ERLI6","57971"
"ERNA7","76886"
"ERNA10","57934"
"ERNAC2","57960"
"ERNAA3","NaN"
"ERNAC3","NaN"
"ERNAJ","NaN"
"ERNAL","NaN"
"ERNAM","NaN"
"ERNAN2","NaN"
"ERNAO","NaN"
"ERNAT","NaN"
"ERNAN3","57932"
"ERNAB","NaN"
"ERNAB2","NaN"
"ERNAG","NaN"
"ERNAG2","NaN"
"ERNAH","NaN"
"ERNAI","NaN"
"ERNAL2","NaN"
"ERNAN4","NaN"
"ERNAN5","NaN"
"ERNAP","NaN"
"ERNAS","NaN"
"ERNAS2","NaN"
"ERNAT2","NaN"
"ERNAW","NaN"
"EROB3","162436"
"EROP2","76887"
"ERPA15","76888"
"ERPAP","80715"
"ERPAP2","80716"
"ERPA29","76889"
"ERPA24","76890"
"ERPA30","76891"
"ERPAA2","240523"
"ERPAA3","181754"
"ERPAA4","240524"
"ERPAH","240525"
"ERPAI","80719"
"ERPAL3","80720"
"ERPAM3","80721"
"ERPAM4","240526"
"ERPAN2","80722"
"ERPAP10","1473123"
"ERPAS","240528"
"ERPAV","80723"
"ERPI7","76892"
"ERRE8","162437"
"ERSU13","68561"
"ERTE18","76893"
"ERWA8","162438"
"ERZI2","162439"
"ERBU","117309"
"ERAR32","NaN"
"ERAB3","162440"
"ERAC7","162441"
"ERAC2","1568291"
"ERACD2","235865"
"ERACK3","235866"
"ERACP2","1062493"
"ERAE","76894"
"ERAL18","76895"
"ERAL3","76896"
"ERAL13","162442"
"ERAL17","162443"
"ERAN17","162444"
"ERAN19","162445"
"ERAN","76897"
"ERAP","76898"
"ERAPA2","80724"
"ERAPC","80725"
"ERAR20","128239"
"ERAR3","76899"
"ERAR22","162446"
"ERAR4","162447"
"ERAS3","162448"
"ERAS","162449"
"ERAU","143667"
"ERAUA3","240530"
"ERAU6","135175"
"ERAW","162450"
"ERBA3","76900"
"ERBA4","162451"
"ERBE2","162452"
"ERBEA","240531"
"ERBEB","1539219"
"ERBER","240533"
"ERBE6","162453"
"ERBI3","162454"
"ERBI7","76901"
"ERBI9","162455"
"ERBL4","76902"
"ERBL","76903"
"ERBLB","80726"
"ERBLN","80727"
"ERBLP","240534"
"ERBR4","76905"
"ERBRB5","80728"
"ERBRB","80729"
"ERBRC3","80730"
"ERBRJ","80731"
"ERBRK","240535"
"ERBRP","80732"
"ERCA2","325385"
"ERCA3","76906"
"ERCA4","162458"
"ERCA5","162459"
"ERCE","76908"
"ERCH4","76909"
"ERCL","76910"
"ERCLP","80734"
"ERCO28","279843"
"ERCO3","76911"
"ERCO4","76912"
"ERCO27","76913"
"ERCOC3","80735"
"ERCOC4","181478"
"ERCOS","240537"
"ERCO15","162461"
"ERCO5","162462"
"ERCO6","76914"
"ERCR","162463"
"ERCU6","279876"
"ERDE3","162464"
"ERDED","240538"
"ERDER2","240539"
"ERDI3","162466"
"ERDI4","59752"
"EREA","76915"
"EREAE","1364005"
"EREAL","240541"
"EREAN","80736"
"EREAP2","80737"
"EREAS","80738"
"EREAV2","240542"
"EREL9","162467"
"EREL10","162468"
"EREL4","76916"
"EREL15","76917"
"EREN","162469"
"EREND","240543"
"ERENE","1351702"
"EREV","162470"
"EREX4","851832"
"ERFI2","76918"
"ERFIF","240545"
"ERFIR","240546"
"ERFL8","162472"
"ERFL","76919"
"ERFL2","162473"
"ERFO2","57972"
"ERFOC","80739"
"ERFOF","58824"
"ERFOF3","80740"
"ERFOH","787816"
"ERFOM","80742"
"ERFO3","162474"
"ERGA3","162475"
"ERGE","162476"
"ERGL2","162477"
"ERGLG","551035"
"ERGLP","240548"
"ERGL3","50878"
"ERGO3","162478"
"ERGR2","162479"
"ERGR3","162480"
"ERGRA","235868"
"ERGRG","235869"
"ERHE5","162481"
"ERHE9","162482"
"ERHO3","162484"
"ERHU6","162485"
"ERHU3","162486"
"ERHU","162487"
"ERHY2","162488"
"ERHY5","162489"
"ERHYH2","240549"
"ERIN2","76922"
"ERINC3","80745"
"ERINI","80746"
"ERINK","80747"
"ERJA2","873656"
"ERJO2","162490"
"ERKA","162491"
"ERKU","162492"
"ERLA17","162493"
"ERLA","162494"
"ERLA2","76925"
"ERLAD","80748"
"ERLAL4","80749"
"ERLA14","162495"
"ERLE5","162496"
"ERLE6","162497"
"ERLE14","162498"
"ERLI","76926"
"ERLO6","162499"
"ERLO","76927"
"ERMA8","148037"
"ERMA9","162500"
"ERMA19","76928"
"ERMA15","76929"
"ERME2","162501"
"ERME7","162502"
"ERMI2","76930"
"ERMO2","162503"
"ERMU8","162504"
"ERMU2","76931"
"ERNA5","162505"
"ERNA6","162506"
"ERNE2","162507"
"ERNE3","162508"
"EROC","162509"
"EROR2","162510"
"EROR5","162511"
"EROV2","162512"
"EROX2","76933"
"ERPA34","162513"
"ERPA3","76934"
"ERPE3","133922"
"ERPEC","154159"
"ERPEC2","154161"
"ERPEH","NaN"
"ERPEP","235871"
"ERPED2","NaN"
"ERPEP3","NaN"
"ERPET2","NaN"
"ERPE5","76935"
"ERPEP4","58825"
"ERPES2","80750"
"ERPEV","80751"
"ERPH","67820"
"ERPHP","80752"
"ERPHP2","240556"
"ERPI6","162514"
"ERPI3","162515"
"ERPI9","162516"
"ERPO2","162517"
"ERPOC","240557"
"ERPOP","240558"
"ERPR10","162518"
"ERPR16","162519"
"ERPR11","162520"
"ERPU10","162521"
"ERPU","59753"
"ERPUB","59756"
"ERPUP","59755"
"ERPUT","59754"
"ERPU9","148424"
"ERPU2","76936"
"ERPUI","80753"
"ERPUG","NaN"
"ERPUI2","NaN"
"ERPUP3","235873"
"ERPU3","162522"
"ERPUP8","240561"
"ERPY","76937"
"ERQU","131153"
"ERRA2","162523"
"ERRE12","76938"
"ERREA","80754"
"ERRER","80755"
"ERRE7","162524"
"ERRH2","162525"
"ERRY2","162526"
"ERRY","162527"
"ERSA17","162528"
"ERSA19","162529"
"ERSA2","76940"
"ERSA18","162530"
"ERSC11","162531"
"ERSC7","162532"
"ERSC6","162533"
"ERSE8","76941"
"ERSI3","162534"
"ERSI6","162535"
"ERSI9","162536"
"ERSP4","84732"
"ERSPM","84726"
"ERSPS","240562"
"ERST","500389"
"ERST3","76942"
"ERSTB","240563"
"ERSTC2","240564"
"ERSTD3","240565"
"ERSTS","803649"
"ERSTS2","1021137"
"ERSU9","162537"
"ERSU2","162538"
"ERSUC","240567"
"ERSUS","240568"
"ERSU4","76944"
"ERTE5","162539"
"ERTE6","76945"
"ERTE7","162540"
"ERTW","162541"
"ERUI","162542"
"ERUN2","76946"
"ERUNC","235874"
"ERUNU","80757"
"ERUN4","162543"
"ERUNE","235876"
"ERUN5","162544"
"ERUR2","162545"
"ERUT","76947"
"ERUTS","240569"
"ERUTU","557838"
"ERVA3","76948"
"ERVE11","162546"
"ERVE","162547"
"ERVE13","162548"
"ERVE2","162549"
"ERVI","280449"
"ERVR","162550"
"ERWA5","162551"
"ERWI2","162552"
"ERYU2","162553"
"ERZO","162554"
"ERAQ2","69685"
"ERCO7","162556"
"ERDE5","162557"
"ERDED2","240571"
"ERDEL","240572"
"ERKO","162558"
"ERLI3","162559"
"ERMI7","162560"
"ERNI7","162561"
"ERPA4","162562"
"ERRA7","162563"
"ERSE6","602989"
"ERTE8","162564"
"ERACA","80758"
"ERACM","240574"
"ERAR5","76951"
"ERCO8","76952"
"ERLE7","162566"
"ERMI3","162567"
"ERMIM","240575"
"ERMIS","545213"
"ERPO3","162568"
"ERPU4","162570"
"ERSE5","162571"
"ERCA16","288013"
"ERAL12","76953"
"ERAN2","57098"
"ERCA6","57095"
"ERCA7","76954"
"ERCR2","76955"
"ERCRC","80760"
"ERCRN","80761"
"ERPA7","76957"
"ERTO","58920"
"ERTR6","76958"
"ERTR7","76959"
"ERTRL2","80762"
"ERTRT4","80763"
"ERBL3","NaN"
"ERDU2","NaN"
"ERNE6","NaN"
"ERAB2","162573"
"ERAC3","162574"
"ERAL4","148983"
"ERALA2","240580"
"ERALG","240581"
"ERALM2","240582"
"ERAL11","162575"
"ERAL5","162576"
"ERAL6","76960"
"ERAM6","162577"
"ERAM2","76961"
"ERAN5","162578"
"ERAN8","162579"
"ERAN3","58266"
"ERAN4","122575"
"ERAP2","76962"
"ERAP4","76963"
"ERAPA","80764"
"ERAPP","80765"
"ERAR6","76964"
"ERAR8","162581"
"ERAR9","76965"
"ERAR18","162582"
"ERAR19","162583"
"ERAT2","162585"
"ERBA7","58267"
"ERBAB","80766"
"ERBAP","80767"
"ERBA5","148984"
"ERBI","148985"
"ERBI2","76966"
"ERBR7","76967"
"ERBR8","76968"
"ERBR9","162586"
"ERBR10","76969"
"ERBRB3","80768"
"ERBRS","80769"
"ERBR5","162587"
"ERBRB4","240587"
"ERBRC","240589"
"ERBRL","240590"
"ERBRM","240591"
"ERBU2","69980"
"ERCA8","76970"
"ERCA11","162588"
"ERCA17","162589"
"ERCAC3","240592"
"ERCAM2","240593"
"ERCAW2","240594"
"ERCE2","76973"
"ERCEC","240595"
"ERCEV","240596"
"ERCH6","162590"
"ERCI5","76974"
"ERCI8","58268"
"ERCIA","80770"
"ERCIC3","80771"
"ERCL2","162591"
"ERCO43","162592"
"ERCO10","76975"
"ERCO11","162593"
"ERCO12","76976"
"ERCOC8","80772"
"ERCOL","128140"
"ERCOL2","240597"
"ERCO18","162594"
"ERCO19","76977"
"ERCO20","76978"
"ERCO13","162595"
"ERCO21","162596"
"ERCO14","162597"
"ERCOA","240598"
"ERCOC9","148986"
"ERCOG2","240599"
"ERCON","240601"
"ERCOO","240602"
"ERCOV","240604"
"ERCO17","58269"
"ERCR3","76979"
"ERCR5","162598"
"ERCR10","162599"
"ERCU3","162600"
"ERDA","162601"
"ERDA2","76980"
"ERDA4","58270"
"ERDE6","76981"
"ERDEB","80773"
"ERDED4","80774"
"ERDEN","80775"
"ERDER3","240605"
"ERDE9","76982"
"ERDE11","162602"
"ERDI18","162603"
"ERDI10","76983"
"ERDI5","162604"
"ERDO","76984"
"ERDOD","240606"
"ERDOS","240608"
"EREA2","76985"
"EREF","162605"
"EREFE","240609"
"EREL5","76986"
"ERELE","80777"
"ERELV","80778"
"EREL8","58979"
"EREL6","58271"
"EREP","162606"
"ERER4","76987"
"ERER5","162607"
"ERER6","162608"
"ERERE2","240611"
"ERES","76988"
"ERESE","80780"
"EREST","240614"
"EREX2","162609"
"ERFA2","874646"
"ERFAF3","80781"
"ERFAF","80782"
"ERFAF2","58980"
"ERFAP","58272"
"ERFL4","133440"
"ERFLA","240615"
"ERFLF","240616"
"ERFLP","240617"
"ERFLP2","240618"
"ERFO4","162610"
"ERFU3","322539"
"ERGI2","64358"
"ERGIC","80783"
"ERGIF","80784"
"ERGIG","64111"
"ERGI3","76991"
"ERGL4","76992"
"ERGO","148989"
"ERGO2","58274"
"ERGR5","59238"
"ERGRG4","58982"
"ERGRI","80785"
"ERGR11","76993"
"ERGR6","58275"
"ERGR12","76994"
"ERGRG5","80786"
"ERGRR","80787"
"ERGRT","80788"
"ERGR7","162611"
"ERGY","162612"
"ERHA","162613"
"ERHE","58276"
"ERHEA4","240619"
"ERHEA","80789"
"ERHEC","240620"
"ERHEF","80790"
"ERHEH2","1339765"
"ERHEH","80792"
"ERHEO","80793"
"ERHES","240621"
"ERHES5","240622"
"ERHES2","80794"
"ERHE11","1029370"
"ERHE8","162614"
"ERHE2","54897"
"ERHEA2","240623"
"ERHEH3","80795"
"ERHEL","240624"
"ERHI3","162615"
"ERHI7","76995"
"ERHI4","76996"
"ERHO4","76997"
"ERHOH","80796"
"ERHOR","80797"
"ERHO5","162616"
"ERHO6","76998"
"ERHO12","162617"
"ERHY3","162618"
"ERIN9","62680"
"ERIN3","76999"
"ERINH","1629549"
"ERINI3","80799"
"ERIN4","59459"
"ERIND","240625"
"ERINI4","240626"
"ERIN10","162619"
"ERIN5","77000"
"ERJA","162620"
"ERJAF","148991"
"ERJAJ","240627"
"ERJAR","1138819"
"ERJAS","240628"
"ERJAU","240629"
"ERJAW","240630"
"ERJAX","240631"
"ERJO","162621"
"ERKE","77001"
"ERKE2","77002"
"ERKEA","80800"
"ERKEA2","80801"
"ERKEK","80802"
"ERKEP","80803"
"ERKI","162622"
"ERLA3","162623"
"ERLAC3","240632"
"ERLAL5","1494781"
"ERLAS4","240634"
"ERLA9","162624"
"ERLA10","162625"
"ERLA4","77003"
"ERLA5","57211"
"ERLE8","162626"
"ERLE9","162627"
"ERLEL","148992"
"ERLEP","240635"
"ERLER","240636"
"ERLE10","162628"
"ERLE13","162629"
"ERLI4","77004"
"ERLO2","77005"
"ERLO3","162630"
"ERLO4","162631"
"ERLOF","240638"
"ERLOI","NaN"
"ERLOL3","240639"
"ERLON","240640"
"ERLO5","162632"
"ERLOG","240642"
"ERLOH","240643"
"ERLOL5","NaN"
"ERLOL4","240644"
"ERLU5","64270"
"ERLUC","61205"
"ERLUL","64226"
"ERLUP","80805"
"ERLUS","80806"
"ERMA2","58277"
"ERMA3","162633"
"ERMA4","62679"
"ERME6","162634"
"ERME10","77006"
"ERMI4","77007"
"ERMIA","80809"
"ERMIA2","80810"
"ERMIC","80811"
"ERMIJ","80812"
"ERMIL","80814"
"ERMIL2","80815"
"ERMIM2","240645"
"ERMIP","80816"
"ERMIS2","80818"
"ERMO3","77008"
"ERMO4","77009"
"ERMO9","162636"
"ERMU4","162637"
"ERNA4","162638"
"ERNE5","162639"
"ERNE8","77010"
"ERNI4","77011"
"ERNI2","162640"
"ERNO2","58983"
"ERNO3","162641"
"ERNU3","53046"
"ERNUA","57220"
"ERNUD","80819"
"ERNUD2","57222"
"ERNUI","80820"
"ERNUM","80821"
"ERNUN","57226"
"ERNUO","57224"
"ERNUP","80822"
"ERNUP2","318163"
"ERNUP4","57221"
"ERNUR","80824"
"ERNUS2","57223"
"ERNUW","80825"
"ERNU4","77012"
"ERNU5","77013"
"ERNUG","80826"
"ERNUN2","80827"
"EROC2","77014"
"EROCA","240648"
"EROCC","240649"
"EROCO2","80828"
"EROCS","240650"
"EROR3","58279"
"EROS","162642"
"EROV","48938"
"EROVC","80829"
"EROVD","80830"
"EROVE","80831"
"EROVF2","836496"
"EROVN","80833"
"EROVO4","240651"
"EROVO5","80834"
"EROVP","240652"
"EROVP2","80835"
"EROVR","775754"
"EROVV","80836"
"EROVW","240653"
"ERPA11","77015"
"ERPA12","77016"
"ERPA13","162643"
"ERPAA","240654"
"ERPAP5","240655"
"ERPA6","77017"
"ERPA8","77018"
"ERPA9","162644"
"ERPAG","240656"
"ERPAP6","240657"
"ERPE10","162645"
"ERPE6","77019"
"ERPH2","116332"
"ERPHC","240658"
"ERPHP3","240659"
"ERPH4","162646"
"ERPL3","77020"
"ERPO16","NaN"
"ERPO4","77021"
"ERPO8","77022"
"ERPR8","77023"
"ERPRA","80837"
"ERPRP","80838"
"ERPR9","60733"
"ERPU21","516354"
"ERPU15","NaN"
"ERPU6","77024"
"ERPY2","77025"
"ERPYC","80840"
"ERPYP","80841"
"ERRA3","143645"
"ERRE3","77026"
"ERRI","162648"
"ERRI2","77027"
"ERRO10","162649"
"ERRO","77028"
"ERROB","885816"
"ERROR2","80842"
"ERRO6","58280"
"ERRO2","162650"
"ERRU","162651"
"ERRU3","77029"
"ERSA8","162652"
"ERSA6","58984"
"ERSC4","162653"
"ERSC5","162654"
"ERSH","77030"
"ERSI5","77031"
"ERSM","148996"
"ERSO2","162656"
"ERSP5","162657"
"ERSP20","77032"
"ERSP6","60512"
"ERSPP","80843"
"ERSPR","80844"
"ERSPS3","80845"
"ERSP7","59239"
"ERSPF","59241"
"ERSPH","59240"
"ERSPS4","59242"
"ERST4","77033"
"ERSTP","80848"
"ERSTA3","NaN"
"ERSTG2","NaN"
"ERSTP3","NaN"
"ERSTS3","235881"
"ERSU5","162658"
"ERSU8","162659"
"ERTE15","58281"
"ERTE9","162660"
"ERTEP","240662"
"ERTER","240663"
"ERTET","1363458"
"ERTE10","77034"
"ERTH","77035"
"ERTH2","162662"
"ERTHA","240665"
"ERTHA2","240666"
"ERTHM","240667"
"ERTHT","240668"
"ERTH6","77036"
"ERTH3","77037"
"ERTH4","162663"
"ERTI","162664"
"ERTO2","126573"
"ERTR8","58282"
"ERTRH","240669"
"ERTRT3","240670"
"ERTR9","77038"
"ERTR11","77039"
"ERTU2","148997"
"ERTW2","58283"
"ERUM","77040"
"ERUMA2","80850"
"ERUMA3","240671"
"ERUMB","80851"
"ERUMC2","80853"
"ERUMC4","240672"
"ERUMC3","240673"
"ERUMC","80854"
"ERUMD","240674"
"ERUMD2","240675"
"ERUMD3","80855"
"ERUME","240676"
"ERUMF","80857"
"ERUMG","80858"
"ERUMG2","80859"
"ERUMH","240677"
"ERUMH2","80860"
"ERUMH3","240678"
"ERUMJ","80861"
"ERUMM","240679"
"ERUMM2","80863"
"ERUMM9","80864"
"ERUMM3","80865"
"ERUMN","80867"
"ERUMP2","240680"
"ERUMS3","80870"
"ERUMS2","80871"
"ERUMT","80872"
"ERUMU2","240681"
"ERUMV","240682"
"ERUMV2","80873"
"ERUR3","77041"
"ERURE","80874"
"ERURU","80875"
"ERVE6","162665"
"ERVE4","77042"
"ERVI4","162666"
"ERVI5","57210"
"ERVI12","58284"
"ERVI13","162668"
"ERVI7","162669"
"ERVI14","162670"
"ERWA3","162671"
"ERWE","148998"
"ERWR","59243"
"ERWRM","59245"
"ERWRN","318164"
"ERWRO","80876"
"ERWRP","240683"
"ERWRS","58985"
"ERWRT2","59244"
"ERWRW","59246"
"ERZI","162672"
"ERZIC","240684"
"ERZIZ","240685"
"ERAV","162673"
"ERNE9","162674"
"ERPI5","77043"
"ERBE4","NaN"
"ERCH11","NaN"
"ERME14","NaN"
"ERMEM3","NaN"
"ERMEA","NaN"
"ERPO7","NaN"
"ERPY3","NaN"
"ERRO4","NaN"
"ERAL7","162675"
"ERALN","240686"
"ERAN6","127215"
"ERANA3","127210"
"ERANT","235884"
"ERBR6","162676"
"ERBRB6","240687"
"ERCA13","162677"
"ERCAC2","240689"
"ERCAM","240690"
"ERCH7","162678"
"ERGR8","77045"
"ERGRC2","240691"
"ERGRG2","240692"
"ERRU2","162679"
"ERRUA","240693"
"ERRUM","240694"
"ERRUR2","240695"
"ERSC2","162680"
"ERTE12","162681"
"ERVA4","128735"
"ERVAS","240696"
"ERVAV","240697"
"ERVI8","120356"
"ERVI9","162682"
"ERAM3","77046"
"ERAMA","80877"
"ERAMP","80878"
"ERCO25","53395"
"ERCOC12","542438"
"ERCOT","80879"
"ERCO16","77047"
"ERJE","77048"
"ERLA6","77049"
"ERLAA","194343"
"ERLAA2","181480"
"ERLAA3","60961"
"ERLAC","80881"
"ERLAC2","240698"
"ERLAG","80882"
"ERLAH","80883"
"ERLAI","878054"
"ERLAL3","240699"
"ERLAL","80885"
"ERLAL2","240700"
"ERLAO","80886"
"ERLA8","77051"
"ERMO6","77052"
"ERMU6","57973"
"ERNU6","77053"
"ERPR4","57974"
"ERST9","162684"
"ERCR9","139265"
"ERHI5","NaN"
"ERFR4","162685"
"EROD","NaN"
"ERHO8","162686"
"ERNA","949888"
"ERNAA","240701"
"ERNAA2","240702"
"ERNAC","240703"
"ERNAE","157266"
"ERSP9","162688"
"ERCO44","162689"
"ERLI5","133299"
"ERMA5","58172"
"ERMAC","240704"
"ERMAM2","240705"
"ERTE13","77057"
"ERAC8","162693"
"ERDO3","162695"
"ERRO7","162696"
"ERAL8","77060"
"ERAQ","68037"
"ERAQA","240706"
"ERAQR","240707"
"ERAR11","57901"
"ERARA","64189"
"ERARH","57904"
"ERARP","80887"
"ERAR12","60950"
"ERAR13","162698"
"ERAR14","60119"
"ERBA6","127054"
"ERCA33","77061"
"ERCO39","63409"
"ERCU4","57627"
"ERDI7","162700"
"ERHE3","162703"
"ERHO9","130457"
"ERIN6","1588798"
"ERJE2","77062"
"ERLE11","162705"
"ERLE12","162706"
"ERMA10","77063"
"ERNA2","162708"
"ERPE19","550807"
"ERPE7","162709"
"ERPH3","467266"
"ERPI4","77065"
"ERPR5","129773"
"ERRA5","77066"
"ERSP10","162711"
"ERSP16","57894"
"ERVA5","60120"
"ERYU","128695"
"ERYUS","240708"
"ERYUY","240709"
"ERAM4","77067"
"ERAN14","162712"
"ERAR15","84485"
"ERAS2","162713"
"ERCA14","50628"
"ERCAA","119564"
"ERCAB","240713"
"ERCAC","50627"
"ERCAL2","181755"
"ERCAP","240714"
"ERCAP3","80890"
"ERCO45","359560"
"ERFR3","57402"
"ERIN7","162715"
"ERINI6","240716"
"ERIN8","77070"
"ERINI5","235900"
"ERINS","235901"
"ERME5","77071"
"ERMEC2","118456"
"ERMEE","181481"
"ERMEM2","181482"
"ERMEY","181483"
"EROC3","50629"
"ERPA10","162717"
"ERPAB","240717"
"ERPAP3","240718"
"ERTE14","67798"
"ERCA9","533375"
"EREG","191924"
"ERFL7","129395"
"ERFU2","818001"
"ERHE4","128717"
"ERSA11","125153"
"ERHI6","NaN"
"ERPL4","NaN"
"ERAL9","55629"
"ERAM5","48240"
"ERAMA2","235906"
"ERAMH","235907"
"ERCA15","59443"
"ERCI7","77075"
"ERCIC4","80891"
"ERCIR","80892"
"EREL13","162720"
"ERGR9","60496"
"ERGRC3","710842"
"ERGRG3","79849"
"ERHE6","59445"
"ERHE7","77076"
"ERHO10","162721"
"ERKL","77077"
"ERME15","162722"
"ERMO8","60505"
"ERMU7","153044"
"EROR4","59520"
"ERORL","59522"
"ERORO","59519"
"ERPL8","77079"
"ERPR6","162723"
"ERPU7","62309"
"ERPU11","77080"
"ERQU4","162724"
"ERRE5","77081"
"ERRO5","125202"
"ERTA4","77082"
"ERTU","68368"
"ERUM2","162725"
"ERUMM4","235913"
"ERUMU","235914"
"ERAR17","284987"
"ERBR11","284988"
"ERRO3","277838"
"ERRU4","1218662"
"ERUR4","1118072"
"ESCA","58954"
"ESCA2","48225"
"ESCAC","48224"
"ESCAM","48223"
"ESGL","77083"
"ESHY","56071"
"ESLE","77084"
"ESLEK","79850"
"ESLEL","79851"
"ESLO","60222"
"ESMI","57881"
"ESMIC2","181484"
"ESMIM3","181578"
"ESMIT","181485"
"ESPA3","528433"
"ESPA","77085"
"ESRA","77086"
"ESRH","77087"
"ESAL","162727"
"ESAL2","143721"
"ESDA","162728"
"ESDAC","318111"
"ESDAD","318151"
"ESDU","274340"
"ESEM","162729"
"ESGU","162730"
"ESHE","162731"
"ESMI2","162732"
"ESMI3","162733"
"ESOR","162734"
"ESORK","NaN"
"ESORM","NaN"
"ESORO","NaN"
"ESOR2","162735"
"ESRO","162736"
"ESSA","162737"
"ESSN","162738"
"ESSNL","240726"
"ESSNS","318159"
"ESTU","162739"
"ESTUV","162739"
"ESTUT","314313"
"ESVI","162740"
"ESVI2","148405"
"ESVIA","240728"
"ESVIB","240729"
"ESVIB2","240730"
"ESVID","240731"
"ESVIK","240732"
"ESVIN","240733"
"ESVIR","240734"
"ESVIR2","240735"
"ESVIV","240736"
"ESBE","162741"
"EURA14","204152"
"EURE18","1239816"
"EUAM3","547484"
"EUAMJ","1542029"
"EUBR12","77094"
"EUBR13","162764"
"EUEL2","162765"
"EUEN","77095"
"EUGL18","77096"
"EUGL11","162766"
"EUGO5","162767"
"EULE14","77097"
"EULEC","80893"
"EULEL2","153073"
"EUPA22","162768"
"EUTO4","77098"
"EUVI8","77099"
"EUVE6","162770"
"EUCO11","316881"
"EUBA3","81986"
"EUBAB","1518499"
"EUBAE","1518502"
"EULO3","285294"
"EURU5","77104"
"EUUR","77105"
"EUCH","57348"
"EUCHB","57351"
"EUCHC","57350"
"EUMI2","77106"
"EUAX","131601"
"EUBE4","NaN"
"EUBI","192001"
"EUBO3","1497860"
"EUBO4","1196351"
"EUCA10","NaN"
"EUCO4","162772"
"EUCO5","1080281"
"EUCOC","1080285"
"EUCOS","1080286"
"EUCO13","NaN"
"EUDO","1334973"
"EUEA","1089521"
"EUEG","1156456"
"EUFA4","1120669"
"EUFO3","131602"
"EUGL6","1341342"
"EUHA4","192044"
"EUKO","162773"
"EULA9","316777"
"EULI","505683"
"EUMO","471487"
"EUPA12","1156457"
"EUPR4","960703"
"EUPS","768699"
"EURE7","162774"
"EURH","162775"
"EUSE9","1584831"
"EUSE10","494250"
"EUST3","1225837"
"EUST6","1156458"
"EUSU9","1123215"
"EUUN","NaN"
"EUWO2","192148"
"EUXE","NaN"
"EUAL6","162776"
"EUPU20","1357800"
"EUSP7","425610"
"EUAM9","83150"
"EUAT5","117432"
"EUATA2","240737"
"EUATC2","240738"
"EUOB8","144192"
"EUOC8","64542"
"EUOCO","80894"
"EUOCP2","80895"
"EUPI3","NaN"
"EUTR5","NaN"
"EUAL2","1670798"
"EUALA","240740"
"EUALS","240741"
"EUAL3","119135"
"EUAN4","162780"
"EUCA5","131154"
"EUCH9","162783"
"EUCO7","162784"
"EUGL7","162787"
"EUGO4","129613"
"EUHY","1670801"
"EUHYC","240742"
"EUHYH","240743"
"EUHYL","240744"
"EULA7","162791"
"EULE3","162792"
"EULE","162793"
"EULEL","240745"
"EUMI7","131156"
"EUMO4","127350"
"EUNO","204316"
"EUPA30","162796"
"EUPE3","119045"
"EUPEC","240750"
"EUPEP","240751"
"EUPI2","162797"
"EURE8","162800"
"EURO4","1670799"
"EUROC","240754"
"EUROO","240755"
"EUROR","240756"
"EUROS","240757"
"EUSE","162802"
"EUSE2","52934"
"EUSE3","162803"
"EUSEB","240758"
"EUSES","240759"
"EUSEV","1570062"
"EUAA","162808"
"EUAN3","162811"
"EUBI2","120585"
"EUBI3","162812"
"EUBI4","162813"
"EUBR","162814"
"EUCH2","162815"
"EUCH5","505153"
"EUCO8","162816"
"EUCO10","81824"
"EUCR2","77108"
"EUCU9","162817"
"EUCU3","162818"
"EUCY","77109"
"EUDED","240761"
"EUDI5","162819"
"EUER2","53928"
"EUEX6","162823"
"EUEX4","77113"
"EUFL4","162825"
"EUGA6","1144629"
"EUHA2","162827"
"EUHE3","162828"
"EUHE4","162829"
"EUHE5","162830"
"EUIN4","162832"
"EUIN5","162833"
"EUING","550264"
"EUINI2","550263"
"EUIP","162834"
"EULO2","162835"
"EUMA10","162837"
"EUMA8","775673"
"EUME4","162838"
"EUMI4","77116"
"EUNE2","148409"
"EUOE2","287859"
"EUPA4","148410"
"EUPAP","240768"
"EUPAS","240769"
"EUPE5","162841"
"EUPE8","465468"
"EUPI5","162842"
"EUPO5","155566"
"EUPU7","162844"
"EUPU4","162846"
"EURA2","162847"
"EURE16","1144630"
"EURO7","162848"
"EURO3","162849"
"EUSC6","77118"
"EUSP","58894"
"EUST5","162852"
"EUTE6","162853"
"EUTE4","162854"
"EUTE16","320240"
"EUTR3","162856"
"EUWR2","162858"
"EUAE3","NaN"
"EUDI9","162859"
"EUFR8","162860"
"EUHU2","162861"
"EUHUC","240770"
"EUHUR","240772"
"EUMO3","162863"
"EUNE3","118893"
"EUOA","162864"
"EURA3","162865"
"EUSU2","162867"
"EUSU3","162868"
"EUVI6","162869"
"EULA21","897891"
"EUHI5","162871"
"EUOR2","162872"
"EUPR7","782852"
"EUPU15","162873"
"EUPUB","240774"
"EUPUP2","240775"
"EUJAN","429259"
"EUSA6","162874"
"EUHE9","NaN"
"EUAV","162875"
"EUCH11","162876"
"EUCH12","162877"
"EUCO37","162878"
"EUCO36","765332"
"EUDI16","127685"
"EUER7","162880"
"EUFU3","162881"
"EUGL19","162882"
"EUGLG2","1420098"
"EUGLP","1158919"
"EUHE10","162883"
"EUHO4","867496"
"EUIN9","77123"
"EUJO3","162884"
"EUMA27","126655"
"EUME17","77124"
"EUMI17","162885"
"EUPA23","162886"
"EURA10","153201"
"EURA11","52974"
"EUSA15","162889"
"EUSC5","143889"
"EUSI13","861997"
"EUSP3","162891"
"EUSP4","162892"
"EUSU7","162893"
"EUWA4","162894"
"EUAN8","1067685"
"EUHI2","162896"
"EUTE5","162897"
"EUFL3","162900"
"EUGL5","162901"
"EUNE","162902"
"EUPE9","162903"
"EUEX5","77125"
"EUEXE2","79852"
"EUEXR","236030"
"EUCA26","129032"
"EUGA2","162905"
"EUGR5","130989"
"EUGRG","240776"
"EUGRH","240777"
"EUGY","162906"
"EULE4","162907"
"EUOC4","58826"
"EUED","162908"
"EUPE10","162909"
"EUDU6","204153"
"EUFI14","132717"
"EUMA9","117440"
"EUMAB4","1197972"
"EUMAF3","1060273"
"EUMAM4","355617"
"EUPU21","85378"
"EUPUC","1262049"
"EUPUH2","501398"
"EUPUP4","501399"
"EUST2","326785"
"EVCA","162910"
"EVPR","162911"
"EVVE","162912"
"EVVED","240778"
"EVVEV","240779"
"EVAL","162913"
"EVALA2","240780"
"EVALD","NaN"
"EVAR3","514917"
"EVAR","162914"
"EVCO","162915"
"EVGR","162917"
"EVNU2","83417"
"EVNU","162918"
"EVSE","122576"
"EVSEG","240781"
"EVSES","240782"
"EVSQ","1408660"
"EXAU","778611"
"EXAG","192360"
"EXGA","162919"
"EXLU","162920"
"EXME","162921"
"EXCA","162923"
"EXEL","1225632"
"EXPA","162924"
"EYOR","162925"
"EYSP","162926"
"EYTE","162927"
"FACI2","162928"
"FACIC","240783"
"FACIP","240784"
"FACIW","240785"
"FAPU","162929"
"FAHO","NaN"
"FALA","875927"
"FAPA2","857475"
"FABE3","123681"
"FABEG","1144708"
"FAKS","NaN"
"FAGR","49202"
"FAPA","77132"
"FAOC","856908"
"FERI2","157372"
"FERU","157373"
"FEWR","162932"
"FEUT","77133"
"FEUTC","240787"
"FEUTU","240788"
"FECY","54453"
"FECYC","54466"
"FECYL","318112"
"FEEA2","NaN"
"FEEM","162933"
"FEHA2","162934"
"FEHAH","318152"
"FEHAS","318137"
"FEVI2","68601"
"FEWI","162935"
"FEAL4","495657"
"FEAL","162937"
"FEAM5","181756"
"FEAR2","162938"
"FEAU","874507"
"FEBA","162941"
"FEBR","77135"
"FEBRB","236032"
"FEBRC","236033"
"FEBR2","162942"
"FECA","57169"
"FECA6","162943"
"FECA4","162944"
"FEDA","162945"
"FEEA3","1610936"
"FEED","162946"
"FEEL2","64333"
"FEHA3","162950"
"FEHA","162951"
"FEHY","162954"
"FEID","61200"
"FEIDI2","361423"
"FEIDR2","1060238"
"FELE","162956"
"FELI","162957"
"FEMI3","77139"
"FEMO","162958"
"FEOC","59091"
"FEPA2","162959"
"FEPA6","NaN"
"FEPS5","1291892"
"FERUA6","518322"
"FERUA3","181757"
"FERUA","236036"
"FERUM8","236038"
"FERUP5","181758"
"FERUR2","181759"
"FERUS","236041"
"FERUV","236042"
"FESA","77144"
"FESAP","240797"
"FESAS","181760"
"FESO","162963"
"FESU","77145"
"FESU2","77146"
"FESU3","129774"
"FETH","162964"
"FEVE","162965"
"FEVI","77149"
"FEVI4","162966"
"FEVIK2","236043"
"FEVIV5","236044"
"FEWA","162967"
"FECO3","348408"
"FIAM","162969"
"FIAU","120934"
"FICI","162970"
"FIMIL","54984"
"FIMIM","54985"
"FIOB","285682"
"FIPR2","503865"
"FIPRC","NaN"
"FIPRP","NaN"
"FISA","NaN"
"FISA2","425621"
"FISE","NaN"
"FIST","1156453"
"FITIN","NaN"
"FITIT","NaN"
"FITR","192431"
"FIOC","162976"
"FIRU2","84510"
"FIAN","1278302"
"FIAU2","77151"
"FIBR2","162979"
"FICA3","162980"
"FICA4","162981"
"FICO","289956"
"FICYC","1638884"
"FICYU","236047"
"FIDE3","162983"
"FIDI","141162"
"FIFE","290525"
"FIGL","NaN"
"FIHA","162984"
"FIIN","NaN"
"FIMIT","736564"
"FINU2","141165"
"FIPA8","1144546"
"FIPA6","427672"
"FIPE","162986"
"FIPU","162987"
"FIPUI","240800"
"FIPUP","240801"
"FISP4","290627"
"FITH","77152"
"FITO","162990"
"FITR2","427669"
"FIVA","77153"
"FIMA4","NaN"
"FICH","1033208"
"FIVI2","1280420"
"FIAD70","162992"
"FIAL3","162993"
"FIAP","162994"
"FIAP2","162995"
"FIAR3","162996"
"FIAS","162997"
"FIBR70","124421"
"FIBU2","162998"
"FICL","162999"
"FICL2","163000"
"FIDU","163001"
"FIEX","163002"
"FIFO70","163003"
"FIGR","163004"
"FIHA4","163005"
"FIHA5","163006"
"FIHY","163007"
"FIKO","163008"
"FILI2","163010"
"FIMI5","163011"
"FIMI6","163012"
"FINE","163013"
"FIOB2","163014"
"FIOBA","240802"
"FIOBK","240803"
"FIOBM","240804"
"FIOBO","240805"
"FIOS70","163015"
"FIPA4","163016"
"FIPA5","163017"
"FIPE3","163018"
"FIPO2","163019"
"FIRA2","163020"
"FIRE6","163021"
"FISU","163022"
"FISU2","163023"
"FITA","163024"
"FIVE4","163025"
"FIZO","163026"
"FLRUM","1144657"
"FLIN5","360343"
"FLBI","163028"
"FLBR2","163029"
"FLCA","163030"
"FLCH","163031"
"FLFL","131157"
"FLLI","135243"
"FLMA","NaN"
"FLTR","77154"
"FLIN2","129639"
"FLMI","280131"
"FLPY","287971"
"FLSO","289653"
"FLCO2","NaN"
"FLPR","69648"
"FLTR2","163035"
"FLCE","157341"
"FLPR2","163036"
"FLNE","163037"
"FLPA","157335"
"FOAN2","123790"
"FOANA","240806"
"FOANG","240807"
"FOANO","240808"
"FODA","163038"
"FOFI","163039"
"FOFL","163040"
"FOHY2","163041"
"FOHYD","240809"
"FOHYH","240810"
"FOLA","163042"
"FOMA3","163043"
"FOMI2","163044"
"FONE3","154130"
"FONO","163045"
"FONOC","240811"
"FONOL","240812"
"FONON","240813"
"FOSP5","163046"
"FOSU3","163047"
"FOWE","163048"
"FOBR2","1462939"
"FOAC","163049"
"FOAN","163050"
"FOEG","830590"
"FOGO","163051"
"FOLI","163052"
"FOPU2","58211"
"FOPUG2","59216"
"FOPUP","59215"
"FORE","163053"
"FORH","278276"
"FOSE","126344"
"FOSEP","240814"
"FOSES","240815"
"FOSH","163054"
"FOPR","163055"
"FOTR","163056"
"FOCO","348481"
"FOAL2","163060"
"FOBR","163062"
"FOCR2","163063"
"FOFO2","163064"
"FOHI2","163065"
"FOLA2","163066"
"FOLO2","56444"
"FOMA4","163067"
"FOTE5","282013"
"FOWO","56447"
"FOZY","NaN"
"FOGA","131645"
"FOMA","163068"
"FOSP2","49325"
"FRAN","978555"
"FRANA3","NaN"
"FRANC3","NaN"
"FRBR5","1192433"
"FRCA","508658"
"FRCH","55367"
"FRCHL","236051"
"FRCHP","236052"
"FRCHS2","130761"
"FRVE","50298"
"FRVEA2","126801"
"FRVEB2","236055"
"FRVEC2","61095"
"FRVEV","236057"
"FRVI","77155"
"FRVIG2","318200"
"FRVIG3","236059"
"FRVIP2","236060"
"FRVIV","236061"
"FRBL","NaN"
"FRBE2","1613820"
"FRBEB","236062"
"FRBEO","236063"
"FRCA12","53423"
"FRCAC5","53429"
"FRCAC6","53430"
"FRCAC7","53427"
"FRCAO4","53426"
"FRCAT2","53428"
"FRCAU","53431"
"FRCA13","120151"
"FRPU7","77156"
"FRPUA","79855"
"FRPUP","79856"
"FRPUU","79857"
"FRRU","77157"
"FRRUM","79858"
"FRRUN","236074"
"FRRUO","79859"
"FRRUR","79860"
"FRRUY","79861"
"FRSP2","874344"
"FRSPL","NaN"
"FRJA","163071"
"FRJO","163072"
"FRPA","77158"
"FRSA","58168"
"FRAL","141621"
"FRAL2","77160"
"FRALA","240816"
"FRALC","240817"
"FRALC2","240818"
"FRALI","240819"
"FRALM","80898"
"FRALN","80899"
"FRAL5","77161"
"FRCA2","118741"
"FRCO7","163074"
"FRFA","878084"
"FRGY","163076"
"FRMO","163077"
"FRNE","77162"
"FRPA2","148927"
"FRPA3","77163"
"FRPU","77164"
"FRSP","56352"
"FRTU","77165"
"FRAL3","636177"
"FRAM2","54805"
"FRAN2","77167"
"FRANA","240820"
"FRANL","240821"
"FRBE","163078"
"FRCA3","163079"
"FRCU","163080"
"FRDI2","58939"
"FRGO","163081"
"FRGR2","163082"
"FRLA","63878"
"FRNI","54807"
"FRPA4","163083"
"FRPE","54808"
"FRPR","900543"
"FRQU","54810"
"FRVE2","64132"
"FRCA6","63609"
"FRDE2","77169"
"FRME2","77170"
"FRAR","122525"
"FRRE3","559795"
"FRVI3","1144542"
"FRAF2","50618"
"FRAFA2","59084"
"FRAFT2","60949"
"FRAG","56794"
"FRAT","77171"
"FRBI","56793"
"FRBR","77172"
"FRCA5","128770"
"FREA","56788"
"FRFA2","56791"
"FRGE","77173"
"FRGL","77174"
"FRGR4","163084"
"FRLI2","53054"
"FRMI","60600"
"FROJ","77175"
"FRPI","77176"
"FRPL","67781"
"FRPU2","77177"
"FRPU3","56789"
"FRRE","56787"
"FRST","67554"
"FRVI2","77178"
"FRAR2","163085"
"FRDR","163086"
"FRFL","127033"
"FRFLC","240822"
"FRFLF","240823"
"FRGR3","163087"
"FRIN","163088"
"FRAP2","163090"
"FRAR3","163091"
"FRAS","1158196"
"FRBO","56517"
"FRBR4","163092"
"FRCA16","56520"
"FRCA17","163093"
"FRCH7","163094"
"FRCO9","163095"
"FRCU3","163096"
"FRDO","163097"
"FREB","163098"
"FRER3","274759"
"FRFR","163099"
"FRGI","274760"
"FRGY2","163100"
"FRHA2","453081"
"FRIN4","163101"
"FRINC","1038563"
"FRINI","1053532"
"FRJA2","163102"
"FRKU","163103"
"FRKUK","NaN"
"FRKUM","NaN"
"FRNI3","123818"
"FROA2","163104"
"FROB2","163105"
"FRPL3","163106"
"FRRI","274763"
"FRRI2","163107"
"FRSA4","NaN"
"FRSE","163108"
"FRST5","1660729"
"FRTA","NaN"
"FRBA","NaN"
"FRCO10","828823"
"FRPY","157333"
"FUBR","163114"
"FUBU","163115"
"FULO","163116"
"FUPU","163117"
"FURO","290612"
"FUSC","163118"
"FUSI","163119"
"FUSIA","240824"
"FUSIS","240825"
"FUSQ","163120"
"FUUM","290649"
"FUAM","163121"
"FUAP","274281"
"FUAR70","163123"
"FUCA2","163124"
"FUFL2","163125"
"FUGR","163126"
"FUHY70","120000"
"FUMI","163127"
"FUMU","163128"
"FUPO70","163129"
"FUSE2","163130"
"FUCL","277459"
"FUCR","77179"
"FUCY","77180"
"FUCYC","632517"
"FUCYH","NaN"
"FUHI","77181"
"FUTO2","284361"
"FUAN3","863216"
"FUSE","163133"
"FUTU","586080"
"GALA13","157355"
"GAAR9","481755"
"GAKA3","334625"
"GAAS5","163134"
"GAASG","236090"
"GABE","163135"
"GALA7","163137"
"GAVI3","163138"
"GAVIK","236091"
"GAAE","133437"
"GAAEA","128692"
"GAAEA2","NaN"
"GAAEF","128691"
"GAAEW","240827"
"GAAM","163139"
"GAAR","77183"
"GAAR2","163140"
"GACO7","163141"
"GAFL","163142"
"GAMU","163143"
"GAMUM","240830"
"GAMUM2","240831"
"GAPA","163144"
"GAPI","148119"
"GAPIL2","240832"
"GAPIP2","240833"
"GAPU","51768"
"GAPUA","240834"
"GAPUP","240835"
"GAPUP2","240836"
"GASP","148120"
"GASU","163145"
"GACA","163146"
"GADU2","348409"
"GAEG","348411"
"GAEL2","130045"
"GAER","163147"
"GAFL3","127898"
"GAHE","163148"
"GALO","163149"
"GAMA2","163150"
"GAMI3","163151"
"GAMO2","163152"
"GAPA7","163153"
"GAPI3","163154"
"GARE2","127897"
"GASM","163155"
"GAST2","85339"
"GATE","163156"
"GAVO","163157"
"GAWR","163159"
"GAWRM","240837"
"GAWRW","240838"
"GAUR2","53925"
"GABE4","163160"
"GABI6","163161"
"GASP5","51432"
"GAPO3","446698"
"GAAM2","77184"
"GAAMA","79862"
"GAAMS2","79863"
"GAAN","58310"
"GAANA","79864"
"GAANG","61865"
"GAANI","79865"
"GAAN2","58311"
"GAANA2","58312"
"GAANB","79866"
"GAANF","79867"
"GAANG2","79868"
"GAANG3","79869"
"GAANJ","79870"
"GAANN","79871"
"GAANO","79872"
"GAAP2","1403902"
"GAAR3","77185"
"GAAR4","163168"
"GAAS2","127921"
"GABI","77186"
"GABO","77187"
"GABO2","77188"
"GABR6","163169"
"GABU","77189"
"GACA3","53062"
"GACAC","53061"
"GACAF","709974"
"GACAL","79874"
"GACAM","79875"
"GACAM2","79876"
"GACAP","79877"
"GACAS","79878"
"GACA4","77190"
"GACAA","79879"
"GACAC2","79880"
"GACI2","82372"
"GACIC","240841"
"GACIH","240842"
"GACL","77191"
"GACL2","77192"
"GACO","163170"
"GACO2","163171"
"GACO3","131004"
"GACO6","163172"
"GADE3","163173"
"GAEM","163174"
"GAEME","236114"
"GAEMP","236115"
"GAFE","163175"
"GAGL2","77194"
"GAGLG","79881"
"GAGLH","236117"
"GAGLJ","236118"
"GAGLM","79882"
"GAGR5","77195"
"GAGR2","77196"
"GAGRG","80904"
"GAGRN","80905"
"GAHA","77197"
"GAHA2","77198"
"GAHI3","77199"
"GAHIC","79883"
"GAHIH","79884"
"GAHIK","79885"
"GAHI","163178"
"GAHY","77200"
"GAHYE","181489"
"GAHYH","79886"
"GAHYI","79887"
"GAHYN","236126"
"GAHYS","79888"
"GAHYT","79889"
"GAJE","77201"
"GAJO","77202"
"GAKA","163179"
"GALA2","163180"
"GALA3","163181"
"GALA4","116354"
"GAMA3","77203"
"GAMA4","77204"
"GAME3","77205"
"GAMEA","236129"
"GAMEA2","79890"
"GAMEF","236131"
"GAMEM","236132"
"GAMI","163182"
"GAMU2","77207"
"GAMU3","77208"
"GAMUA","236133"
"GAMUM3","236134"
"GAMU5","77209"
"GANU","64199"
"GANUI","709973"
"GANUN","64136"
"GAOB","142756"
"GAOBA","236137"
"GAOBF2","236138"
"GAOBO","236139"
"GAOR","77210"
"GAOR2","163183"
"GAORL","236140"
"GAPA3","163184"
"GAPA4","77211"
"GAPI2","144023"
"GAPIP3","240843"
"GAPIP","240844"
"GAPO","53063"
"GAPOP","53064"
"GAPOT","80906"
"GAPR","77212"
"GASE2","77213"
"GASED","236141"
"GASEM","236142"
"GASEO","236143"
"GASEP","236144"
"GASES","236145"
"GASES2","79892"
"GASES3","236147"
"GASEW","79893"
"GASEW2","236149"
"GASP2","77214"
"GASPG","79894"
"GASPS","79895"
"GAST","77215"
"GASTE2","236152"
"GATE3","163187"
"GATI","136375"
"GATR2","77216"
"GATRC","61105"
"GATRH2","236154"
"GATRS2","79896"
"GATRT5","236156"
"GATR3","53065"
"GAUN","163188"
"GAUN2","163189"
"GAVI","163190"
"GAWA","163191"
"GAWR2","77217"
"GAAN3","163193"
"GASP10","320573"
"GAAM3","153366"
"GAAR10","200027"
"GACH3","547344"
"GAFA3","163195"
"GAPE2","77221"
"GAPU3","60957"
"GAUS","77224"
"GAHE4","157359"
"GAHE5","1121177"
"GAMA13","NaN"
"GAPO2","431542"
"GARU3","1123206"
"GARUC","NaN"
"GARUR","NaN"
"GABR","126843"
"GAMA6","163196"
"GARE","163197"
"GAST3","163199"
"GABU2","56199"
"GACO9","56200"
"GAEL","53399"
"GAFL2","56201"
"GAFR","56202"
"GAOV","121692"
"GAOVG","236158"
"GAOVL","202090"
"GAVE2","56204"
"GAWR3","163200"
"GAPH2","77225"
"GAHI2","53460"
"GAHU","77227"
"GAMI2","163202"
"GAOV2","77228"
"GAPR2","62376"
"GASH","48441"
"GAAN4","126317"
"GABI2","154561"
"GABO3","163203"
"GABR2","163204"
"GACA5","163205"
"GACO5","803201"
"GADE","163206"
"GADR","68550"
"GAFI2","163207"
"GAHE2","163208"
"GAHEG","236165"
"GALI2","163209"
"GALO3","163210"
"GAMA5","163211"
"GAMC","163212"
"GANE2","163213"
"GANEC","236166"
"GANEN","236167"
"GAPA6","285822"
"GASI","68552"
"GASU2","163214"
"GASUN","236168"
"GASUS","236169"
"GATR5","163215"
"GAAT","365242"
"GABA","128805"
"GABR5","118771"
"GADU","84171"
"GAFR2","130095"
"GAMO3","163217"
"GANA","48351"
"GATO5","163218"
"GAUR","163219"
"GADE2","77229"
"GADI2","77230"
"GADID","79897"
"GADIP","79898"
"GAER2","77231"
"GAHE3","77232"
"GAHU2","77233"
"GAOL","77234"
"GARA","77235"
"GARA2","77236"
"GEGI","157311"
"GERA4","163220"
"GESE","83070"
"GERUG","866991"
"GEAM","118965"
"GEDU","157320"
"GEBI5","NaN"
"GECU3","NaN"
"GEGR5","NaN"
"GEPA4","563703"
"GEAF","67805"
"GEAL4","163223"
"GEAL2","118783"
"GEAN","120580"
"GEANA","120582"
"GEAND","120581"
"GEAU3","163224"
"GEAU4","163225"
"GECA","56350"
"GECA10","163226"
"GECL","120579"
"GEDE3","163227"
"GEDO","163228"
"GEFR","77241"
"GEGL","144087"
"GELI3","163229"
"GENE","56349"
"GENEN","56351"
"GENET","80907"
"GENI","163230"
"GEPA","118778"
"GEPE3","163232"
"GEPL","163233"
"GEPL6","77242"
"GEPR3","77243"
"GEPU5","163234"
"GERU","163235"
"GESA","163236"
"GESAL2","240845"
"GESAS","240846"
"GESC","77244"
"GESE2","77245"
"GEVI5","163237"
"GEAM3","60389"
"GEAMA","79899"
"GEAMH","236175"
"GEAU5","163238"
"GEMI3","163239"
"GEPR5","163240"
"GEPRA","236177"
"GEPRP","236178"
"GEQU2","119901"
"GEQUO","236179"
"GEQUQ","236180"
"GETE4","163241"
"GETEP2","236181"
"GETET","236182"
"GETO","163242"
"GEWI2","163243"
"GEWR2","1446039"
"GEBA2","163244"
"GECR2","154320"
"GEDE4","163245"
"GEDED","1414189"
"GEDEN5","1072367"
"GEDER","236184"
"GEDEY","236185"
"GEHO3","77246"
"GEMA7","163246"
"GEMA6","163247"
"GESI3","77247"
"GETH","145732"
"GEVI6","324415"
"GEVIV2","1038576"
"GEVIV3","1053630"
"GEGR8","163251"
"GEMI","163252"
"GELI2","163253"
"GERE3","286187"
"GETU3","56424"
"GECA2","77248"
"GEVI","77249"
"GEAR","163254"
"GEAT2","163255"
"GEATA","240849"
"GEATC","240850"
"GEBI2","77251"
"GECA3","163256"
"GECAC3","240853"
"GECAE","240854"
"GECAF","240855"
"GECAP2","240856"
"GECA4","77252"
"GECA5","58917"
"GECAC4","240857"
"GECAS","240859"
"GECU","163257"
"GECUC","240860"
"GECUH","240861"
"GECUH2","240862"
"GECUT","240863"
"GEER2","47700"
"GEHA","163258"
"GEHI2","739448"
"GEKA","163262"
"GELE","163263"
"GEMA","47699"
"GEMU","163264"
"GEOR2","77256"
"GERI","77260"
"GERO","55925"
"GEROR2","NaN"
"GETE2","77263"
"GEVI2","77264"
"GEVII","322590"
"GEVIV","240865"
"GEWI","163268"
"GECI","995110"
"GECU2","960681"
"GEPA3","739430"
"GEPE4","714296"
"GERE2","713659"
"GEVI7","995108"
"GEVIS","1196191"
"GEAU2","NaN"
"GECA17","366375"
"GEMA12","837288"
"GEMA5","NaN"
"GEPU4","NaN"
"GEAL3","77265"
"GECA6","163269"
"GECA7","85325"
"GECAC6","1642898"
"GECAT","240870"
"GEGE","163270"
"GEGL2","894674"
"GELA","163272"
"GELAL","240871"
"GELAT","240872"
"GEMA4","77266"
"GEMAM","80908"
"GEMAP","80909"
"GEPE","163273"
"GEPE2","163274"
"GERA2","163275"
"GERI2","55750"
"GERO2","163276"
"GEROD","240873"
"GEROR","240874"
"GEROT","240875"
"GETR","57460"
"GETRC","240876"
"GETRC3","240877"
"GETRC2","80910"
"GETRT","240878"
"GEVE","130906"
"GEVI4","131001"
"GIGE","182373"
"GIAC2","51098"
"GIACA","51101"
"GIACM","51102"
"GIAL","77267"
"GIALA","79900"
"GIALB","79901"
"GIAN","53920"
"GIAU2","163279"
"GIBR","58241"
"GIBRB","79902"
"GIBRJ","236207"
"GIBRN","79903"
"GICA3","59668"
"GICAB","59666"
"GICAC2","59670"
"GICAS","59667"
"GICAS2","59669"
"GICAT","79904"
"GICA5","57793"
"GICAA","57799"
"GICAC3","57798"
"GICAC","57802"
"GICAM","79905"
"GICAP","79906"
"GICAP2","57800"
"GICAS3","57801"
"GICAT2","57803"
"GICL","56630"
"GICL2","77268"
"GIDI","59665"
"GIFL","163285"
"GIFLA","236222"
"GIFLF","236223"
"GIIN2","77269"
"GIIN4","77270"
"GILA","58243"
"GILAC2","79907"
"GILAD","79908"
"GILAE","79909"
"GILAL","79910"
"GILE2","60531"
"GILEL2","79911"
"GILEP2","79912"
"GILEP3","79913"
"GILET","79914"
"GIMA","58244"
"GIME","163298"
"GIMI","57797"
"GIMI2","58245"
"GIMO","59664"
"GINE","77272"
"GIOC","77273"
"GIOCB","79915"
"GIOCE","79916"
"GIOCO","79917"
"GIOCV","79918"
"GIOP","77274"
"GISA","77275"
"GISC","59663"
"GISI","77276"
"GIST","59658"
"GIST3","163306"
"GITE2","57792"
"GITEA","57794"
"GITEA2","57795"
"GITEH","79919"
"GITET","57796"
"GITR","77277"
"GITR2","50832"
"GITRD","79920"
"GITRT","79921"
"GITW","163310"
"GIYO","77278"
"GIAC4","244355"
"GIIN6","243601"
"GIIN7","244356"
"GILU3","244354"
"GIRI3","244359"
"GIST5","355620"
"GITR6","204324"
"GILU","67815"
"GIRO","1208426"
"GICE2","1036925"
"GIDI2","60067"
"GIDIC","79922"
"GIDID","79923"
"GIDIF","79924"
"GIDIR","79925"
"GIPU2","60069"
"GIPUC","79926"
"GIPUP","80912"
"GIPUG","NaN"
"GIPUP2","NaN"
"GIPUS","79927"
"GISP3","58867"
"GITE9","60068"
"GLBI2","125675"
"GLBIB","240881"
"GLBIC","358224"
"GLCA2","887199"
"GLCH","163313"
"GLDE2","163314"
"GLEL2","163315"
"GLELA","240883"
"GLELE","240884"
"GLGO","143937"
"GLMA5","163316"
"GLPO","163318"
"GLPU4","163320"
"GLQU","163321"
"GLTA","163323"
"GLTU","1390807"
"GLUN","348785"
"GLUNW","314219"
"GLSU","157299"
"GLMA","77280"
"GLTE","NaN"
"GLAQ","129859"
"GLTR","54797"
"GLLI","873761"
"GLLIL","79928"
"GLRA","77284"
"GLGL3","163328"
"GLKA","NaN"
"GLMA11","1272188"
"GLPA","1272186"
"GLBI3","601993"
"GLCL","163329"
"GLPU","77285"
"GLSP","77286"
"GLSPA","80913"
"GLSPM","240887"
"GLSPM2","240888"
"GLSPP2","1061181"
"GLSPS","1642782"
"GLTE2","163331"
"GLGA","NaN"
"GLOC","61060"
"GLAC","163333"
"GLAR","163334"
"GLBO","77287"
"GLCA","68032"
"GLGR","77291"
"GLGRG","240890"
"GLGRK","240891"
"GLLA","163335"
"GLLE2","77292"
"GLME2","163337"
"GLNU","163338"
"GLOB","163339"
"GLPU2","163341"
"GLSE3","140117"
"GLST","77293"
"GLLE3","58896"
"GLMA2","77296"
"GLSE4","77297"
"GMAR","120358"
"GMEL","425648"
"GMPA","940731"
"GNEX","163343"
"GNPA","57980"
"GNPO","121284"
"GOHY","163344"
"GOEL","192996"
"GOTU2","163345"
"GOLI","NaN"
"GOCA","163346"
"GOHA","163347"
"GONE","163348"
"GONI","163349"
"GOSE","130869"
"GOSO","163350"
"GOCA2","1144566"
"GOCO","348412"
"GOPO2","348413"
"GOAC","1139433"
"GOST","348414"
"GOHI4","358381"
"GOLU","77298"
"GOOB2","50719"
"GOPU","62406"
"GORE2","773871"
"GOTE","62366"
"GOLA","81921"
"GOLA2","157401"
"GOLAL","157405"
"GOLAT","240894"
"GOHI","77299"
"GOHIH2","240895"
"GOHIM","NaN"
"GOTH","129330"
"GOTO","126842"
"GOHI2","163353"
"GOLU2","163354"
"GOME","163355"
"GOPO","316857"
"GOVI","163356"
"GOFL2","545228"
"GROT","1225599"
"GRAS","NaN"
"GRBA2","163358"
"GRCU","NaN"
"GRFO","NaN"
"GRHA4","1554344"
"GRHE2","NaN"
"GRHO2","163359"
"GRLI4","1554169"
"GRMO","NaN"
"GRNI","163360"
"GRSH","NaN"
"GRTA2","1416847"
"GRTE","163361"
"GRTR2","866647"
"GRBA3","157224"
"GRRU","163362"
"GRAU","62398"
"GRBR","163364"
"GREB","77300"
"GRFL","163365"
"GRFL2","163366"
"GRGR7","711636"
"GRHE","60245"
"GRHI2","133475"
"GRNE","77301"
"GRPI","163367"
"GRQU2","163368"
"GRRA","163369"
"GRVI","163370"
"GRVIA","240896"
"GRVIV","200038"
"GRVI2","163371"
"GRSP","58128"
"GRAM2","163374"
"GRAN70","163375"
"GRAN3","123911"
"GRAR5","163376"
"GRAT2","163377"
"GRBR3","163379"
"GRBR4","163380"
"GRDO","163382"
"GREL2","163383"
"GREL3","163384"
"GRFU","163385"
"GRHA5","163386"
"GRHA6","163387"
"GRHE4","NaN"
"GRIN9","163389"
"GRLA5","123506"
"GRLO2","282075"
"GRMA4","163392"
"GRMI3","NaN"
"GRMO4","163393"
"GRMO5","154180"
"GRMO6","163394"
"GROL","163395"
"GROR2","163396"
"GROV70","163397"
"GRPI3","163398"
"GRPL70","163399"
"GRPO2","163400"
"GRPU","56117"
"GRPUA","240897"
"GRPUP","240898"
"GRTE4","163402"
"GRTE5","163403"
"GRTO2","163404"
"GRTO4","163405"
"GRTOF","240899"
"GRTOT","240900"
"GRTR3","163406"
"GRUN","163407"
"GRAC","163408"
"GRAD2","551481"
"GRAR2","163409"
"GRARA","240901"
"GRARN","240902"
"GRARS","240903"
"GRCA","56953"
"GRCAB","240904"
"GRCAC","56957"
"GRCO","163410"
"GRDE","163411"
"GRDED","240905"
"GRDES","240906"
"GRFA","163412"
"GRFR","465909"
"GRGR","163413"
"GRHA2","163414"
"GRHI","55364"
"GRHID2","55384"
"GRHIH2","240907"
"GRHIH3","55383"
"GRHIM","81939"
"GRHO","163415"
"GRIN2","163416"
"GRINA","240908"
"GRINI","240909"
"GRIN","124526"
"GRLA","163417"
"GRLA3","133092"
"GRLAL","1553156"
"GRLAT","240911"
"GRMI","163418"
"GRNA","77304"
"GRNAI","1616074"
"GRNAN","181762"
"GRNU","163419"
"GRNUA","240916"
"GRNUN","240917"
"GROO","163420"
"GROX","163421"
"GRPA8","181585"
"GRPU2","289497"
"GRRE","163422"
"GRSC","163423"
"GRSQ","77305"
"GRSQQ","181763"
"GRSQS","80914"
"GRSQS2","240918"
"GRST3","61992"
"GRSTA2","61991"
"GRSTP2","516964"
"GRSTS2","80915"
"GRSU","163424"
"GRSUE","240919"
"GRSUS","240920"
"GRTO3","163425"
"GRTU3","163426"
"GRAG3","639764"
"GRCL","792355"
"GREM","281858"
"GRGR6","281854"
"GRKU","274479"
"GRPA11","77307"
"GRPU3","77308"
"GRSC6","281855"
"GUAN","194790"
"GUOF","193075"
"GUSA","193076"
"GUDI","163430"
"GUFR","163431"
"GUGL2","163432"
"GUOB","163433"
"GUPL","163434"
"GUGL3","209919"
"GUGU","818434"
"GUBL","186547"
"GUCA2","494249"
"GUUL","154538"
"GUEL","163435"
"GUKR","980560"
"GUOD","960813"
"GUOV","1020008"
"GUPU","1270579"
"GUSC","163436"
"GUVA","1165101"
"GUDE","77309"
"GUDEA","80916"
"GUDED","1668873"
"GUFL3","68819"
"GULA4","53090"
"GUCO","702592"
"GUKA2","163438"
"GUPE","163439"
"GUAR","163440"
"GUCA","57978"
"GUEL2","163441"
"GUMI","77311"
"GUPE2","163442"
"GUSA2","77312"
"GUSE","163443"
"GUSP","163444"
"GUTE2","163445"
"GUTEG","194107"
"GUTET","1555268"
"GUWR","163446"
"GUBE2","606059"
"GULI","276734"
"GULIC","1065838"
"GUMO","163447"
"GUMOV","240923"
"GYLA","157219"
"GYLU","163448"
"GYAC2","NaN"
"GYBR2","NaN"
"GYHE3","363539"
"GYIN","NaN"
"GYAP","136557"
"GYDI2","120491"
"GYDR","82572"
"GYJE","163449"
"GYJEP","236288"
"GYRO","163450"
"GYDI","163451"
"GYAC4","163452"
"GYBO","1279393"
"GYFA","1279394"
"GYIN5","163453"
"GYINH","240926"
"GYINI","240927"
"GYAP2","163454"
"GYCO2","163455"
"GYCO3","163456"
"GYLA3","163457"
"GYMU4","163458"
"GYOB","163459"
"GYPA5","163460"
"GYAM","163461"
"GYBR","163462"
"GYCH","163463"
"GYFO","1341175"
"GYNI","886615"
"GYPA3","886618"
"GYSP","886624"
"GYGL","163464"
"GYPA7","1144616"
"GYNU","163465"
"GYPA2","77313"
"GYOR","163466"
"GYAE","163467"
"GYCA3","163469"
"GYSA","163471"
"GYEP2","1144663"
"GYUN","163479"
"GYRE2","163480"
"GYTE","163481"
"HAAL","143668"
"HAAM4","1308985"
"HADI6","163482"
"HAEU","276743"
"HAMA10","276749"
"HAMO2","140591"
"HAOD","163483"
"HAQU","121489"
"HARE","155102"
"HARO3","1190828"
"HATU","768362"
"HAAM","77317"
"HABE","77318"
"HABE3","163485"
"HABR4","77319"
"HACA","77320"
"HACI4","163486"
"HACI2","163487"
"HACR4","163488"
"HACU","77321"
"HADA","163489"
"HADE","163490"
"HADEA","209198"
"HADI2","163491"
"HADIA","240931"
"HADIC","240932"
"HADID","1620956"
"HAFL2","77322"
"HAGR10","163492"
"HAHI2","163493"
"HAHI3","163494"
"HAHID","240934"
"HAHIH","240935"
"HAIB","163495"
"HAMI","77323"
"HAMU","77324"
"HANE","77325"
"HAOP2","163496"
"HAPA","163497"
"HAPAH","240936"
"HAPAP","240937"
"HAPI2","163498"
"HAPIJ","240938"
"HAPIP","240939"
"HASE","77326"
"HASH","77327"
"HAUR","163499"
"HAURD","240940"
"HAURP","240941"
"HAURU","240942"
"HAVE","77328"
"HAVE4","163500"
"HAVI2","128620"
"HASA2","1043501"
"HASAO","1043500"
"HADE2","163503"
"HADED2","236292"
"HARO5","925612"
"HACA3","901798"
"HADI3","163505"
"HATE3","163506"
"HATEM","240945"
"HATET","240946"
"HADI4","163507"
"HAJA","77330"
"HAMO","163508"
"HAPE2","163509"
"HAPEL","240949"
"HAPEP","240950"
"HAVI3","163510"
"HAWH","163511"
"HAPI3","427782"
"HAWR","133336"
"HABA","850540"
"HADE5","163512"
"HAEN2","163513"
"HAHA3","163514"
"HAJO","163515"
"HAMI5","427781"
"HAOV4","163517"
"HAVE2","163518"
"HAVI4","51970"
"HALA8","157504"
"HAVE70","157503"
"HAAX","286193"
"HAPA3","126305"
"HAMA8","346611"
"HALI7","292063"
"HAGR4","157519"
"HAGRT","157523"
"HATR4","163519"
"HAHO4","157444"
"HAHOH","157445"
"HACR3","157530"
"HABR2","157545"
"HAHA4","163520"
"HALI4","163521"
"HAMU2","163522"
"HATR2","163523"
"HATR","157476"
"HADO2","77332"
"HAGU","77333"
"HAHA11","77334"
"HANU3","77335"
"HAST10","77336"
"HAPA7","77337"
"HAPAA","240951"
"HAPAP2","240952"
"HAOV3","157432"
"HAOVI","236293"
"HAST8","157433"
"HADR3","157439"
"HAFL9","157442"
"HASC3","157440"
"HAFL3","157527"
"HAHY2","163524"
"HAST3","144145"
"HAPO","157455"
"HAAB2","157460"
"HAER4","439001"
"HAFR3","163525"
"HAPO2","430192"
"HASI","163527"
"HAFL4","157506"
"HARO","157471"
"HASU3","157470"
"HAAL2","60488"
"HABR5","163528"
"HABRA2","240953"
"HABRB","240954"
"HASE3","77338"
"HAPA10","163530"
"HABR3","77339"
"HACA6","77340"
"HADE4","77341"
"HAOR3","77342"
"HASQ2","64142"
"HASQG2","475402"
"HASQO2","80918"
"HASQS2","80919"
"HAST4","57981"
"HAWH3","77343"
"HAWHD2","80920"
"HAWHW","80921"
"HEMA9","289076"
"HESH","77344"
"HEGL7","163531"
"HETE7","163532"
"HEPU8","68882"
"HEAC","163533"
"HEAP","163534"
"HECO","163535"
"HECOC4","240955"
"HECOP","240956"
"HEDE2","163536"
"HEDI","163537"
"HEDR","77345"
"HEHI","163538"
"HEHY","163539"
"HEMO","163540"
"HENA","77346"
"HENAC","79929"
"HENAM","236295"
"HENAN","236296"
"HEOB","163541"
"HEPI4","163542"
"HEPL","163543"
"HEPU12","163544"
"HEPU","163545"
"HERE3","163546"
"HERER","240957"
"HERES","240958"
"HETO2","163547"
"HEAM11","288367"
"HECI5","163550"
"HEDE15","163551"
"HEST8","163552"
"HEAR","735205"
"HEAC3","163553"
"HEAI","1144660"
"HECE","163556"
"HECO13","163557"
"HECO14","163558"
"HECO2","1144661"
"HEDE3","163559"
"HEDEC","240959"
"HEDED2","240960"
"HEDI10","549379"
"HEDID","549377"
"HEEL4","163560"
"HEFL6","163561"
"HEFL16","163562"
"HEFO","163563"
"HEFO2","163564"
"HEFO3","163565"
"HEFO5","163566"
"HEFRF","NaN"
"HEGR17","163567"
"HEHI8","163568"
"HEIN7","163569"
"HEKN","163570"
"HEKO","1144667"
"HEKOH","NaN"
"HEKOK","NaN"
"HEKOM","NaN"
"HEKOS","NaN"
"HELI5","163571"
"HEMA8","163572"
"HEPA14","163574"
"HESA18","1144668"
"HESC6","163576"
"HESCR7","240966"
"HESCS4","240967"
"HESCW","NaN"
"HEST2","163577"
"HESU14","1144666"
"HETE21","163578"
"HETO7","1144665"
"HETR6","163579"
"HETU3","1144664"
"HEVE4","NaN"
"HEVE10","NaN"
"HEVEL2","NaN"
"HEAL","163580"
"HEBO","84822"
"HEBOB","84821"
"HEBOB2","NaN"
"HEBOG2","NaN"
"HEBOM","236298"
"HEOC","163581"
"HEOCC","240969"
"HEOCO2","240970"
"HESU","163582"
"HESA","157498"
"HEPO2","NaN"
"HEAM","77348"
"HEAMA","80922"
"HEAMB2","240971"
"HEAR2","163583"
"HEAU","77349"
"HEAUA","240972"
"HEAUG","240974"
"HEAUM","240975"
"HEBI","61807"
"HEBO2","77350"
"HEBR","163584"
"HECA13","163585"
"HEDR2","163586"
"HEEL","1445082"
"HEELA","240976"
"HEELE2","240977"
"HEFL","84114"
"HELI","163588"
"HEMI","163589"
"HEMIM","240978"
"HEMIO2","240979"
"HEPI","163590"
"HEPU2","53092"
"HEQU","163591"
"HETH","163592"
"HEVE","163593"
"HEVI6","163594"
"HECA","59922"
"HECAC3","80923"
"HECAN2","80924"
"HECAS4","80925"
"HECA2","64250"
"HEMI2","148123"
"HEPA","163595"
"HEQU2","163596"
"HEUN","117515"
"HEUND","240980"
"HEUNU","240981"
"HEAR11","163597"
"HEBI2","163598"
"HECA3","163599"
"HECA4","163600"
"HECO3","126313"
"HEDU","163601"
"HEGE","163602"
"HEGL","163603"
"HEGR2","77351"
"HENA2","163604"
"HEPR","163605"
"HERO2","163606"
"HESC2","57009"
"HEAM7","NaN"
"HEBR5","NaN"
"HECI3","NaN"
"HEDI5","NaN"
"HEDO","NaN"
"HEGL10","NaN"
"HEIN2","NaN"
"HEKE2","NaN"
"HELA","893708"
"HELU4","NaN"
"HEMU2","467157"
"HEOR","NaN"
"HEAG","163608"
"HEAN2","893247"
"HEAN3","57983"
"HEAN4","148124"
"HEAR3","163609"
"HEAR8","163610"
"HEAT","163611"
"HEBO3","77352"
"HECA5","56954"
"HECA14","163612"
"HECI","77353"
"HECU2","77354"
"HEDE4","126565"
"HEDEC2","236299"
"HEDED","236300"
"HEDES","236301"
"HEDET","236302"
"HEDEV","236303"
"HEDE","147976"
"HEDI2","84113"
"HEEG","163614"
"HEFL2","163615"
"HEGI","116688"
"HEGL2","163616"
"HEGR3","77356"
"HEGR4","163617"
"HEHE4","163618"
"HEHI2","84679"
"HELA8","163619"
"HELA2","163620"
"HELO3","163621"
"HEMA2","130192"
"HEMI3","118770"
"HEMO2","125699"
"HENE","163622"
"HENI3","77358"
"HENIC","236304"
"HENIT","79930"
"HENU","77359"
"HENUN","79931"
"HENUP","79932"
"HENUR","236308"
"HEOC2","163623"
"HEOCO","236309"
"HEOCP","236310"
"HEPA2","163624"
"HEPA19","130383"
"HEPAP2","236311"
"HEPAS","236312"
"HEPE","77360"
"HEPEF","318243"
"HEPEP","318247"
"HEPO3","163625"
"HEPR2","163626"
"HEPRH","236315"
"HEPRP","236316"
"HEPRR","236317"
"HEPR5","163627"
"HEPU3","163628"
"HERA","163629"
"HERE5","163630"
"HESA2","163631"
"HESC3","163632"
"HESI","163633"
"HESI2","163634"
"HESM","NaN"
"HEST","163636"
"HETU","122970"
"HEVE3","552282"
"HEBI4","163639"
"HECA10","123795"
"HEJA","803559"
"HEMO3","163643"
"HEPA3","163644"
"HEHI6","163646"
"HELO6","163647"
"HELOA2","240982"
"HELOL","240983"
"HEMU3","77362"
"HEMUB","240984"
"HEMUM2","NaN"
"HEMUM","181586"
"HEMUN","80926"
"HESO2","163648"
"HEHE5","130382"
"HEHEG","240985"
"HEHEH","240986"
"HEHEO","240987"
"HEHES","240988"
"HEPA4","163649"
"HEAN5","48895"
"HEAN8","123893"
"HEANA","240989"
"HEBR11","769975"
"HECO4","163650"
"HECO5","77364"
"HECOC","80927"
"HECOC7","NaN"
"HECU3","58058"
"HECUC2","240990"
"HECUO2","240991"
"HECUO","80928"
"HEFO11","370498"
"HEFR2","163651"
"HEGL3","163652"
"HEGR6","163653"
"HEGU2","NaN"
"HELA11","276338"
"HEMI10","960075"
"HEMO4","163654"
"HEPO","131541"
"HEPR9","163655"
"HEPR3","777328"
"HEPRP2","181764"
"HERA5","163656"
"HETE3","153487"
"HETE10","283173"
"HETE4","163658"
"HETO","163659"
"HEPU15","NaN"
"HEZE","332970"
"HEBL2","NaN"
"HEBLB","157558"
"HEBLH","157556"
"HEPA20","163662"
"HEBU","59568"
"HEMA5","282519"
"HEPA28","NaN"
"HEPA12","282466"
"HECO6","54663"
"HEMI20","77367"
"HECO7","56960"
"HECOC5","56958"
"HECOC6","56961"
"HECOC2","56959"
"HECOL2","118462"
"HECOL3","56956"
"HECOT","79935"
"HECOV","236349"
"HEFA","84793"
"HEFI","57984"
"HEFL4","163671"
"HEKE","71242"
"HELO4","163674"
"HEPA6","163679"
"HEGE3","157563"
"HEFA5","285549"
"HEMA11","958279"
"HEME5","193302"
"HESQ","NaN"
"HEIN3","163681"
"HENO2","639660"
"HENOA","67780"
"HENOO","319722"
"HEMA80","53094"
"HELA6","163683"
"HELAC","236364"
"HEAD5","163684"
"HEADA","236365"
"HEADT","236366"
"HEHA9","163686"
"HEHI11","163687"
"HESA15","NaN"
"HESAA","NaN"
"HESAS2","NaN"
"HESE9","342976"
"HEST7","163688"
"HECR3","77368"
"HELI9","193310"
"HEPA13","163689"
"HETE9","163690"
"HENY","370835"
"HESO","278899"
"HETO6","163693"
"HEAD3","163695"
"HESE6","163696"
"HEST5","163697"
"HETU2","163698"
"HEFU2","163699"
"HEPA8","130739"
"HEPAE","NaN"
"HEPAP","240993"
"HEAC8","77369"
"HEACA","58830"
"HEACA2","80930"
"HEACR","80931"
"HECA30","60135"
"HESP9","56963"
"HESPB","60965"
"HESPS2","61172"
"HEUN2","57877"
"HECA7","878059"
"HEPU6","77372"
"HESA5","163700"
"HETE5","59036"
"HEAB2","77373"
"HEABA","80932"
"HEABB","80933"
"HEAR22","1515459"
"HEBA5","77374"
"HEFO10","1515464"
"HEGL4","1515467"
"HEGO3","1515657"
"HEMA21","77377"
"HEMA22","77378"
"HENE2","77379"
"HEPI11","NaN"
"HESA17","77381"
"HEST10","77382"
"HESA13","157667"
"HESC15","157666"
"HEAD","77383"
"HEBI3","77384"
"HEBR4","77385"
"HECA11","77386"
"HECL3","77387"
"HECO12","57134"
"HEDI3","1476730"
"HEDI4","58932"
"HEDR4","77389"
"HEMI9","57136"
"HESP5","70018"
"HETE8","77390"
"HEAR9","163701"
"HEAR10","163702"
"HELY","163703"
"HECO26","157659"
"HECOC8","157658"
"HECOI","157657"
"HECU9","163704"
"HENE5","163705"
"HESP11","163706"
"HENE7","537787"
"HEWH","58362"
"HEOB3","558286"
"HEDU2","77393"
"HELI2","48985"
"HEME6","163707"
"HEMU5","1126536"
"HEPE3","163709"
"HERE","163710"
"HERO5","163711"
"HEDI8","157544"
"HEMA18","163713"
"HEPR8","163714"
"HERA3","58868"
"HEUN3","163715"
"HEAR5","53405"
"HEARA2","53407"
"HEARC2","53404"
"HEARM","53406"
"HEAF","157513"
"HECO10","77394"
"HEME","163716"
"HELA22","285437"
"HEPU17","348415"
"HEWY2","348416"
"HEELP","1144554"
"HEPI2","163717"
"HEBA2","163718"
"HECA16","163719"
"HECAC2","240994"
"HECAG","240995"
"HECA8","163720"
"HEFU3","1466395"
"HEFUA2","240996"
"HEFUA","240997"
"HEFUF","240998"
"HEFUS","240999"
"HEGR7","58831"
"HEJO","163722"
"HEMA20","163723"
"HEMO14","77395"
"HEOR2","77396"
"HEORC","80934"
"HEORO","1652617"
"HEORR","80936"
"HEORS","80937"
"HEPU14","163724"
"HERU3","163725"
"HESE","1466393"
"HESEB2","61170"
"HESEE2","58834"
"HESEB3","58833"
"HESEC","58835"
"HESEE3","58832"
"HESEF2","79936"
"HESEF3","NaN"
"HESES","NaN"
"HESES2","318251"
"HESH4","77397"
"HEST3","1466396"
"HESTA","241002"
"HESTS","241003"
"HESU3","77398"
"HEVI4","1466398"
"HEVIB","241004"
"HEVID","241005"
"HEVIF","942254"
"HEVIM3","80938"
"HEVIN","241007"
"HEVIP","241008"
"HEVIS","80939"
"HEVIS3","241009"
"HEVIV","241010"
"HEVI5","163727"
"HEZI","163728"
"HECU8","NaN"
"HEAB","77400"
"HEAL8","163729"
"HEAL4","163730"
"HEAM6","127487"
"HEAMA2","241011"
"HEAMH","241012"
"HEAMH2","241013"
"HEBR2","163731"
"HEBR3","77401"
"HECA36","77402"
"HECA23","163732"
"HECH","163733"
"HECY2","77403"
"HECYA","241014"
"HECYC","241015"
"HECYG","241016"
"HECYO","241017"
"HECYS","241018"
"HEDU3","163734"
"HEEA","163735"
"HEEL2","163736"
"HEFL14","163737"
"HEFLF","241019"
"HEFLS","241020"
"HEGL5","128868"
"HEGL6","163738"
"HEGR8","163739"
"HEGRG","241021"
"HEGRT","241022"
"HEHA2","163740"
"HEHI4","77404"
"HELO5","163741"
"HEMA4","64106"
"HEME2","772231"
"HEMI7","51274"
"HEMID2","51344"
"HEMIE2","51343"
"HEMIH","241023"
"HEMIM4","51345"
"HEMIM2","957161"
"HENO","163742"
"HEPA9","77406"
"HEPA10","954789"
"HEPAP4","241025"
"HEPAP5","241026"
"HEPA11","77407"
"HEPAA","241027"
"HEPAF","241028"
"HEPAM","241029"
"HEPAM2","241030"
"HEPAN","241031"
"HEPAP6","241032"
"HEPAU","241033"
"HEPI3","68216"
"HEPIH","181765"
"HEPIP","1053878"
"HEPU7","163744"
"HEPU10","163745"
"HERI","127946"
"HERU","77408"
"HERUA","241034"
"HERUG","241035"
"HERUR2","241036"
"HERUR","241037"
"HERUT","241038"
"HERUV","181497"
"HESA3","48384"
"HESAP","241039"
"HESAS","241040"
"HEVI2","163746"
"HEVIA","241041"
"HEVIV2","241042"
"HEWO2","622751"
"HEWO","163747"
"HEAR23","907048"
"HECO18","163748"
"HEGR9","163749"
"HENI2","163750"
"HERE2","163751"
"HESP3","129627"
"HESPS3","241044"
"HEWA","163752"
"HEAR6","122183"
"HEARA","241045"
"HEARC","241046"
"HEARR","241047"
"HECO19","122182"
"HEHE12","122181"
"HELE2","122180"
"HEMI13","122179"
"HENA3","122177"
"HERH","122176"
"HESH2","122178"
"HESHH","241048"
"HESHS","241049"
"HESO5","163753"
"HESP4","122175"
"HEVI3","122148"
"HIPU2","NaN"
"HIBO2","48886"
"HICR","48880"
"HIDI","48883"
"HIGI","48885"
"HIHU","48884"
"HIST2","1134590"
"HIWI","163754"
"HIWO","163755"
"HIAC","163757"
"HIAR","67750"
"HIARA2","236412"
"HIARI","236413"
"HIARP3","236414"
"HIBI2","163758"
"HIBI","163759"
"HIBR","83067"
"HIBRB","236415"
"HIBRM","236416"
"HIBRM3","NaN"
"HICL","163762"
"HICL2","278086"
"HICO2","163763"
"HICO","122584"
"HIDA","163764"
"HIDE","77409"
"HIFU","163765"
"HIFUY","241050"
"HIGR4","163766"
"HIKO","122717"
"HIKOK","236418"
"HIKOS","236419"
"HILA2","163767"
"HILA6","77410"
"HIMA6","163769"
"HIMO","82317"
"HIPE3","332703"
"HIPH","278090"
"HIPO","163771"
"HIST","163774"
"HISTL2","236422"
"HITR4","1225985"
"HIWA","163775"
"HIWAH","236423"
"HIWAW","236424"
"HIAL4","NaN"
"HIFA2","NaN"
"HIFAF","NaN"
"HIFAM","NaN"
"HIFAW","NaN"
"HIFE2","NaN"
"HIGR7","NaN"
"HIGRF2","NaN"
"HIGRG2","NaN"
"HIAL2","63937"
"HIAR2","77412"
"HIBO","77413"
"HICA3","163776"
"HICAC","241051"
"HICA4","163777"
"HICY","163778"
"HIFE","163779"
"HIFED","241054"
"HIFEF","1593303"
"HIFEM","241056"
"HIGR","163781"
"HIGRA","241057"
"HIGRD","241058"
"HIGRG","241059"
"HIGRY","241060"
"HIGR2","77414"
"HIGR5","163782"
"HIGR3","128234"
"HIHO","77415"
"HIKA2","163784"
"HIKAF","241061"
"HIKAK2","241062"
"HIKAS2","552649"
"HILA8","163785"
"HILA4","163787"
"HILE2","163788"
"HILO","163789"
"HILO2","163790"
"HIMA10","163792"
"HIME","154591"
"HIPA2","133237"
"HIPR2","163797"
"HIRO4","163798"
"HIRU","163799"
"HISC","142730"
"HISCI","142729"
"HISCS","142726"
"HISCT","142727"
"HISC10","289602"
"HISC2","77418"
"HISCA","773154"
"HISCN","241066"
"HISCS2","241067"
"HISC11","163801"
"HITR2","77419"
"HITRF","241068"
"HITRT2","241069"
"HIUM","55909"
"HIVE","68034"
"HIHI","163805"
"HIHIA","181767"
"HIOC","118424"
"HIOD","163806"
"HIPA3","163807"
"HIBE","163808"
"HIBEB","241070"
"HIBEL","241071"
"HISW","163809"
"HISA","148398"
"HIPA4","133660"
"HILO3","154827"
"HIVO","163811"
"HIMA2","62849"
"HILA","163813"
"HIMO2","163814"
"HITE","163815"
"HIVU2","803112"
"HIRU2","777196"
"HITR3","273846"
"HIIN2","282481"
"HODR","280583"
"HODR3","290015"
"HOGL2","77423"
"HOMI5","77424"
"HOOX","163816"
"HORE","139074"
"HOTE","163817"
"HOAN","830589"
"HOAT","NaN"
"HOPO2","779041"
"HOMA4","60186"
"HOOR","77425"
"HOST3","77426"
"HOST2","163818"
"HOLA2","58285"
"HOPE2","77428"
"HOHE","62568"
"HOMA","62573"
"HOOB","62571"
"HOOBA","62570"
"HOOBO","62569"
"HOVI","53099"
"HOVIE","79939"
"HOVIV","53102"
"HODI","53414"
"HODU","163820"
"HOFI","77430"
"HOTR4","163821"
"HOSH","163822"
"HORA","285004"
"HOSU4","163823"
"HOAE2","163824"
"HOAR4","163825"
"HOFU70","123819"
"HONE3","154137"
"HONU","67892"
"HOPI2","163826"
"HOSE5","123776"
"HOGL3","279548"
"HOAD","163827"
"HOIN5","163828"
"HOME4","163829"
"HOMEL","241072"
"HOMEM","241073"
"HOPE","129446"
"HOPED","129447"
"HOPEM2","129448"
"HOPER2","129444"
"HOAC2","163830"
"HOLU","123710"
"HOAR","77431"
"HOBR2","57173"
"HOBRB2","61834"
"HOBRC2","59092"
"HODE2","58378"
"HOIN2","77432"
"HOJU","60287"
"HOJUI","236440"
"HOJUJ","79941"
"HOPU","129018"
"HOBO2","77433"
"HOCA3","61737"
"HOCAC","237030"
"HOCAD","236447"
"HOCAF2","1629357"
"HOCL","77434"
"HOCO","77435"
"HOCOC","236449"
"HOCON","80948"
"HOCU","57244"
"HOCUC","80949"
"HOCUP","80950"
"HOCUS","80951"
"HODA","77436"
"HODAD","80952"
"HODAL","236455"
"HOFU","77437"
"HOFUC2","236456"
"HOFUF","236457"
"HOFUF2","236458"
"HOFUP2","80955"
"HOFUP3","80956"
"HOFUT","80957"
"HOHE2","77438"
"HOHI","77439"
"HOMA3","71077"
"HOPA2","77441"
"HORY","77442"
"HOSE","77443"
"HOTE2","77444"
"HOTR","77445"
"HOTRF","80958"
"HOTRT","80959"
"HOTR2","77446"
"HOTU","77447"
"HOWI","77448"
"HOYA2","77449"
"HOCO5","77450"
"HOPU8","77451"
"HOPR4","77452"
"HOIR2","193513"
"HOPA10","193529"
"HOTU2","439064"
"HOTUT","1056052"
"HOAL","77453"
"HONE","77454"
"HOIN","143759"
"HOAC","163835"
"HOACA2","236464"
"HOACP2","236465"
"HOCA4","69752"
"HOCA5","163836"
"HOCO2","163837"
"HOCR","163838"
"HOHU","163839"
"HOLO","69753"
"HOMI4","125103"
"HOOU","163840"
"HOPA3","163841"
"HOPR","133305"
"HOPU2","132219"
"HOPUC","241074"
"HOPUM","241075"
"HOPUP3","241076"
"HOPU3","125101"
"HORO","163842"
"HORU","163843"
"HOSE2","163844"
"HOSU","163845"
"HOWR","163846"
"HODA2","181933"
"HOAQ","77461"
"HOOV","58324"
"HUER","163848"
"HUMO","163849"
"HUTO","62310"
"HUTOI","241077"
"HUTOT","241078"
"HUAL","48929"
"HUBR","77462"
"HUCA","77463"
"HUHE","77464"
"HUME","77465"
"HUNA","77466"
"HUVE","77467"
"HUVEC","79942"
"HUVEG","79943"
"HUVEI","79944"
"HUVEP","79945"
"HUVEP2","79946"
"HUVEV","79947"
"HUIN3","895234"
"HULUL","241079"
"HULUN","241081"
"HULUP","241082"
"HUTE2","163851"
"HUBA","NaN"
"HUBU","NaN"
"HUCA6","NaN"
"HUER2","534965"
"HUGI","NaN"
"HUJO","NaN"
"HUKO","NaN"
"HUME3","NaN"
"HUSU3","NaN"
"HUAC","327475"
"HUAP","163852"
"HUAQ","1001485"
"HUDI","49362"
"HUER4","448549"
"HUFI","899194"
"HUFU2","1001528"
"HUHA","144224"
"HULI","282422"
"HULU2","82407"
"HUMA","899070"
"HUMI","179422"
"HUNU","163855"
"HUOC","143696"
"HUPH2","349804"
"HUPH","163856"
"HUPO","163857"
"HUPO2","163858"
"HURE","275548"
"HUSE","119147"
"HUSED","241083"
"HUSES","122050"
"HUSE2","163859"
"HUSI","1001628"
"HUSO3","534967"
"HUSQ","425665"
"HUST","898135"
"HUSU4","492267"
"HUTA","882449"
"HUTE","1001637"
"HUWI","282418"
"HUCR","163862"
"HYAT","163864"
"HYCO6","126751"
"HYLI3","163865"
"HYVE","163866"
"HYLO4","483633"
"HYAR","130554"
"HYCI3","163867"
"HYQU3","83156"
"HYRA6","163868"
"HYCA","118768"
"HYPA16","365383"
"HYAM","163870"
"HYBO","163871"
"HYHI4","903910"
"HYPR10","204638"
"HYPU4","284535"
"HYRA","60951"
"HYUM","58792"
"HYVE2","60121"
"HYVEF","241086"
"HYVEV","200046"
"HYCO7","155490"
"HYOV","128996"
"HYQU","739390"
"HYSP","163875"
"HYUN","163876"
"HYAP","121593"
"HYBR11","163877"
"HYCA3","82341"
"HYCA4","77469"
"HYCAA","80966"
"HYCAC","241087"
"HYCAT","241088"
"HYFE","77470"
"HYFEA","80967"
"HYFEF","241089"
"HYMA","163878"
"HYOC","77471"
"HYTE","77472"
"HYVI","81711"
"HYVIA","549402"
"HYVIV","771621"
"HYCL","193605"
"HYFL5","163879"
"HYNO3","163880"
"HYTE6","163881"
"HYTES","241090"
"HYTET","241091"
"HYLA14","163883"
"HYAL3","163884"
"HYAL4","163885"
"HYBE2","163886"
"HYCL2","163887"
"HYCO13","163888"
"HYDU2","163889"
"HYEU2","163890"
"HYLU5","163891"
"HYMI8","163892"
"HYMO8","163893"
"HYMO9","163894"
"HYNO4","163895"
"HYOC5","163896"
"HYPO70","163897"
"HYSM","163898"
"HYST5","163899"
"HYSU7","163900"
"HYCO9","163902"
"HYLA","163903"
"HYTR2","348417"
"HYPY70","163905"
"HYUM2","163906"
"HYSP70","122555"
"HYTE9","118744"
"HYAM2","774338"
"HYCO","139075"
"HYCA19","426902"
"HYCH","163910"
"HYCO5","508413"
"HYCR","357098"
"HYDU","163911"
"HYEX2","NaN"
"HYFR4","708384"
"HYGH","545251"
"HYGO2","163914"
"HYHE2","163915"
"HYHEG","1261982"
"HYHEH","NaN"
"HYLA5","133335"
"HYLI","126794"
"HYOC2","202345"
"HYOCE","473569"
"HYOCO","1052598"
"HYPA4","163916"
"HYPU10","1262445"
"HYPY2","355622"
"HYRO2","163918"
"HYSP10","345577"
"HYTR4","324942"
"HYMO","163919"
"HYSA","57990"
"HYSAF","241092"
"HYSAP","241093"
"HYSAS","241094"
"HYSA2","163920"
"HYAR3","163921"
"HYARA","241095"
"HYARR2","241096"
"HYBI","163922"
"HYCA18","163923"
"HYFI","77473"
"HYFIC","241097"
"HYFIE","80968"
"HYFIF","241098"
"HYFII","241099"
"HYFIL","80969"
"HYFIL2","241100"
"HYFIM","80970"
"HYFIN","705142"
"HYFIN2","241101"
"HYFIP2","241102"
"HYFIP","148125"
"HYFIP3","241103"
"HYFIT","241104"
"HYFL","163924"
"HYFLC","241105"
"HYFLF","241106"
"HYME","163925"
"HYNE","163926"
"HYRA2","163927"
"HYSC","163928"
"HYSCC","241107"
"HYSCS","241108"
"HYTE2","129117"
"HYAS","282444"
"HYAX","340722"
"HYBR6","325909"
"HYDE6","137476"
"HYFR2","282446"
"HYFU","275584"
"HYHI3","163929"
"HYLA3","275585"
"HYLA2","137477"
"HYLI2","1002867"
"HYMA3","1002875"
"HYMI3","137478"
"HYOB","163930"
"HYPA5","275902"
"HYPO","1122066"
"HYRE","60441"
"HYSE3","1002958"
"HYSI2","275587"
"HYTA3","163931"
"HYTE7","275588"
"HYTU2","163932"
"HYUN2","282449"
"HYWR2","163933"
"HYIN4","163934"
"HYRE71","163935"
"HYLO","77474"
"HYWI","163936"
"HYWR","77475"
"HYAM8","163937"
"HYAMA","241109"
"HYAMF","241110"
"HYAMN","241111"
"HYBI2","163939"
"HYBR7","163940"
"HYCO2","77476"
"HYCOC","241112"
"HYCOC2","181769"
"HYHE","163941"
"HYHO","49037"
"HYJA","163942"
"HYLA7","163943"
"HYLE","77477"
"HYOD","77478"
"HYPE2","484377"
"HYQU2","163944"
"HYRI","148074"
"HYRIF","241113"
"HYRIR","1303990"
"HYRU","163945"
"HYSU","163946"
"HYTE5","163947"
"HYVA","163948"
"HYIN5","163949"
"HYTR","157624"
"HYDO2","348418"
"HYLA8","348420"
"HYMO2","NaN"
"HYAD","163954"
"HYAN2","61032"
"HYAS80","163955"
"HYBO2","163956"
"HYBR3","635321"
"HYBU","163958"
"HYCA7","155005"
"HYCH2","635323"
"HYCI","132051"
"HYCO3","54054"
"HYCR3","152134"
"HYCU","163960"
"HYDE","635327"
"HYDE2","163961"
"HYDI","859384"
"HYDI2","163962"
"HYDO","163963"
"HYDR","145368"
"HYED","163964"
"HYEL","155004"
"HYER4","852347"
"HYEX","163966"
"HYFA","635336"
"HYFR","635334"
"HYGA","635328"
"HYGE","145367"
"HYGR3","163970"
"HYGY","163971"
"HYHA","163972"
"HYHY","120009"
"HYHYH","202335"
"HYHYM","236489"
"HYKA","635324"
"HYLI4","635322"
"HYLL","635330"
"HYLO2","635335"
"HYMA2","154323"
"HYMI4","163979"
"HYMI","52760"
"HYMU","62588"
"HYMY","163980"
"HYNI3","635326"
"HYNU","163982"
"HYPA2","163984"
"HYPR","635325"
"HYPS","163985"
"HYPU","132711"
"HYRA4","734920"
"HYSC5","77484"
"HYSCN","236491"
"HYSCS2","63966"
"HYSE","163986"
"HYSP2","163987"
"HYSU2","163988"
"HYTE11","635332"
"HYTE4","128076"
"HYVI6","163989"
"HYBA70","163990"
"HYCA70","163991"
"HYCI70","125464"
"HYCU4","163992"
"HYCUC","241115"
"HYCUF","241116"
"HYCUJ","241117"
"HYCUL","241118"
"HYCUR","241119"
"HYCUS","241120"
"HYCU2","163993"
"HYDI3","163994"
"HYFE3","163995"
"HYGE3","163996"
"HYHA70","163997"
"HYIM3","154640"
"HYJU2","163999"
"HYLI70","164000"
"HYMA5","164001"
"HYPA11","164002"
"HYPAP","241122"
"HYPAP2","241123"
"HYPL70","164003"
"HYPR70","164004"
"HYPR7","164005"
"HYRE5","164006"
"HYRE70","164007"
"HYSU70","130684"
"HYVA70","164008"
"HYBR2","635465"
"HYVI3","NaN"
"HYHA71","448423"
"HYNI2","282482"
"HYRE2","164013"
"HYTE3","348425"
"HYUR","348426"
"HYFL2","1144547"
"HYNE4","425671"
"HYNEV","NaN"
"HYFA4","164014"
"HYTA2","164015"
"HYRI4","222094"
"HYCU5","164016"
"HYDE3","283656"
"HYHI2","81797"
"HYJU","126632"
"HYME2","164017"
"HYRI2","164018"
"HYSE2","164019"
"HYWR3","164020"
"HYAL","132078"
"HYAM3","286946"
"HYAT2","286947"
"HYCA12","164021"
"HYEM","50172"
"HYES","NaN"
"HYLA6","277904"
"HYPE3","164022"
"HYSP4","164023"
"HYSU3","164024"
"HYVE4","164025"
"IBLI","164029"
"IBTE2","164030"
"ICNE","288181"
"ICPA","273957"
"ICPAM","NaN"
"ICPAP","315479"
"ICTE","288310"
"IDSC","77486"
"ILAT","439089"
"ILAM","164033"
"ILAM2","164034"
"ILAN","123617"
"ILCA","164035"
"ILCAC","241127"
"ILCAL","241128"
"ILCO2","164036"
"ILCO3","193681"
"ILCO","164037"
"ILCU3","164039"
"ILDE","120006"
"ILGL","129347"
"ILGU","284548"
"ILHY","1113718"
"ILKR","164040"
"ILLA","164041"
"ILLO","164042"
"ILMA","273917"
"ILMO","164043"
"ILMU","153208"
"ILMY","164044"
"ILNI","286744"
"ILOB","777204"
"ILOBO","NaN"
"ILOBV","NaN"
"ILOP","60749"
"ILOPA","241129"
"ILOPO","241130"
"ILSI","417375"
"ILSIO","439094"
"ILSIS","1057192"
"ILUR","486656"
"ILURU","NaN"
"ILVE","61119"
"ILVO","119955"
"ILBA","77487"
"ILCR","164047"
"ILGR","164048"
"ILLA2","77488"
"ILLO2","164049"
"ILRI","77489"
"ILRID","241131"
"ILRIR","241132"
"ILFL","164050"
"ILPA","164051"
"IMAU","164052"
"IMCA","47888"
"IMEC2","453101"
"IMNO","85492"
"IMPA","47891"
"IMBR2","77491"
"IMCO","288028"
"INCA","900530"
"INGU","NaN"
"INLI","164059"
"INMI","902219"
"INOX","164060"
"INSP","164062"
"INSU","900527"
"INTH","164066"
"ININ","820690"
"INLA","202489"
"INVE","209925"
"INBI","343875"
"IOPI","164069"
"IOAL","77492"
"IOCA2","164070"
"IOEL","164071"
"IOLI2","164072"
"IOST","164073"
"IOSA","207009"
"IOUT","140822"
"IPLE4","284874"
"IPMU2","NaN"
"IPAL","164075"
"IPBA","164078"
"IPCA4","348427"
"IPCA2","164079"
"IPCA3","164080"
"IPCO8","135263"
"IPCOC2","200044"
"IPCOT","241133"
"IPCO2","164082"
"IPCR","164083"
"IPDU","164084"
"IPEG","1517270"
"IPEG3","348428"
"IPHE2","126300"
"IPHO","348429"
"IPIM","130193"
"IPKR","NaN"
"IPLA","135262"
"IPLE","164085"
"IPLI","164086"
"IPLO","164088"
"IPMA","164089"
"IPMA5","369601"
"IPME","284882"
"IPMI","164090"
"IPNI","164091"
"IPPA","119737"
"IPPE","356465"
"IPPEB","236504"
"IPPL","164094"
"IPPU3","164095"
"IPRE","348430"
"IPRU","164096"
"IPSA","131555"
"IPSE2","506950"
"IPSH","164098"
"IPST2","348431"
"IPTE","164099"
"IPTEL","241137"
"IPTET","241138"
"IPTE2","164100"
"IPTE5","210427"
"IPTEL3","315070"
"IPTH","164101"
"IPTI2","164102"
"IPTR3","59561"
"IPTR2","62942"
"IPTU2","164104"
"IPVI","131556"
"IPAG","52136"
"IPAGA3","52142"
"IPAGA2","52144"
"IPAGB","52141"
"IPAGC","52140"
"IPAGC2","52139"
"IPAGF","52143"
"IPAGW","52138"
"IPAR2","77497"
"IPCO5","902576"
"IPCOC3","79950"
"IPCOC","236513"
"IPCOF","236514"
"IPCOM","79951"
"IPCON","236516"
"IPCOP","236517"
"IPCOP2","236518"
"IPCOV","236519"
"IPEF","77499"
"IPGL","164108"
"IPGU","148974"
"IPHA","164109"
"IPLA2","164110"
"IPLO2","146799"
"IPLOA","236520"
"IPLOL","236521"
"IPLON","495803"
"IPMA2","164111"
"IPMA4","501365"
"IPMI2","878057"
"IPMU3","164113"
"IPPI","164114"
"IPPO","164115"
"IPPO2","77500"
"IPPU4","148977"
"IPRA","844027"
"IPRO","148978"
"IPRU2","62659"
"IPSA2","164116"
"IPSP","123644"
"IPSPC","236522"
"IPSPO2","236523"
"IPSPC2","NaN"
"IPSPO3","NaN"
"IPSPR3","NaN"
"IPSPS","236525"
"IPSPT","236526"
"IPTE3","77501"
"IPTE4","52190"
"IPTEL2","52192"
"IPTET2","52191"
"IPTH2","164117"
"IPWR2","164118"
"IRAN","286714"
"IRAR","NaN"
"IRDI","130870"
"IRFL","287732"
"IRHE","164120"
"IRLE","164121"
"IRPA","164122"
"IRRH","164123"
"IRNE","1249560"
"IRRO","NaN"
"IRSA","NaN"
"IRBR","77502"
"IRBR2","164124"
"IRCH","77503"
"IRCR","82812"
"IRDO","50854"
"IRFE","77504"
"IRFU","127558"
"IRGI","164127"
"IRHA","62264"
"IRHAA","79952"
"IRHAC","79953"
"IRHAH","79954"
"IRHAP","79955"
"IRHE2","128629"
"IRHEF","241140"
"IRHEH","241141"
"IRHES","241142"
"IRIN","77505"
"IRLA","164128"
"IRMA","54057"
"IRMI","57730"
"IRMU","77506"
"IRPR","164132"
"IRPU","54060"
"IRSE","164134"
"IRSEC","241143"
"IRSEI2","241144"
"IRSES","241145"
"IRTE","57727"
"IRTEK2","57731"
"IRTET","57729"
"IRTE2","164135"
"IRTE3","77507"
"IRTEP","79956"
"IRTET2","79957"
"IRTH","NaN"
"IRTR","164136"
"IRVE","890972"
"IRVES","241146"
"IRVEV","717780"
"IRVE2","48726"
"IRVI","117444"
"IRVIS","127557"
"IRVIV","1373849"
"ISAN","1228526"
"ISCO2","897372"
"ISDI","164140"
"ISGL","774342"
"ISGLG","NaN"
"ISPA","164141"
"ISBY","164142"
"ISMU","344313"
"ISMUA","344315"
"ISMUM","344316"
"ISPO3","897380"
"ISLI2","283663"
"ISAC2","57991"
"ISACA2","80972"
"ISACB","57994"
"ISACE2","80973"
"ISAR2","77510"
"ISAZ","164146"
"ISCO","164147"
"ISDR","148426"
"ISHU","164148"
"ISME5","77511"
"ISMED","80974"
"ISMED2","80975"
"ISMEM","80976"
"ISMES","735195"
"ISMEV","80978"
"ISPL","164149"
"ISRU2","164150"
"ISTE2","164151"
"ISHO2","164152"
"ISLA3","164153"
"ISLO2","164154"
"ISPY","164155"
"ISAL4","NaN"
"ISBR5","NaN"
"ISBR8","NaN"
"ISCA8","NaN"
"ISDO","NaN"
"ISEA","170809"
"ISEC3","NaN"
"ISFA","NaN"
"ISFO","170812"
"ISHA4","170813"
"ISHE2","NaN"
"ISHE","170814"
"ISHI2","NaN"
"ISJE2","NaN"
"ISNO","NaN"
"ISPS","NaN"
"ISTR2","NaN"
"ISAC","164156"
"ISAP","164157"
"ISBO","77512"
"ISBO2","164158"
"ISBU","164159"
"ISEN","164160"
"ISFL","164161"
"ISFLA","241151"
"ISFLC","241152"
"ISFLF","241153"
"ISGE","164162"
"ISHA5","164163"
"ISHO","63823"
"ISHY","164164"
"ISJU2","164165"
"ISLA","127024"
"ISLI","164166"
"ISLO","164167"
"ISMA","164168"
"ISMA3","137473"
"ISMA7","872832"
"ISME","143760"
"ISME3","164169"
"ISMI3","164170"
"ISMI4","452263"
"ISNU","63827"
"ISOC","77514"
"ISOR","60110"
"ISPI","164171"
"ISPR","137475"
"ISRI","164172"
"ISRIA","241154"
"ISRIR","241155"
"ISSA","164173"
"ISTE","164174"
"ISTE5","144238"
"ISTE6","164175"
"ISTE7","505590"
"ISTU","164176"
"ISVA2","164177"
"ISVI","164178"
"ISCA6","77515"
"ISCE","60257"
"ISMO2","NaN"
"ISAL","164181"
"ISMU3","164182"
"ISPU70","164183"
"ISTE3","164184"
"ISAL2","164185"
"ISCR","68058"
"ISMY2","125809"
"ISOB","164186"
"ISME2","62257"
"ISVE","62184"
"ITVI","83152"
"IVAN","164189"
"IVAN2","164190"
"IVANA","1612621"
"IVANC","241157"
"IVANM","1612619"
"IVAS","164191"
"IVAX","58837"
"IVFR","131165"
"IVFRF","236542"
"IVFRO2","236543"
"IVHA","77518"
"IVIM","130217"
"IVMI","164194"
"IVTE","164196"
"IVAP","77519"
"IVAPA","80979"
"IVAPC","80980"
"IVAR","77520"
"IVAR2","77521"
"IVARA","80982"
"IVARS","181677"
"IVBA","77522"
"IVBAB","80983"
"IVBAB2","80984"
"IVBAS","241158"
"IVCA","77523"
"IVCA2","77524"
"IVCR","164197"
"IVGO","77525"
"IVJA","77526"
"IVKI","77527"
"IVLO","77528"
"IVLY","77529"
"IVLYL","80988"
"IVLYM","80989"
"IVLYS","80990"
"IVMU","77530"
"IVMU2","164198"
"IVPA","77531"
"IVPA2","77532"
"IVPI","77533"
"IVPI2","164199"
"IVPY","77534"
"IVRH","164201"
"IVRHR","241160"
"IVRHS","241161"
"IVSA","164202"
"IVSA2","60844"
"IVSA3","77535"
"IVSE","77536"
"IVSH","77537"
"IVSHO","241162"
"IVSHS","80991"
"IVTW","144081"
"IVUN","77538"
"IVUT","164203"
"IVWE","77539"
"IWLE","164204"
"IXCA2","327746"
"IXCAC","739330"
"IXCAL","1060388"
"IXCAM","NaN"
"IXFE","1065137"
"JACA7","348432"
"JACU3","348433"
"JACU4","164210"
"JAHA","164211"
"JAOV2","164212"
"JAOVO","1373530"
"JAOVS","236549"
"JAPE","164213"
"JAPR","164214"
"JARE","123473"
"JASO","866276"
"JATA","164215"
"JAVE","284911"
"JAAR2","164216"
"JABE","921669"
"JAKE","164217"
"JAPA3","NaN"
"JAUM","NaN"
"JAGL","283667"
"JATE","283668"
"JASC","164218"
"JARA","164219"
"JAWR","164220"
"JAAN","716465"
"JAPR2","153918"
"JAAM","77542"
"JAAMA","241163"
"JAAMM","241165"
"JAAMR","80992"
"JAAMZ","241166"
"JATE2","164221"
"JAAL","164222"
"JAAU","164223"
"JAAUA","241167"
"JAAUH","241168"
"JAAUM","241169"
"JAAUN","241170"
"JAUN2","164224"
"JAGR","867378"
"JACA2","164234"
"JACA3","164235"
"JACI","164236"
"JACU","164237"
"JADI","164239"
"JADID","241171"
"JADIG","241172"
"JAGO","119099"
"JAGOG","241173"
"JAHE","888739"
"JAHEH","1059355"
"JAHEP","888741"
"JAMA","164241"
"JAMAS","241176"
"JACA4","60969"
"JEBR","164243"
"JEDI","147037"
"JERA","77543"
"JEYO","77544"
"JEHE","77545"
"JEMA","77546"
"JEPA","77547"
"JOCR","164244"
"JOPU","77548"
"JOAS","164245"
"JUPE7","NaN"
"JUCA","54503"
"JUCI","54792"
"JUHI","54502"
"JUJA","439252"
"JUMA","143782"
"JUMI","164249"
"JUMIM","1607166"
"JUMIS","241178"
"JUNI","326020"
"JUAL3","NaN"
"JUFU","NaN"
"JUGR3","NaN"
"JULE6","NaN"
"JUNO3","NaN"
"JUOR2","NaN"
"JUST2","NaN"
"JUAB","164250"
"JUAC","77549"
"JUAC2","77550"
"JUACL","60259"
"JUAL2","164251"
"JUAL4","984369"
"JUALN","236554"
"JUAM3","57101"
"JUAN3","77551"
"JUAR2","148937"
"JUARA","236555"
"JUARL","363543"
"JUAR4","77552"
"JUBI","164253"
"JUBI2","164254"
"JUBO","77553"
"JUBR","164255"
"JUBR2","118765"
"JUBR3","77554"
"JUBR4","153420"
"JUBR10","77555"
"JUBR5","77556"
"JUBU","57107"
"JUBUB","57105"
"JUBUC2","57102"
"JUBUO","59074"
"JUCA2","164256"
"JUCA3","84146"
"JUCA4","77557"
"JUCA6","164257"
"JUCAC2","236557"
"JUCAC6","NaN"
"JUCAL","236558"
"JUCH","77558"
"JUCO2","77559"
"JUCO3","77560"
"JUCO4","164259"
"JUCO5","77561"
"JUCOC","241185"
"JUCOO","241186"
"JUDE","116356"
"JUDI","164260"
"JUDI2","77563"
"JUDI3","77564"
"JUDR","77565"
"JUDRD","241187"
"JUDRS","241188"
"JUDU","77566"
"JUDU2","77567"
"JUDU3","77568"
"JUEF","1536756"
"JUEFB","84133"
"JUEFC2","241189"
"JUEFD","241190"
"JUEFE2","79961"
"JUEFE","241191"
"JUEFG","241192"
"JUEFP","57108"
"JUEFP2","241193"
"JUEFS","79962"
"JUEL","164261"
"JUELE","241194"
"JUELP","241195"
"JUEN","77569"
"JUFA","77571"
"JUFAF2","79963"
"JUFAS2","79964"
"JUFA4","551622"
"JUFI","164262"
"JUFI2","164263"
"JUGE2","164264"
"JUGE","77572"
"JUGEG","79965"
"JUGEP","241196"
"JUGL","164265"
"JUGR","132599"
"JUGY","164266"
"JUHA2","164267"
"JUHA","164268"
"JUHE","77573"
"JUHEA","80993"
"JUHEH","80994"
"JUHO","77575"
"JUIN2","77576"
"JUINA","241197"
"JUINI","241198"
"JUINN","241199"
"JUKE","64186"
"JULE2","77578"
"JULEA","80995"
"JULEL","80996"
"JULE","164270"
"JULO2","164271"
"JULO","71074"
"JULOL","241200"
"JULOS","241201"
"JULU2","77580"
"JUMA2","77581"
"JUMA3","77582"
"JUMA4","77583"
"JUME","164273"
"JUME3","77584"
"JUME4","58348"
"JUMI2","164274"
"JUNE","77585"
"JUNEB","241202"
"JUNEC","241203"
"JUNEI","80997"
"JUNEN","80998"
"JUNO","129092"
"JUNO2","77586"
"JUNOM","241204"
"JUNON","241205"
"JUOC2","61826"
"JUOR","77587"
"JUOX","77588"
"JUPA3","846765"
"JUPA","77589"
"JUPA2","52798"
"JUPE","164275"
"JUPH","59212"
"JUPHP","59075"
"JUPHP2","61036"
"JUPO5","1021152"
"JURE","77591"
"JURE2","164278"
"JURO","164279"
"JURU","77592"
"JUSA","77593"
"JUSC","164280"
"JUSE","143716"
"JUSQ","52633"
"JUST","164281"
"JUSTA","236561"
"JUSU","164282"
"JUSUS2","241207"
"JUSU2","164284"
"JUSU3","77594"
"JUTE","69930"
"JUTE3","164285"
"JUTE2","58349"
"JUTI","77595"
"JUTO","77596"
"JUTR","164286"
"JUTR2","164287"
"JUTR3","77597"
"JUTR4","164288"
"JUTR5","164289"
"JUTR6","878149"
"JUTW","1541523"
"JUUN","60262"
"JUVA2","164291"
"JUVAV","241209"
"JUVA","164292"
"JUXI","57110"
"JUAT2","164293"
"JUBO5","164294"
"JUCA16","164295"
"JUCO14","164296"
"JUCR3","164297"
"JUEV","164298"
"JUEX3","164299"
"JUEXC","236562"
"JUEXP","NaN"
"JUFO3","164300"
"JUGR6","164301"
"JUHY4","164302"
"JUKA2","164303"
"JUKAH","236563"
"JUKAK","236564"
"JULE7","164304"
"JUOB3","164305"
"JUPO3","164306"
"JUPU2","164307"
"JUPY3","164308"
"JUPYP","236565"
"JUPYI","NaN"
"JUPYP2","236566"
"JURU3","164309"
"JUSC4","453082"
"JUSP6","164310"
"JUSU12","164311"
"JUSU13","164312"
"JUFA2","NaN"
"JUAR3","445030"
"JUAS","135927"
"JUCA7","57889"
"JUCO11","135928"
"JUCO6","58725"
"JUCOC4","241212"
"JUCOD","80999"
"JUCOM","241213"
"JUCOM2","241214"
"JUDE2","121924"
"JUFL","135929"
"JUGR7","77599"
"JUHO2","47573"
"JUMA10","164313"
"JUMO","120145"
"JUMOM","NaN"
"JUOC","68088"
"JUOS","77600"
"JUPI","164314"
"JUSC2","135883"
"JUVI","49399"
"JUVIS","241217"
"JUVIV","81826"
"JUAM","51234"
"JUAN","164315"
"JUBO3","NaN"
"JUCA8","50150"
"JUCA9","164317"
"JUCA10","332728"
"JUCO7","290939"
"JUCO8","164318"
"JUCR","164319"
"JUCU","NaN"
"JULA3","1110550"
"JULO3","291006"
"JUMA6","742726"
"JUMI3","1233629"
"JUOV","128088"
"JUOVO","241218"
"JUPA7","866548"
"JUPE3","164320"
"JUPI5","281124"
"JUSO","164322"
"JUSP5","1116046"
"JUTU3","711108"
"JUWA","164324"
"JUWR","164325"
"KAOB","1256253"
"KACA","77601"
"KAGR","77602"
"KAHI","164334"
"KAMA","142717"
"KAPA","77603"
"KAPE","164335"
"KAPU","164336"
"KAAN","53041"
"KACA2","164337"
"KACU","164338"
"KAHI2","164339"
"KALA","49397"
"KAMI","67810"
"KAPO","865984"
"KAFR","164340"
"KALE","164341"
"KAKA","164343"
"KAHU","164344"
"KAPA4","1272169"
"KEAN","62062"
"KEANA","318171"
"KEANM","318172"
"KEBR","56743"
"KEBRB","59015"
"KEBRG","81003"
"KECO","62063"
"KECO2","62043"
"KELE","62064"
"KERO","62065"
"KEROJ","81004"
"KEROR","68591"
"KETE","62066"
"KETES","81006"
"KETET","81007"
"KEGA","77605"
"KEUN","157589"
"KEER","164345"
"KEHE","164346"
"KEMA","752493"
"KIBL","164347"
"KIFA","164348"
"KIGL","164349"
"KIST","164350"
"KLHO","346180"
"KODO","430188"
"KODR2","1231068"
"KOPO","348438"
"KOSO","790564"
"KOVI2","319326"
"KOMY","77606"
"KOSI","164352"
"KOSI2","164353"
"KOSP","47845"
"KOSPS","241220"
"KOSPT","47844"
"KOAS","164355"
"KOASA","236578"
"KOMA","901792"
"KOGR","905986"
"KOIS","157594"
"KOCO2","164357"
"KODR","164358"
"KOKA","164359"
"KOLA2","164360"
"KOFL2","344616"
"KOCO","125194"
"KOCY","164361"
"KODE","164362"
"KOLA","164363"
"KOPL","164364"
"KORE","164365"
"KODE2","164366"
"KOVI","146618"
"KRER","58455"
"KRGR","164367"
"KRIX","277899"
"KRLA","126890"
"KRRA","164368"
"KRLA2","52113"
"KRBI","119800"
"KRBIB","241221"
"KRBIV","241222"
"KRCA","488736"
"KRDA","53862"
"KRMO","164370"
"KROC","164371"
"KRVI","490542"
"KRWR","164372"
"KRFE","157408"
"KUCO","164373"
"KUHY","164374"
"KUMA","164375"
"KUPA","164376"
"KUSE","164377"
"KUSY","164378"
"KYBO","77614"
"KYBR","77615"
"KYGR","164380"
"KYOD","164382"
"KYPU","164383"
"KYTI","779117"
"KYVA","1097404"
"LACY","164385"
"LADE6","164386"
"LAFA2","164387"
"LAHE2","164388"
"LAHE3","164389"
"LAHI5","164390"
"LAHO3","164391"
"LAKA","164392"
"LALY2","164393"
"LAPU4","164394"
"LASE4","164395"
"LATI2","164396"
"LATIL","241223"
"LATIT2","241224"
"LATIW2","241225"
"LATR4","164397"
"LAVE3","164398"
"LAWA","164399"
"LAWA3","164400"
"LACA5","164401"
"LAAN","164402"
"LABE","164403"
"LADI5","164404"
"LAEN","164405"
"LAMI3","164406"
"LAMO4","1606640"
"LABI","77616"
"LACA","53110"
"LAFL","130990"
"LAFLF","241226"
"LAFLV","241227"
"LAGR","126588"
"LAGRA","241228"
"LAGRG","241229"
"LAHI","128927"
"LAHIA","241230"
"LAHIH3","241231"
"LAHIS2","241232"
"LALU","53111"
"LATA","868388"
"LATAP","79967"
"LACO13","57937"
"LAER","164408"
"LAFI","164409"
"LASC3","164410"
"LASO2","164411"
"LATU2","164412"
"LAPR2","548445"
"LADE7","164413"
"LAGU","924216"
"LADI6","505511"
"LADI","77619"
"LAGL","77620"
"LAMI","77621"
"LARA","56965"
"LARAC","NaN"
"LARAR","56967"
"LAGL2","164417"
"LAMI6","164418"
"LARA2","62854"
"LAPU12","77623"
"LASE3","71232"
"LASEP","79968"
"LASES","79969"
"LAAC","164421"
"LACA2","50333"
"LACA8","164422"
"LADE","164423"
"LADED","241235"
"LADEF","241236"
"LADES2","241237"
"LAEX","1262165"
"LAIN15","1560954"
"LAIN2","133331"
"LAINI","241238"
"LAINO","241239"
"LARE2","1341320"
"LAST2","NaN"
"LATR5","164424"
"LAUR","286560"
"LAURM","NaN"
"LAURU2","NaN"
"LAUR2","877372"
"LAVE4","164426"
"LAPO","NaN"
"LAAE","164427"
"LACA3","119802"
"LAIN4","426980"
"LARU4","574919"
"LACE","164428"
"LAOC3","148438"
"LAOCC","148166"
"LAOCO","148167"
"LAKA2","143786"
"LALA","58721"
"LALY","69848"
"LAOC","69849"
"LATR2","68205"
"LATRA","241240"
"LATRT","241241"
"LADI3","140119"
"LAGR4","332738"
"LALI","348439"
"LASL","288283"
"LASO","279651"
"LASOP","NaN"
"LASOS","NaN"
"LAPO4","164432"
"LALA5","348440"
"LACO4","58287"
"LABU","77628"
"LACA7","50987"
"LACAB","68545"
"LACAC2","79970"
"LACAM3","68544"
"LACH2","60136"
"LACO6","77629"
"LACO7","77630"
"LADE8","57995"
"LAFE","57996"
"LAFR4","57997"
"LAGL3","60137"
"LAGL4","57998"
"LAGLC","57999"
"LAGLG2","64193"
"LAGR10","56761"
"LALE4","77631"
"LAMA8","64253"
"LAMI4","58001"
"LAMI5","58002"
"LAOR3","1463080"
"LAPL2","60138"
"LAEF","273734"
"LATE6","77632"
"LABI3","77634"
"LABI2","164433"
"LABR","164434"
"LABRB","236598"
"LABRZ2","236599"
"LADE3","77636"
"LAEU","164435"
"LAGL8","70093"
"LAGR3","164436"
"LAGR9","164437"
"LAHI4","77637"
"LAHO2","164438"
"LAJA","77638"
"LAJAJ","555450"
"LAJAM","118549"
"LAJAP","241242"
"LAJAP2","241243"
"LAJAP3","241244"
"LAJE","60192"
"LAJEC","81010"
"LAJEJ","81011"
"LALA6","84727"
"LALA3","77639"
"LALAA","81012"
"LALAB2","241246"
"LALAL2","81013"
"LALAL3","241247"
"LALAT","81014"
"LALI2","61005"
"LANE3","77640"
"LANEC","236602"
"LANEL","236603"
"LANEN2","NaN"
"LANEP4","NaN"
"LANEP5","NaN"
"LANEP6","NaN"
"LANEN","81015"
"LAOC2","164440"
"LAPA4","871855"
"LAPA5","164441"
"LAPAP2","241253"
"LAPAU","241254"
"LAPO2","164442"
"LAPOI","236606"
"LAPOP","941894"
"LAPOH","NaN"
"LAPOP2","NaN"
"LAPO3","77643"
"LAPU3","59263"
"LARI","77644"
"LASP3","77645"
"LASU","77646"
"LASUA","1464699"
"LASUS","181575"
"LATO","77647"
"LAVE","164444"
"LAVE2","50320"
"LAVEA","81016"
"LAVEB","57044"
"LAVEL","236610"
"LAVEL2","236611"
"LAVEV","53109"
"LAIN7","164445"
"LAAS","164446"
"LAASA","181499"
"LAASG","181500"
"LACA4","60971"
"LACH","60139"
"LADI4","77650"
"LAFR2","60140"
"LAGA","64246"
"LAGL5","58003"
"LAHE","58004"
"LAHI3","58838"
"LAJO","77651"
"LALE3","77652"
"LAMU2","58005"
"LAPE","58006"
"LAPEA","58007"
"LAPEP","58839"
"LAPL","50876"
"LASE2","77653"
"LEKR","NaN"
"LEKR2","493752"
"LEAL2","164448"
"LEALA","241256"
"LEALB","241257"
"LEAU","164449"
"LEAUA2","241258"
"LEAUT","241259"
"LECR","164450"
"LECRC","241260"
"LECRE","241261"
"LEEX","164451"
"LEEXE","241262"
"LEEXL","241263"
"LEEXL2","241264"
"LEST7","164452"
"LETO","164453"
"LEUN","164454"
"LECA67","222837"
"LECE","164455"
"LEDE4","164456"
"LEDI","164457"
"LEIN","164458"
"LEIND","241270"
"LEINI2","241271"
"LEINJ","241272"
"LEINL","241273"
"LELA11","164459"
"LEMA","164460"
"LEMAM","241274"
"LEMAV","241276"
"LEME2","164461"
"LEMI","164462"
"LEMU3","164463"
"LEPU4","164464"
"LEPUM","241277"
"LEPUP2","241278"
"LERA","164465"
"LESA","556695"
"LESE7","131553"
"LEST","164467"
"LETE","164468"
"LETO2","164469"
"LECO8","NaN"
"LEGL","164470"
"LEGR","126555"
"LEPA11","57639"
"LEPAD","57645"
"LEGU2","346376"
"LEHE","164471"
"LELE2","164472"
"LEMO","164473"
"LEOR","64177"
"LEVI2","130043"
"LELI","60170"
"LELY6","157699"
"LEBU","164475"
"LEFL","157706"
"LEPI16","819856"
"LEPIO","916237"
"LEPIP","820234"
"LEAL40","164476"
"LEAU15","164477"
"LEBE4","164478"
"LEBL","164479"
"LECA62","164480"
"LECA65","164481"
"LECAC6","241280"
"LECA63","164482"
"LECA64","164483"
"LECL5","NaN"
"LECL6","164484"
"LEDI30","164485"
"LEFL24","164486"
"LEFLF3","236631"
"LEFL23","164487"
"LEGL24","164488"
"LEGLA2","241282"
"LEGLG2","241283"
"LEGLO2","241284"
"LELA40","164489"
"LELA41","164490"
"LELAG2","NaN"
"LEMI27","164491"
"LEMIH","575115"
"LEMIM3","241286"
"LERU17","164493"
"LERUA","1171544"
"LERUR","NaN"
"LESH9","1152846"
"LEUL4","164495"
"LEULB","236633"
"LEULU","236634"
"LEHA10","338868"
"LEMY6","338872"
"LESA16","338882"
"LESU37","637413"
"LEAE2","818696"
"LEGI","63913"
"LEMI3","54518"
"LEMI6","59076"
"LEOB2","129482"
"LEPE","164497"
"LETR","77655"
"LETU2","77656"
"LEVA","59077"
"LETE4","164498"
"LEPU5","1116048"
"LECA55","549077"
"LEDO3","1226551"
"LEEL2","490980"
"LERU5","1226554"
"LERU2","777220"
"LESA3","1362050"
"LESE2","1226556"
"LEVE","1391066"
"LEVER","NaN"
"LEVEV","NaN"
"LEWO","1065470"
"LEME","164503"
"LECA3","57114"
"LECA4","77657"
"LEFR","77658"
"LEGA","77659"
"LEHA","164504"
"LERO8","77660"
"LEPE4","164505"
"LEAL4","164508"
"LEALA3","241287"
"LEALA4","241288"
"LEALE","241289"
"LEALJ","241290"
"LEAR5","164509"
"LEAU3","164511"
"LEBA","164512"
"LEBI","164513"
"LEBIO","241291"
"LECR12","164515"
"LEDA2","164516"
"LEDI2","58080"
"LEDIA","58081"
"LEDID","241297"
"LEFL2","77667"
"LEFLF","181502"
"LEFLF2","1466857"
"LEFR2","77668"
"LEFRF","1052437"
"LEFRS","241300"
"LEHU8","164519"
"LEIN5","164521"
"LEINH","241301"
"LEINI","241302"
"LEJA","58082"
"LEJAA","181503"
"LEJAJ2","181504"
"LELA","58083"
"LELAL","58084"
"LELAW","241303"
"LELA3","60154"
"LELAH2","181505"
"LELAL3","68820"
"LEMO2","77670"
"LEMOA","241304"
"LEMOC","241305"
"LEMOC4","241306"
"LEMOC5","241307"
"LEMOC6","241308"
"LEMOG","241309"
"LEMOJ","148176"
"LEMOM","241310"
"LEMON","241311"
"LEMON2","1470266"
"LEMOT","241313"
"LEMOW","241314"
"LENA2","164522"
"LENI","47202"
"LENIH","241315"
"LENIN","56991"
"LENIO","56995"
"LEOB","77671"
"LEOBI","241316"
"LEOBO","241317"
"LEOR2","448420"
"LEOS","164523"
"LEOX","60155"
"LEPA17","164524"
"LEPA42","164525"
"LEPI2","NaN"
"LERA2","77674"
"LERAB2","241318"
"LERAD2","241319"
"LERAR3","241320"
"LERE10","1580876"
"LESE4","164529"
"LESO","164530"
"LEST2","58865"
"LETH2","77675"
"LEVI3","77676"
"LEVIM","241321"
"LEVIM2","79971"
"LEVIP","241322"
"LEVIR","181506"
"LEVIV2","318194"
"LEPO13","164531"
"LEBU2","164532"
"LELA4","77677"
"LESQ","58010"
"LEFI13","164533"
"LERE17","123769"
"LESA23","164534"
"LETR4","890796"
"LEMU14","509368"
"LETH6","164535"
"LEPY","128870"
"LEPY70","164536"
"LEGR6","339553"
"LEQU","439600"
"LEDU","77678"
"LEFU21","897383"
"LEFUF","1032400"
"LEFUU","79974"
"LENE2","164539"
"LEPA6","77680"
"LEPAB","79975"
"LEPAM","315410"
"LEPA3","164540"
"LESC","164541"
"LEVI4","164542"
"LEVI5","77681"
"LEVI10","NaN"
"LELA7","1318651"
"LECA7","59455"
"LECAC2","236653"
"LECAL","236655"
"LECAT","704697"
"LEHU7","164545"
"LERI6","164546"
"LESM2","164547"
"LEEX4","164548"
"LEFL18","164549"
"LESH4","164550"
"LEEL14","164551"
"LEAU10","275043"
"LECU11","164553"
"LEAC11","58972"
"LEAM13","58970"
"LEAN19","58969"
"LEAU16","58973"
"LEAUA3","79976"
"LEAUD","79977"
"LEBI8","64245"
"LEBO9","77682"
"LEBR20","77683"
"LECI18","77684"
"LECIC2","181771"
"LECIN","181772"
"LEFI14","77686"
"LEFL27","NaN"
"LEFLF5","NaN"
"LEFLG2","NaN"
"LEFLH2","NaN"
"LEGR23","77688"
"LEHA11","1491326"
"LEJE","77690"
"LELA43","77691"
"LELE29","77692"
"LELI14","64244"
"LEMI29","77693"
"LEMO19","77694"
"LENU7","77695"
"LENU8","77696"
"LENUH","79981"
"LENUN","79982"
"LENUP","79983"
"LEOB14","77697"
"LEPA50","77698"
"LEPA51","58965"
"LEPY4","77699"
"LEPYC","79984"
"LEPYP","79985"
"LERA15","77700"
"LERO7","77701"
"LESE17","77702"
"LESE18","77703"
"LERE","164556"
"LESP","164557"
"LEAR26","164558"
"LESA14","164559"
"LEAN15","164560"
"LEAU11","164561"
"LEGR21","164562"
"LEOB9","164563"
"LEPO14","164564"
"LENE15","157678"
"LEAC","NaN"
"LEBR2","NaN"
"LELO","NaN"
"LEMA6","NaN"
"LENE8","NaN"
"LENU","NaN"
"LEOB3","NaN"
"LESI2","NaN"
"LEAN","164565"
"LECA8","125186"
"LEFR5","164569"
"LEHI2","138983"
"LEHIC","236667"
"LEHIH2","236668"
"LELE5","164570"
"LEPR","129555"
"LERE2","130742"
"LEST5","164571"
"LETE2","164572"
"LEVI6","154326"
"LEVI7","119138"
"LEMA5","NaN"
"LEAL","164574"
"LEALA5","241326"
"LEALS","NaN"
"LEAN2","164575"
"LEAR2","164576"
"LEAR6","164577"
"LEARA2","241328"
"LEARA","241329"
"LEAR3","56745"
"LEAR4","164578"
"LEAU5","164579"
"LEAU4","164580"
"LECA9","164581"
"LECA18","164582"
"LECA10","164583"
"LECAC5","241330"
"LECAL3","241331"
"LECI2","164584"
"LECO2","164585"
"LECO10","164586"
"LECO7","164587"
"LEDE2","164588"
"LEDE3","164589"
"LEDO2","164590"
"LEEN","164591"
"LEFE","164592"
"LEFI2","164593"
"LEFR4","164594"
"LEGA2","164595"
"LEGL2","164596"
"LEGO2","164597"
"LEGO3","164598"
"LEGO","164599"
"LEGOD","241332"
"LEGOG","241333"
"LEGR2","164600"
"LEGRG","236669"
"LEGRN","236670"
"LEGR3","164601"
"LEHE3","164602"
"LEHEH","241334"
"LEHEL","241335"
"LEHI3","164603"
"LEHU","164604"
"LEIN3","148178"
"LEKA","164605"
"LEKI","148179"
"LEKIB","236671"
"LEKID","236672"
"LEKIK","236673"
"LEKIC2","NaN"
"LEKIK2","NaN"
"LEKIL","236674"
"LEKL","164606"
"LELA6","164607"
"LELAB3","236675"
"LELAH3","241337"
"LELAL4","236676"
"LELA9","164608"
"LELE9","164609"
"LELE26","164610"
"LELI2","164611"
"LELU","164612"
"LELY","164613"
"LEMA4","164614"
"LEMC","164615"
"LEMO3","164616"
"LEMU2","164617"
"LENA8","164618"
"LEOB13","164619"
"LEOC","164620"
"LEOCC2","236677"
"LEOCO","236678"
"LEOV","164621"
"LEOVA","236679"
"LEOVO","236680"
"LEPA4","164622"
"LEPA10","164623"
"LEPA7","164624"
"LEPA8","164625"
"LEPE24","164626"
"LEPE3","164627"
"LEPI3","164628"
"LEPR3","164629"
"LEPR2","164630"
"LEPU15","164631"
"LEPU2","164632"
"LERE4","164633"
"LERU4","164634"
"LESE","164635"
"LEST8","164636"
"LESU","148292"
"LETE3","164637"
"LETH3","164638"
"LETU7","164640"
"LEUT","164641"
"LEVA2","164642"
"LEVI22","164643"
"LEWA2","164644"
"LEAR33","77713"
"LEGE","61925"
"LEGL18","58020"
"LEGLG","58840"
"LEGLP","241338"
"LEGLT","81018"
"LEHO","56968"
"LELE13","58023"
"LELEL","58024"
"LELEP","241339"
"LELER2","241340"
"LELE7","63001"
"LEMI5","63002"
"LEMIG","64247"
"LEMIM","325860"
"LENA","77714"
"LENE3","60508"
"LENEA","241341"
"LENEM","241342"
"LENEN","241343"
"LERA3","77716"
"LERAA","241344"
"LERAR","241345"
"LETE8","58025"
"LEVI8","77717"
"LEVIG","181773"
"LEVIV","181774"
"LEPU3","164645"
"LERE5","82198"
"LEDE23","899587"
"LEAL35","164650"
"LEAN16","164651"
"LEGL19","122658"
"LEMO4","49647"
"LEBR12","164652"
"LEBRA","241346"
"LEBRB","241347"
"LEJU4","164653"
"LECL7","164654"
"LECO45","164655"
"LEUN3","164656"
"LEXA5","164657"
"LEAC8","701710"
"LECA12","164659"
"LEFR3","123118"
"LEMI4","164660"
"LEGR7","164661"
"LENA3","164662"
"LEKI2","NaN"
"LEMU","164663"
"LEAX","127488"
"LEDA","77720"
"LEFO","898153"
"LEMO5","123479"
"LEWH","81461"
"LEBR","77721"
"LECA11","77722"
"LECO3","144056"
"LECOC","241348"
"LECOR2","241349"
"LECOW","241350"
"LECO4","77723"
"LECO5","77724"
"LECOC2","81021"
"LECOH","81022"
"LECOH2","81023"
"LEDI3","77725"
"LEGL4","77726"
"LEKE","77727"
"LEKEH","79986"
"LEKEK","79987"
"LELE8","77728"
"LELO2","77729"
"LEMA3","164667"
"LENE5","77730"
"LEOP","77731"
"LEPY2","77732"
"LERE7","47360"
"LEREM","81024"
"LERER","81025"
"LESA17","164668"
"LESE3","77733"
"LEST6","77734"
"LETR2","62363"
"LEPI15","NaN"
"LEMU4","446700"
"LEUC","NaN"
"LEVA3","446701"
"LEAJ","859267"
"LEAM","164669"
"LECI4","164672"
"LECO12","164673"
"LEFL4","164674"
"LEIN6","164675"
"LEMO8","61067"
"LEMOM2","118426"
"LEMOV","236692"
"LEPA12","164677"
"LESA4","164679"
"LESAM","236693"
"LESAS","236694"
"LESAS2","236695"
"LESI5","164680"
"LETR5","57184"
"LIBO7","NaN"
"LIFA","1464599"
"LIFR6","793774"
"LIFR","NaN"
"LIGL3","NaN"
"LIJO3","NaN"
"LIMA19","NaN"
"LIOR3","NaN"
"LIRI2","NaN"
"LIST6","NaN"
"LIWE2","NaN"
"LIAC","164681"
"LIAE3","372070"
"LIAS","130380"
"LIASA","241351"
"LIASI","241352"
"LIASS","241353"
"LIBR","164682"
"LICH2","164683"
"LICO17","164684"
"LICY","164685"
"LICY2","164686"
"LIDE4","164687"
"LIDED","241354"
"LIDEI","241355"
"LIEL","120831"
"LIELB","550438"
"LIELC","241356"
"LIELE","241357"
"LIELK","934706"
"LIEL7","781401"
"LIGA","164688"
"LIGH","164689"
"LIGL5","164690"
"LIGR9","164691"
"LIHE2","164692"
"LILA","164693"
"LILI","130381"
"LIMI7","164694"
"LIOH","164695"
"LIOL2","164696"
"LIPA17","928991"
"LIPA8","164697"
"LIPI7","781402"
"LIPR3","164699"
"LIPU","130379"
"LIPUM","241360"
"LIPUM2","371814"
"LIPUP","241362"
"LIPY","48691"
"LIPYL","48683"
"LIPYP","241363"
"LISA9","164700"
"LISC2","118772"
"LISCN","241364"
"LISCN2","241365"
"LISCS3","241366"
"LISP4","164702"
"LISP","117439"
"LISPR","241368"
"LISPS","241369"
"LISQ","164703"
"LISQA","241370"
"LISQC","241371"
"LISQG","241372"
"LISQH","241373"
"LISQS","241374"
"LISQ2","129318"
"LITE6","164704"
"LITEQ","241375"
"LITET2","241376"
"LITE","164705"
"LITU3","164706"
"LIVI8","119804"
"LIMI5","127400"
"LIRI4","1007830"
"LIBR5","277937"
"LIPA9","1064348"
"LITR","223610"
"LIAP","59298"
"LICA15","223652"
"LICA","77737"
"LICA16","223653"
"LICA2","223654"
"LIFI","223655"
"LIGR","77738"
"LIPO","900590"
"LIPOB","241377"
"LIPOP","241378"
"LISC3","891012"
"LISCH","236701"
"LISCS2","236702"
"LITE2","223657"
"LIVE","223658"
"LISC4","223663"
"LICA31","200063"
"LICH","200069"
"LIMA7","60122"
"LIOC","77742"
"LISC7","223664"
"LISCR","241379"
"LIPS","NaN"
"LIBO","77743"
"LICA3","57131"
"LICAC","236703"
"LICAE","488925"
"LICA4","154502"
"LICAA","236705"
"LICAC2","236706"
"LICO","77744"
"LIGR2","223667"
"LIHU","59575"
"LIHUH","59577"
"LIHUO2","709971"
"LIIR","223668"
"LIKE","48927"
"LIKE2","77745"
"LIMA","61511"
"LIMI","223670"
"LIMI9","223671"
"LIOC2","62759"
"LIPA","57129"
"LIPAP2","61829"
"LIPAP5","79988"
"LIPAS","62231"
"LIPAV","79989"
"LIPAW2","79990"
"LIPA2","77746"
"LIPA3","59584"
"LIPH","61253"
"LIPHA","503935"
"LIPHP","241380"
"LIPY5","223672"
"LIRU","60499"
"LISU","85008"
"LIWA","71053"
"LIWAP2","79991"
"LIWAW2","79992"
"LIFR2","223678"
"LIAL3","69921"
"LIALA","79993"
"LIALV2","79995"
"LIBA2","77747"
"LIDO2","51336"
"LIDOD","51341"
"LIDON2","51342"
"LIDOO","704692"
"LIDOR2","51339"
"LIDOS2","51340"
"LIFL2","77748"
"LIFLB","79997"
"LIFLC2","79998"
"LIFLF","79999"
"LIGR7","550420"
"LIGRG2","NaN"
"LIGRP2","550421"
"LIMA20","181602"
"LIMO2","77749"
"LIPU8","1152874"
"LIPUG","1152875"
"LIPUP2","1555659"
"LIST5","NaN"
"LIVI3","77750"
"LILA7","850573"
"LISP2","77751"
"LIAR","223773"
"LILU3","NaN"
"LIFR3","774058"
"LIFRB","NaN"
"LIINR","NaN"
"LIPI2","223778"
"LIPU2","223779"
"LICA5","63364"
"LICA17","133293"
"LILI4","223782"
"LIAC2","61107"
"LIAQ","59016"
"LIAU6","60248"
"LIPU5","223790"
"LICO16","156855"
"LIRE13","156858"
"LIAR2","77760"
"LIBE","77761"
"LIBI2","58249"
"LICA36","844115"
"LICA37","77763"
"LICO2","77764"
"LIDE2","77765"
"LIDI","77766"
"LIDI2","57648"
"LIFI3","77767"
"LIGL6","NaN"
"LIIN10","77768"
"LIJA2","77769"
"LIJO","77770"
"LIKI","77771"
"LIMA2","77772"
"LIOR","77773"
"LIPA4","77774"
"LIPU11","52148"
"LIWA4","569448"
"LIBR9","223833"
"LIME9","223834"
"LIBE3","54793"
"LIBEB","241383"
"LIBEP","241384"
"LIME7","223835"
"LISU8","223836"
"LICR","223837"
"LIDI4","282915"
"LIDU","77779"
"LIDUA","194324"
"LIDUD","241385"
"LIGR8","142715"
"LIMO3","223838"
"LITE3","135211"
"LIEN","223839"
"LILA3","275637"
"LILO6","1002243"
"LILU4","427043"
"LIOB6","550125"
"LIPO2","332740"
"LIPR7","1272145"
"LIQU","273733"
"LIQUA","1002282"
"LIRE2","223840"
"LIREL","1002289"
"LIREM","241387"
"LIREP","867193"
"LIST3","273739"
"LISTJ","1002307"
"LITE13","137436"
"LIWA5","427036"
"LIFL8","NaN"
"LIBO3","77780"
"LIBOA","1340721"
"LIBOB","513544"
"LIBOL2","81026"
"LIAL2","223848"
"LIAR5","223849"
"LIAR3","148943"
"LIAU4","223850"
"LIAUA","1555603"
"LIAUG","241389"
"LIBE2","223852"
"LIBEB2","241390"
"LIBEF","241391"
"LICA14","223853"
"LICAC3","241392"
"LICAS","241393"
"LICO3","223854"
"LIEL3","223855"
"LIFL","223856"
"LIFLC","241394"
"LIFLF2","241395"
"LIHU2","223857"
"LIIM","223858"
"LIIN","204344"
"LIKI2","223859"
"LILE3","60490"
"LILEA","60492"
"LILEL4","60493"
"LILEL2","60495"
"LILU","223860"
"LIMA10","223861"
"LIME2","154327"
"LIMEM","241396"
"LIMET","241397"
"LINE","223862"
"LIPE2","963465"
"LIPR","60494"
"LIPU4","77782"
"LIRI","122585"
"LIRIR","241398"
"LIRIS","241399"
"LIRU2","223863"
"LISC5","223864"
"LIST","204346"
"LISU5","148944"
"LISU4","129626"
"LISUH","241400"
"LISUS","129624"
"LIVE2","223865"
"LIVI","204161"
"LIWE","223866"
"LIJO2","NaN"
"LIDO3","925121"
"LIEL2","283712"
"LIHA2","223896"
"LILI3","204347"
"LILO","131226"
"LIOD","773916"
"LIPA18","925123"
"LISA2","925124"
"LIVE3","276857"
"LIYA","1144527"
"LIAR6","77783"
"LIDR3","223901"
"LIMA4","141076"
"LIMI12","77784"
"LIOC3","77785"
"LIPR4","NaN"
"LIBR6","1246888"
"LICO10","223905"
"LICOA","241401"
"LICOC","241402"
"LIDE5","223906"
"LIFA2","223907"
"LIHE3","223908"
"LIIN4","223909"
"LIKA","223910"
"LILA6","1246887"
"LILO2","223912"
"LILOL","241403"
"LILOL2","241404"
"LIMI8","223913"
"LIMIE","241405"
"LIMIM","241406"
"LIOV2","917908"
"LIPE4","223914"
"LIRE5","223915"
"LIRO","223916"
"LISU6","1246891"
"LISU7","223918"
"LITE7","223919"
"LITE8","1246892"
"LIVE5","223921"
"LIWA2","223922"
"LIAL","223926"
"LIGR6","223927"
"LIMI6","335079"
"LIMIH","NaN"
"LIST2","49658"
"LITU","53582"
"LILA4","504732"
"LIVE4","NaN"
"LIAU2","223946"
"LIAU3","209202"
"LIBO4","223947"
"LICA10","223948"
"LICO5","50722"
"LICO6","50723"
"LICOC2","241407"
"LICON","241408"
"LISM","223949"
"LIPA7","288204"
"LIMU4","919252"
"LIAF","50803"
"LIAFA","1057081"
"LIAFM","772730"
"LIBO5","77787"
"LICA21","77788"
"LICY3","58323"
"LIGL2","77789"
"LIHE","53124"
"LIMA6","77790"
"LIPA5","77791"
"LIPAP3","81027"
"LIPAT","81028"
"LITE4","77792"
"LICA11","77794"
"LICA18","224006"
"LICA12","48595"
"LICA13","224007"
"LICAC8","241411"
"LICAC9","241412"
"LICO7","224008"
"LICO9","224009"
"LIIN2","59924"
"LILA2","224010"
"LIMA5","224011"
"LIMI3","224012"
"LIMU3","143646"
"LIOB5","224013"
"LIPA6","224014"
"LIPAP","241413"
"LIPAR2","241414"
"LIRU4","77795"
"LITU2","200070"
"LIVI2","224015"
"LIAE","224028"
"LIUN","197011"
"LLSE","148027"
"LLSEF2","1279959"
"LLSES2","1279961"
"LORO5","1305006"
"LOSP2","556141"
"LOSPO","NaN"
"LOSPS2","NaN"
"LOSPS3","NaN"
"LOAM4","224046"
"LOAMA","241415"
"LOAMG","241416"
"LOAN","224047"
"LOAP","128995"
"LOAPA","241417"
"LOAPG","241418"
"LOBE3","224048"
"LOBEB2","241419"
"LOBEB","241420"
"LOBO","224049"
"LOBR3","224050"
"LOCA","224051"
"LOCA2","48038"
"LOCL","327647"
"LODO","62352"
"LODU2","NaN"
"LODUD3","NaN"
"LODUP2","NaN"
"LODU","77796"
"LODUD4","241421"
"LODUS2","81030"
"LOEL","224054"
"LOFE2","129325"
"LOFE","128840"
"LOFL2","224055"
"LOFL3","224056"
"LOGA","224057"
"LOGAG2","236776"
"LOGAK3","236777"
"LOGL","224058"
"LOGL4","224059"
"LOGR5","224060"
"LOHI4","224061"
"LOHO2","129193"
"LOHY","224062"
"LOIN","62351"
"LOKA","118773"
"LOKA2","NaN"
"LOLA","148354"
"LOLAA","241422"
"LOMO3","224064"
"LONI","224065"
"LONU","224066"
"LOOA","224067"
"LOPA3","224068"
"LOPO","494253"
"LOPU","119142"
"LOPUM","241423"
"LOPUP","241424"
"LOPUP2","241425"
"LOPUS","241426"
"LORE3","224069"
"LORO4","791141"
"LOROP","NaN"
"LORO3","791142"
"LOSI","119806"
"LOSIL","241427"
"LOSIS2","241428"
"LOSP","128839"
"LOSPC","241429"
"LOSPH","241430"
"LOSPL","241431"
"LOSPS","241432"
"LOSPS4","241433"
"LOVI3","224070"
"LOVI4","791143"
"LOYU","224071"
"LOSQ","58105"
"LOSQA","181510"
"LOSQC","236779"
"LOSQS","58873"
"LOGL3","194147"
"LOGR8","224090"
"LODE8","77798"
"LOMA10","58254"
"LOSC6","58250"
"LOMA2","1272170"
"LOMAP3","NaN"
"LOBR7","224091"
"LOBA70","224092"
"LOWI2","224093"
"LOAR12","77799"
"LOCA19","NaN"
"LODE9","77800"
"LOPR","164707"
"LOGU","137394"
"LOLO5","1459232"
"LOAM2","348443"
"LOKU","164713"
"LOSO","348444"
"LOAM","164714"
"LOAT","164715"
"LOAU5","164716"
"LOBE4","164717"
"LOBI","77801"
"LOBIB","241434"
"LOBIL","81031"
"LOBR","164718"
"LOBR2","164719"
"LOBR9","606747"
"LOCA3","56824"
"LOCA4","77802"
"LOCA5","56213"
"LOCAC","64328"
"LOCAD","60123"
"LOCI","77803"
"LOCO","164720"
"LOCO2","164721"
"LOCO3","77804"
"LOCO8","164722"
"LOCO4","164723"
"LOCU","164724"
"LOCU2","164725"
"LODA","56825"
"LODAD","56829"
"LODAT","56828"
"LODI","77805"
"LODID2","81032"
"LODIM","81033"
"LODO2","164726"
"LOEA","164727"
"LOEN","77806"
"LOER2","164728"
"LOFA","164729"
"LOFAF","241435"
"LOFAH","241436"
"LOFO","1624190"
"LOFOD","236788"
"LOFOF","80003"
"LOFOF2","236790"
"LOFOI","80004"
"LOFOM","80005"
"LOGE2","164730"
"LOGO","164731"
"LOGR6","164732"
"LOGRA","241437"
"LOGRG","241438"
"LOGR","77808"
"LOGRD","241439"
"LOGRG2","241440"
"LOGR2","164733"
"LOHA","77809"
"LOHE2","77810"
"LOHO3","77811"
"LOHO","77812"
"LOID","164734"
"LOIN2","77813"
"LOJU3","148035"
"LOJU","164735"
"LOKN","851555"
"LOLA3","164736"
"LOLA4","164737"
"LOLU","77814"
"LOMA3","56826"
"LOMA4","77815"
"LOMAM","81034"
"LOMAP","81035"
"LOMA5","77816"
"LOMI2","164738"
"LOMI3","164739"
"LOMO","57905"
"LOMOL","236793"
"LOMOM","236794"
"LONE","77817"
"LONEN","81036"
"LONEP","81037"
"LONU2","77818"
"LONU3","164740"
"LOOB3","61793"
"LOOC2","164741"
"LOOR3","164742"
"LOOR","164743"
"LOPA5","164744"
"LOPA","77819"
"LOPA2","77820"
"LOPA9","504889"
"LOPE3","77821"
"LOPI","77822"
"LOQU2","164746"
"LORA","77824"
"LORE2","63994"
"LORI2","77825"
"LORO2","164747"
"LORO7","164748"
"LOSA2","164749"
"LOSA3","164750"
"LOSC3","164751"
"LOSCS","241441"
"LOSCT","241442"
"LOSE2","164752"
"LOSH","77826"
"LOSI2","128864"
"LOSIL2","241443"
"LOSIS","241444"
"LOST5","77827"
"LOSU4","164753"
"LOTA3","164754"
"LOTA4","1136244"
"LOTH","164755"
"LOTO2","77828"
"LOTR","77829"
"LOTR2","1521902"
"LOTRA","241445"
"LOTRB","241446"
"LOTRM","81038"
"LOTRT","81039"
"LOTU","164756"
"LOUT","56827"
"LOVA","77831"
"LOWA","164757"
"LORO","164758"
"LOHI3","282485"
"LODO5","290012"
"LOGL2","1245502"
"LOHE7","280612"
"LOAL","117329"
"LOAR","164760"
"LOCA6","164761"
"LOCAC3","241447"
"LOCA7","119807"
"LOCI3","77832"
"LOCO5","77833"
"LODI2","119808"
"LOFL","164762"
"LOHI","126145"
"LOHI2","53416"
"LOHIH","1058240"
"LOHIV","778354"
"LOIN4","60878"
"LOIN5","60881"
"LOINI","81040"
"LOINL","60990"
"LOOB","164764"
"LORE5","164765"
"LOSE","119809"
"LOSU2","58100"
"LOSUD","58872"
"LOSUJ","241450"
"LOSUS","81041"
"LOUT2","148098"
"LOVI","143508"
"LOVIC","241451"
"LOVIF","241452"
"LOVIS","241453"
"LOVIT","241454"
"LOVIV","241455"
"LOGR7","427091"
"LOAU","164768"
"LOAP2","NaN"
"LOAP3","164769"
"LOBI4","1541706"
"LOHE9","164771"
"LOHEC","NaN"
"LOHEH2","NaN"
"LOMA14","164772"
"LOMI7","164773"
"LOMU5","164774"
"LOMU6","164775"
"LOMUF","NaN"
"LOSU7","164776"
"LOWI","164777"
"LOMA13","1144635"
"LOQU","142803"
"LOAL7","164779"
"LOAS3","164781"
"LOBA7","164782"
"LOBAA","241459"
"LOBAB","241460"
"LOBA6","164783"
"LOBI5","164784"
"LOBIB2","NaN"
"LOBII","NaN"
"LOCA17","164785"
"LOCO19","164786"
"LODE7","164787"
"LODEC","NaN"
"LODED2","NaN"
"LODE6","453086"
"LOEH","NaN"
"LOEL4","164788"
"LOEX","164789"
"LOEXE","241461"
"LOEXE2","241462"
"LOEXI","241463"
"LOEXS","241464"
"LOGI3","164790"
"LOGIC","241465"
"LOGIG","241466"
"LOGR11","164791"
"LOGRG4","241467"
"LOGRP","241468"
"LOGR10","164792"
"LOGU2","164793"
"LOHE10","164794"
"LOHEA","241469"
"LOHEH3","241470"
"LOHEH4","241471"
"LOHE8","164795"
"LOHO4","NaN"
"LOHY4","164796"
"LOIN11","85415"
"LOINI4","85417"
"LOINI2","85414"
"LOINI3","85418"
"LOINO","85416"
"LOLA8","164797"
"LOLA9","164798"
"LOLO4","164799"
"LOLOA","236800"
"LOLOL","236801"
"LOOB4","164800"
"LOPE11","164802"
"LOPEM3","241473"
"LOPEP2","241474"
"LOPE10","164803"
"LOPO3","164804"
"LOPOP","241475"
"LOPOS","241476"
"LORU4","164805"
"LORU5","NaN"
"LORU6","164806"
"LOSA6","164807"
"LOSU8","164809"
"LOSU9","130553"
"LOSUA","130551"
"LOSUS2","130552"
"LOVE4","1421696"
"LOVEC","241477"
"LOVEG","241478"
"LOVEL","241479"
"LOVER","241480"
"LOVES","241481"
"LOVEV","241482"
"LOWE3","164811"
"LOWEL","241483"
"LOWEW","241484"
"LOIM","164812"
"LOAB","138406"
"LOAL2","164813"
"LOAR3","164814"
"LOARA5","241485"
"LOARA2","241486"
"LOARA3","241487"
"LOARF","241488"
"LOARN3","709970"
"LOAR4","164815"
"LOARA4","241490"
"LOARM","241491"
"LOARN2","241492"
"LOBE2","164816"
"LOCR","164817"
"LOCRC","241493"
"LOCRO","702733"
"LODE2","164818"
"LODED","241495"
"LODET","241496"
"LODEV","241497"
"LODE","164819"
"LOFO2","81535"
"LOGR3","164820"
"LOGRG3","241498"
"LOGRM","241499"
"LOGR4","164821"
"LOHA2","164822"
"LOHA3","164823"
"LOHE","142861"
"LOHEH","241500"
"LOHEO","241501"
"LOHU2","164824"
"LOIN6","164825"
"LOJU2","164826"
"LOJUB","241502"
"LOJUJ","241503"
"LOME","164828"
"LOMEE","241504"
"LOMEM","241505"
"LOMI","164829"
"LONE4","164830"
"LONED2","241506"
"LONED","241507"
"LONEN2","241508"
"LONU4","164831"
"LOOB2","164832"
"LOOBC","241509"
"LOOBO2","241510"
"LOPA81","164833"
"LOPI2","164835"
"LOPL2","164836"
"LOPR3","164837"
"LOPRJ","241511"
"LOPRP","241512"
"LORI3","164838"
"LORU","164839"
"LOSA","164840"
"LOSAB","241513"
"LOSAS","241514"
"LOSC2","69422"
"LOSCB","241515"
"LOSCS2","241516"
"LOST3","164841"
"LOSTO","241517"
"LOSTS","241518"
"LOST4","164842"
"LOSTH","241519"
"LOSTS2","241520"
"LOSTT","241521"
"LOUN","164843"
"LOUNH","241522"
"LOUNU","181775"
"LOUT3","164844"
"LOWR2","164845"
"LOWR","164846"
"LOYO","164847"
"LUTE2","949292"
"LULA5","NaN"
"LUAL","164848"
"LUAL2","130998"
"LUAR8","164849"
"LUBO","164850"
"LUBR","164851"
"LUCU4","164852"
"LUDE4","120008"
"LUER","164853"
"LUGL","164854"
"LUGLB","1447734"
"LUGLG2","1447735"
"LUHI","164855"
"LULA6","164856"
"LULE4","164857"
"LULI","130811"
"LULI3","164858"
"LUMA4","164860"
"LUMI4","133289"
"LUOC","164861"
"LUOCO","236806"
"LUOCS","236807"
"LUPA","60221"
"LUPE5","60220"
"LUPEG2","236808"
"LUPEP2","61046"
"LUPI","164862"
"LUPO","164863"
"LURA","164864"
"LURE2","818704"
"LUSI3","1647686"
"LUSP5","164866"
"LUSP","164867"
"LUSU11","135285"
"LUVI2","164868"
"LUPE","77842"
"LUHY","77843"
"LUSE","164871"
"LUBA4","164872"
"LULI8","196656"
"LUEK","494245"
"LUCR5","55703"
"LUAL5","NaN"
"LUCY2","NaN"
"LUIN","NaN"
"LUAB","138896"
"LUAD","77845"
"LUADA","181576"
"LUADL","181511"
"LUADU","181778"
"LUAF","77846"
"LUAG","59214"
"LUAL3","77847"
"LUALA","181779"
"LUALS","181780"
"LUAL4","1424224"
"LUALA2","53418"
"LUALC","843592"
"LUALD","81043"
"LUALE","241523"
"LUALF","241524"
"LUAL6","164874"
"LUAM","59541"
"LUAM2","164875"
"LUAN2","77848"
"LUAN3","77849"
"LUAN5","77850"
"LUAP","77851"
"LUAR","61010"
"LUAR6","62690"
"LUARA3","236811"
"LUARA10","NaN"
"LUARM4","NaN"
"LUARC","236812"
"LUARN","236813"
"LUARP","236814"
"LUARS","236815"
"LUAR2","143688"
"LUARA4","59545"
"LUARS2","236818"
"LUAR3","62691"
"LUARA5","81044"
"LUARA11","NaN"
"LUARL5","NaN"
"LUARI","237076"
"LUARM3","237077"
"LUARR","237078"
"LUARS3","237079"
"LUAR7","164876"
"LUARA6","237080"
"LUARA","237081"
"LUARL","237082"
"LUARL2","237083"
"LUAR4","69421"
"LUARA7","237084"
"LUARA12","NaN"
"LUARB2","NaN"
"LUARS4","69416"
"LUARS5","237085"
"LUBA3","164877"
"LUBAA","237086"
"LUBAB","237087"
"LUBA","164878"
"LUBE","59565"
"LUBEB","59564"
"LUBEO","59563"
"LUBI","50614"
"LUBIB","237088"
"LUBIM","237089"
"LUBIM2","59420"
"LUBIP","237090"
"LUBIT","237091"
"LUBIR","NaN"
"LUBIT3","NaN"
"LUBIU","237092"
"LUBIT6","NaN"
"LUBIU2","NaN"
"LUBI3","164879"
"LUBIB2","241530"
"LUBID","241531"
"LUBIS","241532"
"LUBR2","77852"
"LUBR4","164880"
"LUBR3","77853"
"LUBRB2","81050"
"LUBRB","81051"
"LUBRG","81052"
"LUBRP","181781"
"LUBU2","164881"
"LUBUB","59543"
"LUBUC","237093"
"LUCA3","164882"
"LUCAC2","241533"
"LUCAU","241534"
"LUCA","164883"
"LUCAA","237094"
"LUCAC3","237095"
"LUCAC","237096"
"LUCAM","237097"
"LUCE","77854"
"LUCH","61011"
"LUCH2","164884"
"LUCI","77855"
"LUCIC","81053"
"LUCID","1503391"
"LUCO","58901"
"LUCOC","237098"
"LUCOO","237099"
"LUCOO2","237100"
"LUCO2","164885"
"LUCO3","59421"
"LUCO7","77856"
"LUCO4","77857"
"LUCR2","164886"
"LUCR","77858"
"LUCRC","181782"
"LUCRP","181513"
"LUCU","164887"
"LUCUC","237101"
"LUCUH","237102"
"LUCU2","1525182"
"LUCU3","164889"
"LUCUA","237103"
"LUCUB","237104"
"LUCUC2","237105"
"LUDA","77859"
"LUDE2","768218"
"LUDEA","241535"
"LUDEA2","241536"
"LUDED","241537"
"LUDEG","241538"
"LUDEL","241539"
"LUDEP","241540"
"LUDE3","164891"
"LUDI2","127263"
"LUDU","77860"
"LUEL","77861"
"LUEL2","77862"
"LUEV","164892"
"LUEX","69855"
"LUEXA","81055"
"LUEXE","81056"
"LUEXH","81057"
"LUEXJ","81058"
"LUEXM","81059"
"LUEX2","164893"
"LUFI","164894"
"LUFL","77863"
"LUFO2","57054"
"LUFOF","61822"
"LUFOR","81060"
"LUFU","77864"
"LUGA","164895"
"LUGO","164896"
"LUGR","77865"
"LUGR2","850737"
"LUGU","77867"
"LUHA","164898"
"LUHI2","164899"
"LUHIA","241541"
"LUHIH","241542"
"LUHIO","241543"
"LUHI3","58902"
"LUHO","77868"
"LUHO2","164900"
"LUHO3","59457"
"LUHOH","58158"
"LUHOP","59456"
"LUHU","164901"
"LUHY3","77869"
"LUJO","164903"
"LUJO2","164904"
"LUKI","138899"
"LUKIA","241544"
"LUKIK","241545"
"LUKU","164905"
"LULA","77870"
"LULA4","67379"
"LULAD","81063"
"LULAL3","880575"
"LULAL","237106"
"LULAL2","237107"
"LULAP2","318255"
"LULAV","81065"
"LULAB","NaN"
"LULAV2","NaN"
"LULE","164906"
"LULE2","918286"
"LULE3","77871"
"LULEE","237108"
"LULEL4","237109"
"LULEB2","NaN"
"LULEC9","NaN"
"LULEL2","NaN"
"LULI2","77872"
"LULO","77873"
"LULU","77874"
"LULU2","77875"
"LULU4","164907"
"LULY","164908"
"LULYA","237110"
"LULYL","237111"
"LULYD2","NaN"
"LULYF2","NaN"
"LULYL2","NaN"
"LULYM3","NaN"
"LULYR2","NaN"
"LULYV2","NaN"
"LULYM2","237112"
"LULYS","237113"
"LULYW","237114"
"LUMA3","164909"
"LUMA","77876"
"LUMAG","81072"
"LUMAH","181514"
"LUMAM","81073"
"LUMA2","164910"
"LUME","62692"
"LUMI3","1551551"
"LUMO3","164912"
"LUMO4","164913"
"LUNA3","50612"
"LUNAL","237115"
"LUNAM","237116"
"LUNAN2","237117"
"LUNE2","164914"
"LUNE","77878"
"LUNI2","77879"
"LUNO","138900"
"LUNOF","241553"
"LUNON","241554"
"LUOB","77880"
"LUOD","77881"
"LUODO","181783"
"LUODP","181515"
"LUON","77882"
"LUOR","164915"
"LUORK","241555"
"LUORO","241556"
"LUOR2","164916"
"LUPA2","50613"
"LUPA6","77883"
"LUPA7","164917"
"LUPA3","164918"
"LUPA8","164919"
"LUPAF","237118"
"LUPAM2","237119"
"LUPAF4","NaN"
"LUPAM4","NaN"
"LUPAP4","237120"
"LUPE2","77884"
"LUPE3","81528"
"LUPEG","201566"
"LUPEP","237121"
"LUPEO2","NaN"
"LUPEP3","NaN"
"LUPL","164920"
"LUPO3","59423"
"LUPO2","59549"
"LUPOB","59546"
"LUPOP2","61016"
"LUPOG2","NaN"
"LUPOP3","NaN"
"LUPOP4","NaN"
"LUPOS","1377071"
"LUPR","77885"
"LUPRE","81076"
"LUPRP","81077"
"LUPR2","164921"
"LUPU2","164922"
"LUPU6","NaN"
"LUPU","77886"
"LUPUI2","544031"
"LUPUP","237123"
"LUPUR","148917"
"LURI","77887"
"LURO","164923"
"LURU3","164924"
"LUSA3","164925"
"LUSA2","77888"
"LUSAS","241559"
"LUSAS2","241560"
"LUSE2","145731"
"LUSES","237124"
"LUSEA2","NaN"
"LUSEL2","NaN"
"LUSEM4","NaN"
"LUSES3","322576"
"LUSEU","237125"
"LUSE3","77889"
"LUSE4","164926"
"LUSEH","237126"
"LUSEM3","237127"
"LUSES2","237128"
"LUSEE2","NaN"
"LUSEF2","NaN"
"LUSEM5","NaN"
"LUSES4","NaN"
"LUSET","NaN"
"LUSEW","NaN"
"LUSH","77890"
"LUSI2","164927"
"LUSIA","237129"
"LUSIS","237130"
"LUSP2","64513"
"LUSPI","181784"
"LUSPM","181516"
"LUSPP","237131"
"LUSPS2","181786"
"LUSP3","77891"
"LUST2","77892"
"LUSU","49565"
"LUSU2","164928"
"LUSU10","69697"
"LUSUA","69700"
"LUSUP","241568"
"LUSUS","241569"
"LUSUT","241570"
"LUSU3","56759"
"LUSU4","164929"
"LUSU5","164930"
"LUTE","49564"
"LUTI","61017"
"LUTIL","241571"
"LUTIT","181788"
"LUTR","77893"
"LUTR2","58906"
"LUUN","77894"
"LUVA2","164931"
"LUVAA","237132"
"LUVAV","237133"
"LUVE","164932"
"LUVI","164933"
"LUVO2","164934"
"LUWE","138903"
"LUWEA","142712"
"LUWEW","545217"
"LUWY","164935"
"LUWYT","237134"
"LUWYW","59547"
"LUBA2","164936"
"LUFL2","164937"
"LUAC","129313"
"LUACA2","241573"
"LUACC2","241574"
"LUAL8","164940"
"LUAR9","164941"
"LUARA8","237135"
"LUARL4","237136"
"LUAR5","164942"
"LUARA17","237137"
"LUARU","237138"
"LUBU","127465"
"LUCO6","57111"
"LUCO5","164943"
"LUDI","77895"
"LUEC","127505"
"LUFA3","NaN"
"LUGL2","164944"
"LUGLH","241577"
"LUGR8","164945"
"LUGRG3","241578"
"LUHA2","164946"
"LUHAG","241579"
"LUHAH","241580"
"LUHAO","241581"
"LUKJ","922285"
"LUMU2","164948"
"LUMUF","181789"
"LUMUM","237139"
"LUMUA2","NaN"
"LUMUK2","NaN"
"LUMUM2","NaN"
"LUOR4","77896"
"LUPA4","77897"
"LUPI2","77898"
"LURU2","164949"
"LUSP4","77899"
"LUSU9","164950"
"LUSU7","77900"
"LUWA","164951"
"LYBA2","56881"
"LYVI5","348445"
"LYAN","58332"
"LYANA4","241586"
"LYAND","241587"
"LYANW","241588"
"LYBE","164954"
"LYBEB","1523037"
"LYBEL","241590"
"LYBEP","241591"
"LYBR","77903"
"LYCA","77904"
"LYCAA","1179431"
"LYCAC3","316357"
"LYCA2","133327"
"LYCAC2","1523038"
"LYCAQ","241593"
"LYCO2","77905"
"LYEX","164956"
"LYFR","77906"
"LYHA5","164957"
"LYMA","164958"
"LYPA","77907"
"LYPAO","81083"
"LYPAP","241594"
"LYPA2","77908"
"LYPU","164959"
"LYPUB","241595"
"LYPUP","241596"
"LYSA3","164961"
"LYSH","164962"
"LYTE4","164963"
"LYTO","77909"
"LYTW","NaN"
"LYTWC","NaN"
"LYBR2","NaN"
"LYCO8","NaN"
"LYGI2","NaN"
"LYRO","NaN"
"LYAL5","122049"
"LYAP4","62315"
"LYCA5","137393"
"LYCAC","241597"
"LYCAM2","NaN"
"LYCE2","67941"
"LYCEC","241598"
"LYCEC3","NaN"
"LYIN2","77913"
"LYMA7","122052"
"LYPR3","164964"
"LYSU2","164965"
"LYHA2","1001464"
"LYIS","NaN"
"LYZE","NaN"
"LYAL3","876336"
"LYAN2","85487"
"LYCL","77914"
"LYCO3","144227"
"LYDE","82408"
"LYDI3","881108"
"LYHI2","82409"
"LYLA5","82390"
"LYOB","1246698"
"LYSA","61322"
"LYSI","143697"
"LYTR","876338"
"LYVE2","164968"
"LYVEV","1054414"
"LYVEV2","448557"
"LYSH2","493203"
"LYAM","60206"
"LYAM2","164969"
"LYAS","62651"
"LYCO7","164971"
"LYLA4","164972"
"LYRU","164973"
"LYUN","77915"
"LYUNU2","241604"
"LYVI4","164974"
"LYPH","164976"
"LYSE3","164977"
"LYAS3","164978"
"LYAP3","126341"
"LYAR2","164979"
"LYDI4","164980"
"LYDO","164981"
"LYEN","164982"
"LYGR","126685"
"LYJU","148137"
"LYRA2","164983"
"LYTE","164984"
"LYCI3","872706"
"LYPA3","82571"
"LYSA6","427096"
"LYFE","164987"
"LYFR3","164988"
"LYLI","132625"
"LYLIF","241605"
"LYLIL","241606"
"LYLU3","129433"
"LYMA2","164989"
"LYRU2","911927"
"LYRUR","NaN"
"LYRUS","NaN"
"LYTR3","739433"
"LYTRP","739434"
"LYFL2","63620"
"LYFLA","63614"
"LYFLF","80008"
"LYCO4","77916"
"LYCOC","241607"
"LYCOP5","241608"
"LYAM3","48537"
"LYLA3","164990"
"LYWA","164991"
"LYCO6","NaN"
"LYPR","714368"
"LYRA4","NaN"
"LYAS2","164992"
"LYCI","62441"
"LYDA","164994"
"LYFI2","164995"
"LYFO","164996"
"LYFR2","164997"
"LYGL","164998"
"LYGR2","164999"
"LYHA6","165000"
"LYHI","165001"
"LYHY","165002"
"LYIN3","165003"
"LYKA2","165005"
"LYKA","165006"
"LYLA8","NaN"
"LYLA","119810"
"LYLO","165007"
"LYLY","165008"
"LYMA4","165009"
"LYMA5","165010"
"LYOV3","165011"
"LYPE3","165012"
"LYQU","165013"
"LYQU2","82580"
"LYRA3","165014"
"LYRE2","165015"
"LYREC","NaN"
"LYREK","NaN"
"LYRER","1517371"
"LYRES","NaN"
"LYSC2","165016"
"LYTE2","48062"
"LYTH2","869460"
"LYTO2","165017"
"LYVE6","165018"
"LYWA3","165019"
"LYAL4","128998"
"LYALA4","241609"
"LYALL","142102"
"LYCA4","60212"
"LYCU2","165020"
"LYFL4","130809"
"LYLI2","153430"
"LYOV","165022"
"MAAC3","165025"
"MACA25","883857"
"MACAC7","NaN"
"MAAL7","165028"
"MACA","165029"
"MAAR5","165032"
"MAAS2","165033"
"MAASA2","315560"
"MAASG","NaN"
"MAASL","315752"
"MABI","165035"
"MABIB","241610"
"MABIC","241611"
"MABIM","241612"
"MABL2","165036"
"MACA2","165039"
"MACAC","237180"
"MACAA","NaN"
"MACAC3","NaN"
"MACAI2","NaN"
"MACAL","NaN"
"MACAS2","NaN"
"MACAS3","NaN"
"MACAZ2","NaN"
"MACAG","318244"
"MACAA2","NaN"
"MACAG2","NaN"
"MACAN","NaN"
"MACA17","165040"
"MACAC5","NaN"
"MACAI3","NaN"
"MACO13","165041"
"MACOB","241621"
"MACOC","241622"
"MAGR10","165042"
"MAGR2","148138"
"MAGRD","241623"
"MAGRG","241624"
"MAGY2","165043"
"MAGY3","165044"
"MAJU","NaN"
"MAPA","165047"
"MAPI","165049"
"MAPIG","237182"
"MAPIG2","NaN"
"MAPIP3","NaN"
"MAPIP","318249"
"MAPIC","NaN"
"MAPIG3","NaN"
"MAPIP4","NaN"
"MARI","165050"
"MATA","165051"
"MATA2","77920"
"MAVI9","165053"
"MAAN","123619"
"MAMA12","116351"
"MAMAM","237184"
"MARE2","1116051"
"MALU2","280650"
"MAPO6","1118080"
"MAWO3","439887"
"MAPO","58205"
"MATI3","209943"
"MALU","165055"
"MAFL4","156814"
"MASU5","165056"
"MAVI","165057"
"MAVIT","241628"
"MAVIV","241629"
"MARI3","165058"
"MAAT80","165059"
"MALA9","808354"
"MASU18","280772"
"MAAN2","69927"
"MACI","77921"
"MACI2","77922"
"MAEL","56974"
"MAELD","56970"
"MAELE","318239"
"MAELV","56972"
"MAELW","237187"
"MAEX","56971"
"MAGL2","77923"
"MAGR3","53135"
"MAMA","165067"
"MARA","77924"
"MASA","53143"
"MASU","77925"
"MAPA31","1123210"
"MAAC","117426"
"MAAS","165073"
"MAFR","165074"
"MAGR4","83074"
"MAMA2","165075"
"MAPO2","430200"
"MAPY","165076"
"MASP","430201"
"MATR","84790"
"MAVI2","127906"
"MAAQ2","127605"
"MADI11","165078"
"MAFR3","148072"
"MAHA4","165079"
"MANE2","126631"
"MANE3","165080"
"MAPI2","165081"
"MAPII","237188"
"MAPIP2","237189"
"MARE11","63946"
"MASW","165084"
"MATR3","121338"
"MACA4","67748"
"MADI","63939"
"MARA7","51062"
"MARAA","53012"
"MARAR","237190"
"MAST4","53268"
"MATR4","118774"
"MAAL4","156804"
"MACA5","165085"
"MAFA4","165086"
"MARA4","285501"
"MADE5","165087"
"MAAB","77926"
"MAAB2","58938"
"MACL","77927"
"MADA","77928"
"MADE","77929"
"MAFA","57137"
"MAFO3","181790"
"MAFR2","70397"
"MAJO","77931"
"MAMA3","77932"
"MAPA2","77934"
"MACA6","58026"
"MACL2","58841"
"MACO3","58027"
"MAFE","165088"
"MAFL","58842"
"MAFO","77935"
"MAFOC","80009"
"MAFOF","80010"
"MAFOP","80011"
"MAFOP2","80012"
"MAGL3","58029"
"MAIN","77936"
"MAIN2","77937"
"MAJU2","77938"
"MAPH3","77939"
"MASA2","77940"
"MASAA","81090"
"MASAC","81091"
"MASAI","81092"
"MASAS","81093"
"MASAT","81094"
"MASI5","77941"
"MASO","77942"
"MASO6","165089"
"MASQ","77943"
"MAST2","77944"
"MATO2","77945"
"MABA6","165090"
"MABR5","165091"
"MACO4","165092"
"MAMA22","555840"
"MAMA36","555841"
"MAMO9","50724"
"MAPA4","165094"
"MAPO15","68604"
"MASO8","276884"
"MASP2","165095"
"MATE2","165096"
"MAUN","901678"
"MAWE","165097"
"MATI4","736616"
"MALA6","64122"
"MATE3","77947"
"MACO11","165101"
"MAFU2","1198698"
"MAGL6","165102"
"MAIN5","362363"
"MALI2","708086"
"MASE","1114811"
"MAWO","137587"
"MAAN3","165103"
"MAANA","241632"
"MAANP","241633"
"MACO5","54831"
"MAFU","77948"
"MAIO","165107"
"MAIOI","241634"
"MAIOT8","241635"
"MAAM","165111"
"MAAU","165112"
"MABI2","165113"
"MACO12","165114"
"MAHI","165116"
"MAARD","120946"
"MALE2","165119"
"MALE3","58203"
"MASA3","165120"
"MAAM2","165121"
"MAOD2","511065"
"MABA9","281838"
"MADI3","68191"
"MAGR9","77955"
"MAHE2","165122"
"MAHEB","241637"
"MAHEH","318114"
"MAHEH2","318130"
"MAHEM","318113"
"MALA2","165123"
"MAMA6","165124"
"MAME6","527930"
"MANI3","440161"
"MAPO3","165125"
"MAPR2","165126"
"MAPRT","241642"
"MASP3","165127"
"MATE4","77956"
"MATH","165128"
"MAWR2","165130"
"MAWRW","318116"
"MAWRW2","318153"
"MAPU2","165131"
"MABR4","277416"
"MAHY5","284315"
"MALA15","281766"
"MAMA5","284317"
"MALO","165132"
"MAMA7","165133"
"MASI","165134"
"MAVA","165135"
"MAVI5","84367"
"MAAN5","165136"
"MADA2","165137"
"MASU15","165141"
"MAWA","165142"
"MABI5","431276"
"MABIS","1341303"
"MAJA2","165143"
"MAJAE","556789"
"MAPL2","440211"
"MAUD","1144652"
"MAVA3","NaN"
"MACA28","56404"
"MAFR10","56405"
"MAPA23","NaN"
"MAPI9","165145"
"MASI12","165146"
"MATR8","165147"
"MAMA31","1144548"
"MASU14","778587"
"MASUP","1144549"
"MARA3","286941"
"MAFA3","53144"
"MAFAA","53150"
"MAFAF","53149"
"MAGI","54896"
"MAHO","165148"
"MAMA8","85400"
"MAMAM4","241647"
"MAMAM2","241648"
"MAMAM5","241649"
"MAOR3","165149"
"MAWA2","77961"
"MACO","425716"
"MADO","165150"
"MALA5","897893"
"MARE3","278986"
"MASI2","348446"
"MAIN18","282021"
"MAPA25","165153"
"MAPAP","1054408"
"MAPO16","56406"
"MAPOM","1020190"
"MAPOP","314369"
"MAPOR","342828"
"MASO4","165154"
"MANO","282219"
"MACA8","165155"
"MADI4","165156"
"MAOR4","77962"
"MAPA7","57874"
"MAMI9","292119"
"MASI3","430203"
"MAEL4","348452"
"MAWO5","348451"
"MACA7","165157"
"MACAC2","241650"
"MACAS","241651"
"MAGR6","165158"
"MAGRC2","241652"
"MAGRG3","241653"
"MAGR7","1113911"
"MALE8","321341"
"MAMO3","67784"
"MAOB","129317"
"MAOBO","241654"
"MAOBS","241655"
"MARA6","165160"
"MATR2","165161"
"MAAN14","165162"
"MAMA9","165163"
"MAMO4","165164"
"MAOL3","77963"
"MAPO4","282583"
"MAQU","82570"
"MAVE2","60111"
"MAVI4","165165"
"MAAD","461290"
"MAAL16","165166"
"MAAR15","165167"
"MABO6","165168"
"MABO7","67838"
"MABR10","165169"
"MACO31","165170"
"MACO32","165171"
"MAEM4","165172"
"MAEME2","237197"
"MAEMA2","NaN"
"MAEME","NaN"
"MAEMT","237198"
"MAEML","NaN"
"MAFU4","165173"
"MAPA24","165174"
"MARE16","165175"
"MASP10","165176"
"MASP11","165177"
"MASP12","NaN"
"MASP13","403717"
"MACH3","118916"
"MAAN7","285847"
"MAAU8","165179"
"MAWO4","165180"
"MADO2","1046568"
"MAAL6","165181"
"MAAR12","165182"
"MAAT2","165183"
"MABA4","165184"
"MABA3","165185"
"MABI6","165186"
"MABO3","430185"
"MABR2","165187"
"MACA9","129557"
"MACO27","165188"
"MACY3","165189"
"MADE3","129612"
"MAED","165190"
"MAFL3","165191"
"MAFL5","165192"
"MAGO","84262"
"MAMA15","348448"
"MAOB2","143147"
"MAPA8","165193"
"MAPA9","77964"
"MAPR3","165194"
"MAPU3","165195"
"MARA5","165196"
"MARE4","165197"
"MASA4","165198"
"MASI4","348450"
"MATE10","165199"
"MAVA2","430186"
"MAWO2","165200"
"MAOC","57929"
"MAST","896948"
"MAAN9","77967"
"MAAC5","283750"
"MACO8","133659"
"MACR2","165204"
"MAPA22","165205"
"MAFL2","818707"
"MACY2","440289"
"MAEL3","1488369"
"MALA8","950832"
"MAPH","131548"
"MAPO5","430196"
"MEAC","132746"
"MEACA","130689"
"MEACM","241661"
"MEACP","241662"
"MEPR2","165207"
"MECA","60849"
"MEDE4","60852"
"MEOR","77970"
"MELA7","1117600"
"MEVI","54924"
"MEBL3","1144706"
"MELA18","890535"
"MECO","118775"
"MELO70","165214"
"METR70","148218"
"MEUL70","1414346"
"MEAE2","165215"
"MESU3","345643"
"MECI","165217"
"MECIC","241663"
"MECIH","241664"
"MECIR","241665"
"MEDI4","288660"
"MELE2","82469"
"MELO","165218"
"MEST8","165220"
"MELI2","62367"
"MELIL2","241666"
"MELIL3","241667"
"MELIP2","241668"
"MEMU10","471230"
"MEAN2","165221"
"MEAS3","165222"
"MEASA","241669"
"MEASG","241670"
"MEBI4","345558"
"MELI6","165223"
"MENI3","131167"
"MEPA3","165224"
"MEMA","165230"
"MEAR3","77978"
"MEBU","77979"
"MECA2","57186"
"MECAC","181792"
"MECAN","181524"
"MEFR","77980"
"MEFU","77981"
"MEGE","77982"
"MEGEA","241671"
"MEGEG","181793"
"MEHA2","77983"
"MEIM","52802"
"MEMO","165235"
"MEMU","165236"
"MENI","785745"
"MEPO","165238"
"MEPOL","241672"
"MEPOP5","241673"
"MESM","143698"
"MESP","77984"
"MEST","77985"
"MESTA","1399976"
"MESTS","181794"
"MESU","77986"
"MESUP","241674"
"MESUS","241675"
"METO","52804"
"MEAD","165240"
"MEAN3","165241"
"MEBA2","165242"
"MEBA3","165243"
"MECH2","165244"
"MECI6","165245"
"MECL","165246"
"MECR5","165247"
"MEDE6","165248"
"MEEL2","165249"
"MEFE2","165250"
"MEHA7","165251"
"MEHA3","165252"
"MEHA4","165253"
"MEHI6","165254"
"MEHO2","165255"
"MEKA2","165256"
"MEKA3","165257"
"MEKN","122714"
"MELY","165258"
"MEMA6","165259"
"MEMA7","165260"
"MEMO6","165262"
"MEMU4","165263"
"MEMU5","165264"
"MENE4","165265"
"MEOA","165266"
"MEOB4","165267"
"MEOR4","165268"
"MEOV","165269"
"MEOV2","165270"
"MEPA21","1144655"
"MEPA6","165271"
"MEPA7","165272"
"MEPE9","165273"
"MEPS","165274"
"MEPU4","165275"
"MEQU3","165276"
"MERA2","165277"
"MERE3","165278"
"MERO3","165279"
"MESA4","165280"
"MESA5","165281"
"MESE10","1183131"
"METR","1144654"
"MEVO","165282"
"MEWA2","165283"
"MEWA3","165284"
"MEWA4","165285"
"MEZA","165286"
"MEHE","1116054"
"MEOB2","1405578"
"MEIN7","202153"
"MENO","291498"
"MEPY","165294"
"MESP6","165295"
"METO4","165296"
"MEVIC4","553613"
"MEVIV","1056648"
"MEIN3","1272178"
"MEPE3","131557"
"MEPEA","241676"
"MEPEC","241677"
"MEPEP","241678"
"MEAN7","NaN"
"MEFL5","NaN"
"MECA3","130900"
"MEDE","165297"
"MEDEL","241679"
"MEHE2","165298"
"MELO2","165299"
"MESC","77988"
"MESP2","77989"
"MEPI","361371"
"MEAR4","58188"
"MEAF2","58194"
"MEAL5","165300"
"MEAL6","58195"
"MEAR2","165301"
"MEAR5","165302"
"MEAS","165303"
"MEAS2","165304"
"MECA8","69469"
"MECA22","1099823"
"MECH","165306"
"MECO23","349455"
"MECO2","77995"
"MECO24","165307"
"MECR","59976"
"MECR4","165308"
"MEDE2","165309"
"MEDE3","1081487"
"MEDE5","77996"
"MEDI","58196"
"MEDIC2","241680"
"MEDID","241681"
"MEDIL","241682"
"MEDIO","241683"
"MEER2","77997"
"MEFL","165311"
"MEGO","165312"
"MEGR","58197"
"MEHI3","77998"
"MEHU7","1155743"
"MEHU","148945"
"MEHUG","241685"
"MEHUH","622766"
"MEIN6","165313"
"MEIN5","77999"
"MEINI","181795"
"MEINM","241686"
"MEIN15","78000"
"MEIS","277999"
"MEJO","78001"
"MELA","165314"
"MELA2","62308"
"MELAL3","241687"
"MELAP","241688"
"MELE3","165315"
"MELI3","165316"
"MELI4","53923"
"MELI13","1155744"
"MEMA5","165317"
"MEME7","1151320"
"MEME","165319"
"MEMI3","58933"
"MEMO2","165320"
"MEMO12","165321"
"MEMO4","78003"
"MEMU2","165322"
"MEMUF","241689"
"MEMUL","241690"
"MEMUM","241691"
"MEMUU","NaN"
"MEMU3","62983"
"MEMUI","241692"
"MEMUL2","NaN"
"MEMUM2","181796"
"MENI2","78004"
"MENIN","241694"
"MENU","165323"
"MENUN","241695"
"MENUS","241696"
"MEOB3","78005"
"MEOL","165324"
"MEOR3","78006"
"MEPA4","165325"
"MEPA5","165326"
"MEPE4","58198"
"MEPE6","165327"
"MEPO2","78007"
"MEPT","78008"
"MEPU3","148946"
"MEPUL","241697"
"MEPUP","241698"
"MERE","78011"
"MERE2","165328"
"MERU","165330"
"MESA2","165331"
"MESH","165332"
"MESI","63085"
"MESP4","165333"
"MESP5","165334"
"MEST3","165335"
"METE","165336"
"METI","165338"
"METO2","78012"
"METOA","241699"
"METOT","241700"
"METR2","78013"
"METR4","78014"
"MEVE5","78015"
"METR3","78016"
"MEFE","48584"
"MEPI2","165339"
"MEAE","165340"
"MECI5","165341"
"MEDI2","83055"
"MEPE13","489772"
"MEQU2","82992"
"MEUM","62945"
"MEME12","806863"
"MEAL7","165342"
"MEAR6","84725"
"MEBE","78017"
"MEBR","165343"
"MECA6","165344"
"MECI3","78018"
"MECIC2","1375437"
"MECIS","81103"
"MEDR","165345"
"MEFR2","148023"
"MEHU2","165347"
"MELA3","165348"
"MELAB","241702"
"MELAC","241703"
"MELAL2","241704"
"MELAS2","241705"
"MELO4","62585"
"MEMA2","165349"
"MEMA3","165350"
"MEMAA2","241706"
"MEMAM","241707"
"MEOB","78020"
"MEPA","146900"
"MEPAA","241708"
"MEPAB","241709"
"MEPAE","241710"
"MEPAP","241711"
"MEPL","165351"
"MEPLP","241712"
"MEPLS","241713"
"MEUM2","165352"
"MEVI3","59771"
"MESE11","1123193"
"MELU3","279420"
"MESA13","165353"
"MECA10","165354"
"MEME8","69909"
"METO3","69975"
"MEPO5","60447"
"MEPOD","241714"
"MEPOG","241715"
"MEPOI2","241716"
"MEPOM","241717"
"MEPON","241718"
"MEPOP2","241719"
"MEPOP3","241720"
"MEPOP4","241721"
"MERU2","165358"
"METR5","165359"
"MEWA","165360"
"MEWAF","241722"
"MEWAW","241723"
"MEAM4","141361"
"MECO19","56451"
"MECOC2","NaN"
"MECR10","165362"
"MEFU4","165363"
"MEFUS","241725"
"MEFUU","241726"
"MELE7","165364"
"MELEL","NaN"
"MELEP","NaN"
"MEMY","165365"
"METE11","165366"
"MEUN3","165367"
"MEFI","165368"
"MIAF","285565"
"MIFO","1071582"
"MIIM","278144"
"MILA8","285584"
"MILA10","1225606"
"MIMI3","285592"
"MIPA7","1225607"
"MIPR3","278156"
"MIPU9","285596"
"MIPY2","1079935"
"MIRA2","1064764"
"MIRU4","956556"
"MISE2","285601"
"MISI2","1030363"
"MISP6","285604"
"MISU3","NaN"
"MITE4","1166648"
"MITE5","1225612"
"MITH4","914520"
"MITH","1079939"
"MIGL6","165370"
"MIMI6","165371"
"MIUM","165372"
"MIKU","165373"
"MIHE2","137309"
"MILY","282565"
"MIPI4","137317"
"MIAD","NaN"
"MIMA11","165374"
"MISP2","165376"
"MIST4","403939"
"MIMI23","369913"
"MIAU6","165377"
"MIME7","165378"
"MISY4","129619"
"MITE10","165379"
"MIWR2","165380"
"MIDR2","939539"
"MIGA","440633"
"MIGU2","496237"
"MIAM3","78034"
"MICA","56975"
"MICAC2","58030"
"MICAS","81107"
"MIAC","60142"
"MIBI","60977"
"MIBO","78035"
"MICA2","58031"
"MIDE","1257055"
"MIDO","56976"
"MIDOD","58843"
"MIDOP","80014"
"MIDOT","60143"
"MIEL","58032"
"MIHE","288857"
"MIHO2","165381"
"MILA","64236"
"MILAD","80015"
"MILAL","80016"
"MILAL2","80017"
"MILAS","80018"
"MILI5","165382"
"MINU","78036"
"MIPA","60976"
"MISY","78037"
"MIPU19","153890"
"MISP3","165383"
"MIGL13","774357"
"MIGR","61210"
"MIGRG4","61212"
"MIGRH","61211"
"MIDE7","853722"
"MIPO","853729"
"MIRU6","165384"
"MIMA10","165385"
"MIMI21","165386"
"MIMIE","241727"
"MIMIM2","241728"
"MITE11","165387"
"MICO8","1003880"
"MICO9","131169"
"MIFR4","348459"
"MIMI5","165389"
"MIOD","1004403"
"MIPA9","348460"
"MIPO3","348461"
"MISC","119145"
"MIST6","348462"
"MIEF","165390"
"MIEFC","452029"
"MIBI2","146589"
"MIPI5","165392"
"MIAC3","793542"
"MIACB","494743"
"MIAS3","165393"
"MIBO2","165394"
"MICA9","208815"
"MICE","348463"
"MIDI12","208816"
"MIDIL","915032"
"MIDY","165395"
"MIEM","165396"
"MIGR2","165397"
"MIHY2","354908"
"MILA15","287669"
"MIMA","165399"
"MIMI22","84005"
"MINU6","127390"
"MIPE2","708811"
"MIPU8","793523"
"MIPUP2","241729"
"MIQU2","1667223"
"MIQUF","241732"
"MIQUL2","905822"
"MIQUN","241735"
"MIQUQ","915132"
"MIQUU","1045172"
"MIRO6","1667226"
"MIRU5","941890"
"MIST2","165400"
"MITE6","165401"
"MITU","165402"
"MIAC2","165403"
"MIAL2","131006"
"MIAL3","59632"
"MIAN","59019"
"MIAN2","78038"
"MIAN4","165404"
"MIAR","165405"
"MIBA","165406"
"MIBI4","64556"
"MIBI6","57873"
"MIBIB2","57879"
"MIBIP","241739"
"MIBI7","165407"
"MIBO3","64557"
"MIBR","165408"
"MIBR2","165409"
"MIBR3","78039"
"MIBR4","78040"
"MIBR5","62350"
"MICA3","53154"
"MICL","165410"
"MICL3","133810"
"MICO","133811"
"MICO2","59022"
"MICU7","165411"
"MICU2","78043"
"MIDE2","118573"
"MIDE3","78044"
"MIDE4","165412"
"MIDI","165413"
"MIDO2","54486"
"MIDU","165414"
"MIEA","53153"
"MIEV","78045"
"MIEX","78046"
"MIFI","63771"
"MIFI4","NaN"
"MIFL2","59023"
"MIFR2","59024"
"MIGE","165415"
"MIGL","165416"
"MIGLG","181797"
"MIGLJ","241740"
"MIGLM","241741"
"MIGLO","241742"
"MIGL2","78047"
"MIGR3","78048"
"MIGR4","165417"
"MIGU","48014"
"MIHY","165418"
"MIIN","78049"
"MIJO","78050"
"MIJU","133812"
"MIKE","69986"
"MILA3","59325"
"MILA4","78051"
"MILA9","78052"
"MILA5","78053"
"MILE","63787"
"MILE2","809119"
"MIMO","78054"
"MIMO2","64555"
"MIMO3","61106"
"MIMOL","154145"
"MIMOM","241743"
"MIMOM2","181798"
"MIMOS2","181799"
"MINA","62706"
"MINAJ","81116"
"MINAM2","81117"
"MINAN2","81118"
"MINO","78055"
"MINU2","78056"
"MIOV2","165420"
"MIPA2","78057"
"MIPA3","63773"
"MIPA4","78058"
"MIPI2","67429"
"MIPL2","165421"
"MIPL","165422"
"MIPR","62217"
"MIPRL2","81119"
"MIPRP2","81120"
"MIPU","78059"
"MIPU2","78060"
"MIPU4","78061"
"MIPUP5","241744"
"MIPUP6","241745"
"MIPY","78062"
"MIRA","59027"
"MIRAD2","181529"
"MIRAR","241746"
"MIRI","62399"
"MIRIC","1614367"
"MIRIR","1614368"
"MIRU","78063"
"MIRU2","78064"
"MISH","78065"
"MISP","165423"
"MISU","165424"
"MISU2","78066"
"MITI","78067"
"MITIC","54563"
"MITIT","181800"
"MITO","63772"
"MITR2","78068"
"MITR3","60249"
"MIVI2","51688"
"MIVIC","51690"
"MIVIV","51689"
"MIWA2","133813"
"MIWH2","165426"
"MIWH3","78069"
"MIAR3","165427"
"MIAU3","165428"
"MIBI9","165429"
"MICA7","56997"
"MICA8","165430"
"MICI3","78070"
"MICU3","123739"
"MIDA","165431"
"MIDE8","78071"
"MIDO3","880832"
"MIDR","165432"
"MIEL2","165433"
"MIFI2","165434"
"MIGL5","153482"
"MIGO","165435"
"MIGR7","165436"
"MIHO","78072"
"MIMA3","165438"
"MIMA4","165439"
"MIMA5","165440"
"MIMI2","165441"
"MIMIM","241749"
"MIMIT","241750"
"MIMU6","165442"
"MINU4","78073"
"MINUF","81122"
"MINUG","81123"
"MINUG2","81124"
"MINUN2","237297"
"MIOB2","63136"
"MIPA6","81799"
"MIPU7","78074"
"MIPUD","241751"
"MIPUP","241752"
"MIRO3","63197"
"MIRO4","165443"
"MIRU3","78075"
"MIST9","78076"
"MIST5","78077"
"MITE2","165444"
"MIUN","165445"
"MIYU","165446"
"MIAL4","78078"
"MIAL5","78079"
"MIAU7","278258"
"MICO7","78080"
"MICO15","278259"
"MIDE5","165451"
"MIGI","165457"
"MIGL3","165458"
"MIGL4","165459"
"MIGR6","78081"
"MIHI","165461"
"MILA6","78082"
"MILAC2","181801"
"MILAC4","81126"
"MILAL3","181802"
"MILAR","81127"
"MILAV","81128"
"MILI3","78083"
"MILO2","165463"
"MILOW","316546"
"MIMA2","165464"
"MIME8","278261"
"MIMU","58210"
"MIMUG","81130"
"MIMUM","241759"
"MIMUP","81131"
"MINY","78084"
"MIOX","165466"
"MIPO7","764607"
"MIPU5","165468"
"MIPUP3","241760"
"MIPUP4","241761"
"MIPU6","165469"
"MIRO2","165471"
"MITE","78085"
"MITE13","285773"
"MIRE","83799"
"MIIN2","772278"
"MIBR6","165475"
"MICA5","165476"
"MIDI3","53793"
"MIDI4","165477"
"MINU3","144149"
"MIOV","165478"
"MIPE","117307"
"MIPR2","165479"
"MIST3","165480"
"MISTS2","241762"
"MISTS","241763"
"MITR4","128871"
"MITRT","241764"
"MITRV","241765"
"MIBR7","165481"
"MIHI2","165482"
"MIMA6","739436"
"MIPO2","494252"
"MIPO4","NaN"
"MIEL6","890007"
"MINU8","882806"
"MIPE3","165483"
"MISE3","165484"
"MNLA","774375"
"MNLAL","1059780"
"MNAM","165485"
"MNAR","165486"
"MNBL70","165488"
"MNHO","165489"
"MNMA70","165490"
"MNSP70","165491"
"MNSP2","124391"
"MNST","49385"
"MNTH70","165492"
"MOCA","78087"
"MOLA6","165493"
"MOMA3","61884"
"MOBL","165494"
"MOHI3","1559267"
"MOHO4","1144528"
"MOLA13","1144529"
"MOBR","50163"
"MOCO","50155"
"MOHO2","165496"
"MOSE2","165497"
"MONU2","165502"
"MONUN","NaN"
"MOPE5","427208"
"MOVE","78090"
"MOLI","165504"
"MOME2","244736"
"MOBR2","NaN"
"MOCI","122587"
"MOCIA","237306"
"MOCIC","318220"
"MOCIC2","NaN"
"MOCIP2","NaN"
"MOCL","165505"
"MOCL2","165506"
"MODI","52735"
"MOFI","85320"
"MOFIF","237308"
"MOFIF2","NaN"
"MOFIM2","NaN"
"MOFIM3","NaN"
"MOFIR","NaN"
"MOFIB","NaN"
"MOFR2","165507"
"MOLI2","165508"
"MOMA5","165510"
"MOME","133093"
"MOPE","53000"
"MOPU","118776"
"MOPUI2","237309"
"MOPUP","237310"
"MOPUA","NaN"
"MOPUC3","NaN"
"MOPUC","NaN"
"MOPUI3","NaN"
"MOPUL","NaN"
"MOPUO","NaN"
"MOPUP2","NaN"
"MOPUV","NaN"
"MORU","82532"
"MOST5","165511"
"MOST2","549406"
"MOVI5","165512"
"MOAN","165513"
"MOANA","181530"
"MOANB","181531"
"MOAR","165514"
"MOAU3","78092"
"MOBE5","78093"
"MOBR3","58189"
"MOCA3","78095"
"MOCI2","165515"
"MOCR","165516"
"MODO","61877"
"MODOD2","58929"
"MODOV2","237311"
"MOEP","1097276"
"MOEX","78097"
"MOFO3","78098"
"MOFR3","165517"
"MOGL","62693"
"MOHY","64135"
"MOHYH","80027"
"MOHYL","80029"
"MOLA2","165518"
"MOLAG","241778"
"MOLAL","241779"
"MOLAM","241780"
"MOLE","78099"
"MOLI3","78100"
"MOLIL","80032"
"MOLIO","80033"
"MOLIS","181532"
"MOLIV","237312"
"MOMA","78101"
"MOMAH","80035"
"MOMAM","80036"
"MONA","78103"
"MONAA","237313"
"MONAL","181533"
"MONAN2","181534"
"MONAT","237314"
"MOOD","62678"
"MOODD","237315"
"MOODO","181535"
"MOODP","80038"
"MOPA","78104"
"MOPR","78105"
"MOPU2","61188"
"MORO","78106"
"MOSH","78108"
"MOSI3","1173359"
"MOST3","78110"
"MOUN","61878"
"MOVI2","52181"
"MOVIF3","52183"
"MOVIG","64262"
"MOVIO3","80043"
"MOVIV","52184"
"MOVI3","78114"
"MOVIS4","237317"
"MOVIV2","181536"
"MOUN2","60376"
"MOWR","165519"
"MONU","58130"
"MOPU3","165520"
"MOSP","78115"
"MOCO7","78116"
"MOGR","56186"
"MOLA3","58033"
"MOMA2","56977"
"MOST","58034"
"MOBE","78117"
"MOBE2","78118"
"MOHY3","59986"
"MOUN3","776956"
"MOOD2","62479"
"MORE","1158944"
"MOBO","165523"
"MOCH","48789"
"MODI2","78119"
"MODI3","78120"
"MOFO","58990"
"MOHO","78121"
"MOLI4","78122"
"MOPA2","78123"
"MOPAF","237321"
"MOPAP","237322"
"MOMA6","NaN"
"MOCA6","61039"
"MOCA7","165525"
"MOCE2","119956"
"MOHO3","974780"
"MOIN","165526"
"MOPE6","64544"
"MOGA","322658"
"MOLA12","1144669"
"MOPE2","1144670"
"MORO3","278566"
"MOTR","121020"
"MOAM","286794"
"MOGR2","165530"
"MOSC","292084"
"MOSE","165531"
"MOUT","78124"
"MOMI","165533"
"MORU2","54801"
"MORUR","56092"
"MORUT","56093"
"MODO2","1459953"
"MOHE","1126267"
"MUCA3","78125"
"MUPE2","58289"
"MUGI","165535"
"MUPL2","1144646"
"MUPR","165536"
"MUPRP","241781"
"MUPRU","318275"
"MUSL","165537"
"MUSLS","1052607"
"MUUR","165538"
"MUCU2","1601442"
"MUIN","1599955"
"MUAN","78129"
"MUAP","78130"
"MUAR","165539"
"MUAR2","140120"
"MUAR3","165540"
"MUAR4","78131"
"MUAS","78132"
"MUBR2","165541"
"MUBU","165542"
"MUCA","78133"
"MUCA2","165543"
"MUCR","165544"
"MUCU","165545"
"MUCU3","165546"
"MUDE","165547"
"MUDU","165548"
"MUDU3","165549"
"MUEL2","165550"
"MUEL","165551"
"MUEM","165552"
"MUEX","288060"
"MUFI","165553"
"MUFI2","78134"
"MUFI3","NaN"
"MUFR","78135"
"MUFR2","165554"
"MUGL","355625"
"MUGL2","165556"
"MUGL3","165557"
"MUJO","78136"
"MULI","165559"
"MULO","165560"
"MUME2","78137"
"MUMI","78138"
"MUMI2","78139"
"MUMO","78140"
"MUPA5","165562"
"MUPA2","78141"
"MUPE","165564"
"MUPE3","165565"
"MUPO","165566"
"MUPO2","78142"
"MUPU2","148960"
"MURA","165567"
"MURA4","165568"
"MURE","165569"
"MURE2","165570"
"MURI","78143"
"MURI2","59094"
"MURI3","165571"
"MUSC","78144"
"MUSE","165572"
"MUSI","165573"
"MUSO","165574"
"MUSP4","140121"
"MUST","900072"
"MUSY","165575"
"MUTE","143893"
"MUTE4","165576"
"MUTE2","165577"
"MUTH","165578"
"MUTO","165579"
"MUTO2","165580"
"MUUN","165581"
"MUUT","78145"
"MUVI4","165582"
"MUVIV","241790"
"MUWR","165584"
"MUCL","165585"
"MUCO","78146"
"MUMA2","56627"
"MUTR","78147"
"MUSQ3","78148"
"MURA3","156757"
"MUDI","165591"
"MUDID","241791"
"MUDIH","241792"
"MULI2","165592"
"MUTE3","165593"
"MUVA","165594"
"MYCA","1076877"
"MYAN2","165595"
"MYTA","154337"
"MYSA","165596"
"MYAS2","83057"
"MYLA","78150"
"MYMA","127099"
"MYVE","63920"
"MYAP","78152"
"MYAPB","1621679"
"MYAPM","81133"
"MYCU","78153"
"MYMI2","58306"
"MYNI","165598"
"MYSE2","60235"
"MYCI","132639"
"MYCIC","1081863"
"MYCII","1065158"
"MYDE","1072481"
"MYFA3","NaN"
"MYLE","NaN"
"MYMA4","NaN"
"MYMA5","NaN"
"MYPA","440879"
"MYSP","868791"
"MYFR","165599"
"MYBO","1231071"
"MYFL","84058"
"MYMY","1231070"
"MYGA","82203"
"MYHA","78154"
"MYPU5","165600"
"MYAL3","165601"
"MYFA2","165602"
"MYHE2","165603"
"MYHI","78155"
"MYHU","165604"
"MYLA2","165605"
"MYPI","818718"
"MYQU","818712"
"MYSI","61034"
"MYTE","165607"
"MYUS2","165608"
"MYVE3","78158"
"MYHYI","1123208"
"MYFR2","281728"
"MYAL4","165609"
"MYCO2","133667"
"MYCU2","131599"
"MYDE2","165610"
"MYDE3","165611"
"MYEM","165612"
"MYFE","165613"
"MYFO","165614"
"MYHE3","165615"
"MYJU","165616"
"MYKA","165617"
"MYKN","165618"
"MYLA3","165619"
"MYLE2","122527"
"MYLI","165620"
"MYME2","165621"
"MYPA7","1144697"
"MYPE3","165622"
"MYPU2","165623"
"MYPU3","165624"
"MYSA2","125199"
"MYVA","165625"
"MYWA","165626"
"MYJU70","165627"
"MYSI2","165628"
"MYTE3","165629"
"MYMA7","165630"
"NAFI2","165631"
"NAFL","1646522"
"NAGR","78161"
"NAGU","78163"
"NAGUF2","237360"
"NAGUG","318269"
"NAGUM2","237361"
"NAGUO2","237362"
"NAMA","78164"
"NAAR","78165"
"NAARA","1319364"
"NAARC2","81134"
"NAARM","81135"
"NACA3","58175"
"NACA","165635"
"NADE","59671"
"NADEC","59674"
"NADED","59672"
"NADE2","78166"
"NADED2","81136"
"NADEP","81137"
"NADE3","78167"
"NADI","78168"
"NAHA","165636"
"NAHI","78169"
"NAJA","165637"
"NALO","152986"
"NAPA","165638"
"NAPU","78170"
"NARE","165639"
"NARO","78171"
"NASA","165640"
"NAST","78172"
"NAST2","165641"
"NATO","165642"
"NAUN","165643"
"NAXY","165644"
"NADI2","165645"
"NABR4","165646"
"NACO5","165647"
"NAGE","165648"
"NAGEB","241794"
"NAGEG","241795"
"NAIN5","165649"
"NAJA4","165650"
"NALE4","165651"
"NASC2","165652"
"NASCB","237363"
"NASCS","237364"
"NAAM","62261"
"NACA2","51877"
"NAIN3","127057"
"NACE","165654"
"NALE2","165656"
"NALE3","165657"
"NAPU4","165659"
"NATE3","165660"
"NAVI4","165661"
"NAST4","NaN"
"NAFL2","359693"
"NAGA","78173"
"NAAT","58251"
"NABR","78175"
"NACA6","78176"
"NACO","60224"
"NADI3","52941"
"NADID","80045"
"NADIV","80046"
"NAER","78177"
"NAFI","78178"
"NAFO","78179"
"NAFU","843635"
"NAHA2","58968"
"NAHAH","80047"
"NAHAL","58977"
"NAHAP","80048"
"NAHE","78181"
"NAHE2","57209"
"NAIN2","60225"
"NAINI","80049"
"NAINP3","80050"
"NAJA2","153352"
"NAJE","78182"
"NALE5","78183"
"NALEB2","80051"
"NALEL2","80052"
"NALE","60227"
"NALEB","69965"
"NALEL","80053"
"NALEM","80054"
"NALEP","80055"
"NALEP2","80056"
"NAME","58975"
"NAMY","78185"
"NAMYD","80057"
"NAMYM","80058"
"NANI","78186"
"NANIN","1627623"
"NANIR","80060"
"NAPA4","704703"
"NAPA5","704704"
"NAPE","78188"
"NAPR","78189"
"NAPRL","80061"
"NAPRP","80062"
"NAPR2","78190"
"NAPU2","58976"
"NARO2","78191"
"NASA3","165662"
"NASE2","78192"
"NASI2","78193"
"NASIP","861772"
"NASIS","1052220"
"NASQ","53157"
"NASU","78194"
"NATA3","60226"
"NAVI","78195"
"NAVIP","181803"
"NAVIV","181804"
"NAWI","165663"
"NECO8","165664"
"NEDO70","69912"
"NEPE4","132674"
"NEDI2","165665"
"NEUN2","165666"
"NECO","890476"
"NEHI2","277947"
"NEKR","441141"
"NEME3","285208"
"NEPA4","1116064"
"NETU","285214"
"NEFO","165667"
"NEBU","1118356"
"NERE3","156726"
"NEOP","185709"
"NEAR5","1044976"
"NECA4","347373"
"NELU","899054"
"NEDE","78196"
"NEDED","81140"
"NEDEG","81141"
"NECA","78199"
"NEGL","78200"
"NEGLG","241796"
"NEGLO","241797"
"NEGR","58870"
"NEIN","78201"
"NELO","78202"
"NELOB","81142"
"NELOL","81143"
"NEMO","78203"
"NEPI","78205"
"NERA","78206"
"NERI","78207"
"NERU","78208"
"NERUR","241798"
"NERUT","241799"
"NESE","78209"
"NESI","78210"
"NETW","58099"
"NEFL","165668"
"NEGE","165669"
"NENU","165670"
"NETE","143321"
"NETEP2","143317"
"NEAP","165672"
"NEBR","78212"
"NEHE","53158"
"NEKI","165673"
"NEMA","59936"
"NEME","50648"
"NEMEA","50647"
"NEMEI","50649"
"NEMEM","50650"
"NEPA","57353"
"NEPAA","81148"
"NEPAP","58921"
"NEPAQ","81149"
"NEPE","55461"
"NEPH","120550"
"NEPU2","78213"
"NEPUF","81150"
"NEPUG","81151"
"NEPUP2","81152"
"NESP","78214"
"NEAQ2","NaN"
"NEFI","165674"
"NEST2","165675"
"NERE2","NaN"
"NECO5","165676"
"NENI3","165677"
"NELI2","165678"
"NEVO","348464"
"NECO2","60292"
"NEHU2","869168"
"NEMI5","348343"
"NEAV","NaN"
"NECO11","707179"
"NEME7","NaN"
"NEAC3","425736"
"NEBI","165682"
"NECO3","786860"
"NEEX","130866"
"NEEXE","1058168"
"NEEXH","448563"
"NEHI","165684"
"NEOB","369875"
"NERI2","282541"
"NEUN","282542"
"NECR2","340457"
"NEAQ","359841"
"NELU2","128696"
"NEPL","165686"
"NEPR2","866955"
"NEPU3","132679"
"NEPUM","241800"
"NEPUP","241801"
"NEAN","165687"
"NEANA","241802"
"NEAND","241803"
"NEKA2","165688"
"NEME5","165689"
"NEOV","165690"
"NESE2","165691"
"NECA3","165692"
"NELI","165693"
"NEAR3","602508"
"NEPA2","1144531"
"NEPL2","849833"
"NETR4","1144530"
"NELO2","165695"
"NEPO","156710"
"NESA2","130762"
"NEMA5","606732"
"NEST5","78216"
"NEUM","63083"
"NECE","185643"
"NELA","165696"
"NELO3","165697"
"NEBR4","165698"
"NEAL","165699"
"NECL","59989"
"NIED","165702"
"NIOC","78218"
"NIAT","59034"
"NICL","78219"
"NIOB","78220"
"NIOBO","342636"
"NIOBP","703509"
"NIQU","58336"
"NIQUB","241804"
"NIQUQ","241805"
"NIQUW","181805"
"NIRE","165706"
"NIOT","1226558"
"NICR","132176"
"NIPL","165715"
"NISC","165716"
"NIWI","165717"
"NIMO","78222"
"NIOC2","78223"
"NOAR2","359558"
"NOFE3","78224"
"NOFEC","80065"
"NOFEF","359691"
"NOFEG","80066"
"NOFEI","359690"
"NOFES","359689"
"NOPA5","359688"
"NOAR","165718"
"NOAT","165719"
"NOBI","78225"
"NOBR","165720"
"NOCI","78226"
"NOER","165721"
"NOGE","118949"
"NOGR5","165722"
"NOIN","78227"
"NOLI","165723"
"NOMI2","165724"
"NOMI","165725"
"NOPA","78228"
"NOTE","165726"
"NOAL2","78229"
"NOCU","54048"
"NONI","165731"
"NOTR2","78230"
"NOBR2","165732"
"NOLA","165733"
"NOLO","165734"
"NOPE","165735"
"NONE3","78231"
"NOAL","165736"
"NOAS","137310"
"NOCA","78232"
"NOCAC2","181806"
"NOCAL","181807"
"NOCO5","165737"
"NOGR","165738"
"NOGRG","237419"
"NOGRS","237420"
"NOGR2","137312"
"NOLE","165739"
"NONE4","165740"
"NONE","137313"
"NOST","165741"
"NOTR","1104640"
"NODE3","69823"
"NODEA","NaN"
"NODED","81153"
"NODEE","81154"
"NORU","NaN"
"NOBI2","125462"
"NOTE2","165742"
"NOBR3","165743"
"NOOR","165744"
"NOORO","241812"
"NOORP","241813"
"NODI","165745"
"NOHU","165746"
"NOSA","125152"
"NOCU3","165747"
"NULU","57850"
"NULUA","237430"
"NULUO","237431"
"NULUP","237432"
"NULUP2","237433"
"NULUR","237434"
"NULUS","237435"
"NULUU","237436"
"NULUV","57848"
"NUCA","59112"
"NUFL","165748"
"NUTE","78235"
"NYCA","165749"
"NYDA","NaN"
"NYTH","NaN"
"NYAM","274191"
"NYAM2","165750"
"NYAMA","241814"
"NYAMP","NaN"
"NYCO2","278270"
"NYEL","165752"
"NYLE","165754"
"NYME","78236"
"NYOD","51119"
"NYODO","51123"
"NYODT","51124"
"NYRU","840556"
"NYTE","165756"
"NYAQ","165757"
"NYAQ3","NaN"
"NYCO","62368"
"NYIN","165759"
"NYAQ2","165760"
"NYBI","133288"
"NYOG","165761"
"NYSY","54802"
"NYUR2","165762"
"OBPA","1144532"
"OBRO","1144533"
"OBVI","126800"
"OCPY","62810"
"OCCO","165765"
"OCHA","122712"
"OCKA","165767"
"OCKI","165768"
"OCCA5","83257"
"OCBL","NaN"
"OCAC","120181"
"OCNE2","165770"
"OCRE2","126701"
"OCFL","1122323"
"OCFO","1641725"
"OCLE","277965"
"OCMO","1231069"
"OCNE","1103288"
"OCPO","566138"
"OCSP","1228336"
"OCWR","1503320"
"OCAL2","165771"
"ODNI","361830"
"ODDE3","165775"
"ODDED","241816"
"ODDEL","241817"
"ODEL","165776"
"ODGI","165777"
"ODMA","165778"
"ODPR","165779"
"ODSP","165780"
"ODAC","137319"
"ODCH","132700"
"ODCL","545192"
"ODSC","348465"
"ODHA","70411"
"OEGR7","165781"
"OECE","53419"
"OESA","60127"
"OEAC","165784"
"OEAL","165786"
"OEAR","118764"
"OEAR5","556507"
"OEAR4","476084"
"OEBI","62207"
"OEBO","914045"
"OEBR","148949"
"OECA10","82277"
"OECAC2","237511"
"OECAC3","181538"
"OECAM3","237512"
"OECAM4","126447"
"OECAN","237513"
"OECA4","709923"
"OECA2","78238"
"OECAA2","80067"
"OECAC","80068"
"OECAE2","80069"
"OECA3","165787"
"OECA5","1416570"
"OECIP","566792"
"OECL3","165788"
"OECO","708760"
"OECOC","708758"
"OECON2","NaN"
"OECO2","165790"
"OECO3","165791"
"OECU2","78241"
"OECU","165792"
"OEDE2","58222"
"OEDEA","59591"
"OEDEC2","80072"
"OEDED4","80073"
"OEDEH","80074"
"OEDEP","80075"
"OEDE","866442"
"OEDR","165793"
"OEEL","51813"
"OEELH","80076"
"OEELH2","51814"
"OEEN","165794"
"OEFA","165795"
"OEFI2","204369"
"OEFI3","828898"
"OEFL","78242"
"OEFLF","80077"
"OEFLT","237515"
"OEFR","1353892"
"OEFRF","237516"
"OEFRT","NaN"
"OEGA","204370"
"OEGR4","165796"
"OEGR2","165797"
"OEHA6","165798"
"OEHA2","165799"
"OEHE3","165800"
"OEHEH","237518"
"OEHEO","237519"
"OEHE5","355369"
"OEHEG2","787680"
"OEHO2","165801"
"OEHU","133290"
"OEJA","165802"
"OEKU","165803"
"OELA","78243"
"OELA2","165804"
"OELI2","590726"
"OELI","128849"
"OELO","78244"
"OEMA","119117"
"OEMAF","237520"
"OEMAI2","237521"
"OEMAM","237522"
"OEMAO2","237523"
"OEMC","866868"
"OEME","1654972"
"OEMU5","165807"
"OENE","165808"
"OENU2","165809"
"OENU","165810"
"OEOA","118763"
"OEOR","165811"
"OEPA","126663"
"OEPAG","126662"
"OEPAP","126664"
"OEPAR","237524"
"OEPAT","126660"
"OEPA5","165812"
"OEPA2","914074"
"OEPE","142626"
"OEPI2","127700"
"OEPIP","237525"
"OEPIS","127688"
"OEPL","165813"
"OEPR","78245"
"OEPRB","80078"
"OEPRP","80079"
"OEPS2","165814"
"OEPU","78246"
"OERH","165815"
"OERO","78247"
"OESI","914039"
"OESI3","78248"
"OESP","165817"
"OESP2","48625"
"OESU3","78250"
"OESU4","521639"
"OESUN","NaN"
"OESUS","NaN"
"OETE2","165818"
"OETE3","165819"
"OETR","867169"
"OETR2","165820"
"OEVI","78251"
"OEVIS","80081"
"OEVIV","237526"
"OEWO","78252"
"OEXE","NaN"
"OEXY","78254"
"OKHY","165821"
"OLIM","427273"
"OLBI2","804885"
"OLBO","165823"
"OLCO","133304"
"OLST","891784"
"OLUN","133306"
"OLVE","427786"
"OLCA4","165824"
"OLAR","275717"
"OLCE","275676"
"OLLI","78255"
"OLBE","NaN"
"OLKR","566834"
"OLLU","NaN"
"OLAL2","165825"
"OLHO","165826"
"OLNI","165827"
"OLOH","165828"
"OLRI2","165829"
"OLRI","165830"
"OLRIG","241818"
"OLRIH","241819"
"OLRIR","241820"
"OLAL","165831"
"OLFA70","165832"
"OLHE2","165833"
"OLPA2","165834"
"OLTE","78256"
"OLDO","78257"
"OLDOD","81155"
"OLDOI","241821"
"OLLA","165835"
"OMNO","165836"
"OMSU","165837"
"OMSY","165838"
"OMAL","155039"
"ONAL2","531766"
"ONFL","165842"
"ONME","NaN"
"ONRA","165844"
"ONVI4","1640254"
"ONWA70","165846"
"ONSE","82576"
"ONBE","194671"
"ONBEB","194674"
"ONBEH","194673"
"ONBEO","194672"
"ONBES","194670"
"ONDE2","81819"
"ONHE","165850"
"ONVI2","165852"
"OOEN","165853"
"OOFO","165854"
"OOFOF","241822"
"OOFOM","241823"
"OOMU","165855"
"OOWA","165856"
"OPPI","165857"
"OPTU8","348466"
"OPTUT2","1054082"
"OPCA8","78262"
"OPCO","165858"
"OPCR","165859"
"OPCRC","241824"
"OPCRN","241825"
"OPEN","136558"
"OPNU","137231"
"OPPE2","165861"
"OPPO5","282677"
"OPPU3","59889"
"OPRE","275568"
"OPVU","61419"
"OPPA4","1064531"
"OPCO2","165864"
"OPHI","165865"
"OPHIH","237557"
"OPHII","412912"
"OPHIS","237558"
"OPMI","950662"
"OPSP4","348467"
"OPHO","83914"
"OPCO13","NaN"
"OPCU","165878"
"OPCU2","NaN"
"OPDE","NaN"
"OPOC2","NaN"
"OPRO","NaN"
"OPSP7","975067"
"OPVA4","543630"
"OPWO5","1071707"
"OPAC2","47897"
"OPAM","441407"
"OPAT","47900"
"OPAU2","165869"
"OPAU7","165870"
"OPAU3","441411"
"OPBA2","57872"
"OPBAB2","81156"
"OPBAB","81157"
"OPBAL","241831"
"OPBAT","81158"
"OPBO","NaN"
"OPCA7","343573"
"OPCH3","165873"
"OPCH2","165874"
"OPCH","78263"
"OPCY","809144"
"OPDI3","274370"
"OPED","NaN"
"OPEL3","480368"
"OPEN3","1492999"
"OPENC","241834"
"OPENE","318154"
"OPENF","241835"
"OPENF2","241836"
"OPENL","318141"
"OPENL2","47899"
"OPFR","62474"
"OPGO","165885"
"OPHU","1412358"
"OPLA2","864874"
"OPLI3","78266"
"OPLIA","241852"
"OPLIL3","241853"
"OPLIP","241854"
"OPMA8","47895"
"OPMAM","241856"
"OPMAM2","241857"
"OPMA2","165891"
"OPMAM3","1474982"
"OPMAP","318142"
"OPMA3","165892"
"OPOR","47896"
"OPPH","1441697"
"OPPI3","165898"
"OPPO","78269"
"OPPOA","840321"
"OPPOE","81159"
"OPPOH","81160"
"OPPON","548374"
"OPPOP","241866"
"OPPU2","145484"
"OPRE2","441427"
"OPRU3","165900"
"OPSA3","441429"
"OPSA","165901"
"OPST2","1441676"
"OPST3","165904"
"OPTE2","NaN"
"OPTR","165907"
"OPTU3","1113768"
"OPVA3","165908"
"ORLU3","NaN"
"ORMA2","165913"
"ORON","165914"
"ORPE","81835"
"ORPEP2","202492"
"ORPEP","241875"
"ORSI","165915"
"ORST","165916"
"ORVI","165917"
"ORCA","78272"
"ORIN","78273"
"ORPI","78274"
"ORTE","78275"
"ORVI2","78276"
"ORMA7","165918"
"ORFU2","165919"
"ORPA3","165920"
"ORPA8","503089"
"ORCL","78277"
"ORPU5","78278"
"ORVE","78279"
"ORAL4","78280"
"ORALA2","241876"
"ORALA3","81161"
"ORALH","737835"
"OREL4","62196"
"ORPE4","78281"
"ORAL","165921"
"ORALA","237591"
"ORALP","237592"
"ORBA","165922"
"ORHU","165923"
"ORTR","165924"
"ORCA12","1144647"
"ORKR","349480"
"OROP","78285"
"ORBU","793927"
"ORCA2","57829"
"ORCAC2","57832"
"ORCAC","57831"
"ORCAF","57833"
"ORCAG","57834"
"ORCAG2","80084"
"ORCAJ","57151"
"ORCO4","62664"
"ORCO5","62665"
"ORCOC3","237595"
"ORCOM","237596"
"ORFA","898555"
"ORLU","165928"
"ORLUL2","237597"
"ORLUM","237598"
"ORMU3","165929"
"ORPA2","62663"
"ORPAB","80085"
"ORPAP","80086"
"ORPI2","57830"
"ORRI","143761"
"ORUN","57154"
"ORVA","62662"
"ORVAH","80087"
"ORVAV","80088"
"ORVA2","57827"
"ORTH","78286"
"ORFU","78287"
"ORLI","165930"
"ORAQ","51138"
"ORSE","78288"
"ORBA2","165931"
"ORBR","78289"
"ORCU","62695"
"ORCUC","80089"
"ORCUC2","80090"
"ORCUC3","80091"
"ORIM","60483"
"ORLU2","78290"
"ORPA","78291"
"ORPU2","50645"
"ORTE2","165932"
"ORTO","165933"
"ORTOH","237601"
"ORTOT","1054873"
"ORGR5","165934"
"ORPE2","165935"
"ORAC","165936"
"ORCH2","165937"
"ORCHC","241878"
"ORCHC2","241879"
"ORDI2","165938"
"ORIN70","165939"
"ORRU2","165940"
"ORST70","165941"
"ORAF","165942"
"ORAL3","165943"
"ORAN70","165944"
"ORBA7","165945"
"ORBO","123844"
"ORCO10","165946"
"ORCU2","165947"
"ORDI3","165948"
"OREP","165949"
"OREX2","165951"
"ORFE","165952"
"ORFL4","165953"
"ORGY","165954"
"ORHA","165955"
"ORHO3","165956"
"ORKE","165957"
"ORLA4","165959"
"ORLY","67951"
"OROB70","165960"
"OROH","165961"
"ORPA6","165962"
"ORPAC","241880"
"ORPAJ","NaN"
"ORPAP2","241882"
"ORPE3","165963"
"ORPR3","165964"
"ORPU8","165965"
"ORPU9","165966"
"ORPU10","165967"
"ORPY3","165968"
"ORPY4","154167"
"ORRI2","165969"
"ORRU3","165970"
"ORSO2","165972"
"ORSP6","165973"
"ORSPE","241883"
"ORSPS","241884"
"ORST3","165975"
"ORST4","165976"
"ORST5","165977"
"ORST6","165978"
"ORTE4","67900"
"ORNE","78292"
"ORLA3","288124"
"ORAS","129483"
"OSTE","78293"
"OSAM","165981"
"OSAMA","241885"
"OSAMM","241886"
"OSBE","53166"
"OSBR","58793"
"OSCL","130367"
"OSDE","78294"
"OSLO","130368"
"OSME3","165982"
"OSMEB2","237602"
"OSOC","78295"
"OSPU","78296"
"OSOL","776172"
"OSPA","1144600"
"OSTR","1144599"
"OSRU","NaN"
"OSCI","81949"
"OSCIC","143397"
"OSCIG","241887"
"OSCL2","63058"
"OSRE","82303"
"OSRES","200042"
"OSAN","124445"
"OSCH2","343204"
"OSKN","143788"
"OSVI","54771"
"OTRH","430199"
"OUIL","1409583"
"OULI","768701"
"OUST","1383597"
"OXAL","64210"
"OXALA","237608"
"OXALC","64129"
"OXALP","61053"
"OXAL2","165985"
"OXBA","327751"
"OXCA5","165986"
"OXCO","53168"
"OXDE4","165987"
"OXDI","165988"
"OXDI2","84772"
"OXDR","165989"
"OXEG","NaN"
"OXFR","165990"
"OXFRA","237609"
"OXGR","129780"
"OXIL","165992"
"OXIN2","165993"
"OXLA6","61839"
"OXMO","165994"
"OXOR","47757"
"OXPR","81828"
"OXPRC","237610"
"OXPRP","81806"
"OXPRT","237611"
"OXRU2","865031"
"OXST","53183"
"OXSU","78302"
"OXTR","78303"
"OXVI","81796"
"OXLA4","332779"
"OXLA5","948715"
"OXCU2","165996"
"OXAR","901800"
"OXIN8","165998"
"OXCO4","83151"
"OXCA2","166000"
"OXFE","166001"
"OXFI","166002"
"OXGR5","166003"
"OXOC","78304"
"OXRI","166004"
"OXTE","131647"
"OXDI3","67591"
"OXSP4","166006"
"OXTE5","67902"
"OXLU","78305"
"OXAC4","335515"
"OXCA3","166007"
"OXDE","78306"
"OXEM","166008"
"OXPA","166009"
"OXPAA","241890"
"OXPAC","241891"
"OXPAG","241892"
"OXPAP","241893"
"OXPE2","78307"
"OXTR2","166010"
"OXWA","78308"
"OXAR2","166011"
"OXARA","241894"
"OXARB","241895"
"OXARK","241897"
"OXAR6","NaN"
"OXBE5","1362461"
"OXBE2","166012"
"OXBEA","241899"
"OXBEB","241900"
"OXBEF","241901"
"OXBEO","241902"
"OXBES","241903"
"OXBEV","241904"
"OXBO","78309"
"OXBOA","81162"
"OXBOB","241905"
"OXBOS","241907"
"OXBOV","81163"
"OXCA4","154238"
"OXCAC","548454"
"OXCAC2","241909"
"OXCAC3","1124257"
"OXCAD2","241911"
"OXCAD","241912"
"OXCAJ","241913"
"OXCAJ3","154242"
"OXCAM2","241914"
"OXCAR3","154243"
"OXCAS3","241915"
"OXCAV","1028633"
"OXCAW","241916"
"OXCZ","82239"
"OXDE2","78310"
"OXDEF","241917"
"OXDEP2","241918"
"OXDES","81164"
"OXHU","166013"
"OXKO","166014"
"OXKO2","166015"
"OXLA2","166016"
"OXLAA","241919"
"OXLAC","241920"
"OXLAL","241921"
"OXLA3","138674"
"OXLAA2","241922"
"OXLAB","148918"
"OXLAL2","241923"
"OXMA2","166017"
"OXME2","166018"
"OXMO2","166019"
"OXMU","166020"
"OXNA","166021"
"OXNI","82238"
"OXNIL","241924"
"OXNIN2","241925"
"OXOR2","78311"
"OXORJ2","241927"
"OXORJ","241928"
"OXORO","81165"
"OXPA2","78312"
"OXPO","166022"
"OXSC","166024"
"OXSE","166025"
"OXSES","241929"
"OXSES2","241930"
"OXSP","774200"
"PASC14","166026"
"PALE","1144707"
"PAPR7","50316"
"PAAN6","67825"
"PAAN7","116328"
"PAAU3","116329"
"PABE7","78315"
"PABO6","78316"
"PABOB","81166"
"PABOH","241931"
"PABR11","56983"
"PACA15","78317"
"PACA34","166027"
"PACA35","166028"
"PACL10","78318"
"PACO53","166029"
"PACR5","166030"
"PACY8","877064"
"PACY9","166032"
"PADE22","166033"
"PADI11","166034"
"PADID3","241932"
"PADII4","241933"
"PADIP2","241934"
"PAEU5","78319"
"PAEUE","81167"
"PAEUL","81168"
"PAFE4","166035"
"PAFL15","166036"
"PAFR6","166037"
"PAGA5","78320"
"PAGL17","54921"
"PAGR9","61876"
"PAHA16","166038"
"PAHE11","78321"
"PAHY5","166039"
"PAIN11","78322"
"PAIN4","1065782"
"PAIO4","78323"
"PALA41","78324"
"PAMA35","78325"
"PAMA36","818665"
"PAMA2","NaN"
"PAMI25","355626"
"PAMI26","166042"
"PAMO18","166043"
"PAMU11","78326"
"PANE7","166044"
"PANEM2","241935"
"PANEM","241936"
"PANEN","241937"
"PANET2","241938"
"PAOB6","127891"
"PAOG","166045"
"PAPA19","78327"
"PAPA20","127945"
"PAPL12","166046"
"PAPO12","166047"
"PAPS5","78328"
"PAPSF","241941"
"PAPSP2","81169"
"PAPSS","241942"
"PAQU7","166048"
"PAQU8","166049"
"PASA12","166050"
"PASC19","155015"
"PASE16","516216"
"PASP18","166051"
"PAST10","78329"
"PASU40","78330"
"PATA5","135213"
"PATO4","166053"
"PATR7","166054"
"PAWE4","78331"
"PABR","78332"
"PACA2","58223"
"PAAR8","78333"
"PAARA2","81172"
"PAARG","81173"
"PACA3","120483"
"PAFE","127520"
"PAHO","166056"
"PAHOH","241943"
"PAHOM","241944"
"PAIN8","166057"
"PARE","166058"
"PARI","166059"
"PARO","166060"
"PAROM","241945"
"PAROR","241946"
"PASP","122588"
"PATE","166061"
"PATEA","241947"
"PATET","241948"
"PALE19","166062"
"PAAL9","951600"
"PACR3","286239"
"PACR18","486655"
"PAGU","202319"
"PAGUB","NaN"
"PALY3","56455"
"PASQ70","166063"
"PACO47","166064"
"PADE17","166065"
"PAQU","116333"
"PATR2","123049"
"PAAI","NaN"
"PADU3","84150"
"PAKA2","1144541"
"PALO2","1064529"
"PAMA32","NaN"
"PAPA38","1144540"
"PAPE","NaN"
"PATE2","70026"
"PAAB","166066"
"PAAL30","181654"
"PAALA","1602790"
"PAALL2","181655"
"PAALM2","1602791"
"PAAM2","166067"
"PAAMA2","241949"
"PAAMA3","241950"
"PAAN","166068"
"PABE","166069"
"PABR2","166072"
"PABU","166073"
"PACA6","768449"
"PACA8","166074"
"PADI","78338"
"PADIB","241953"
"PADID","80094"
"PADIP","241954"
"PADI7","166076"
"PAEL","279538"
"PAFA2","166077"
"PAFAC","1604248"
"PAFAF2","1604247"
"PAFAL","1604246"
"PAFL2","129621"
"PAGA","1280802"
"PAGH","166079"
"PAHA","166080"
"PAHAF","241958"
"PAHAH","241959"
"PAHA2","122593"
"PAHE2","166081"
"PAHI3","60293"
"PAHI4","166082"
"PAHI5","78339"
"PAHIH","1628813"
"PAHIS","NaN"
"PAHIV","315506"
"PAKO","166083"
"PALA","166084"
"PALA8","288134"
"PALI10","166085"
"PALO19","166086"
"PALU","427323"
"PAMO17","166087"
"PANE","166089"
"PANI","166090"
"PAOB","166091"
"PAPA6","1144572"
"PAPA4","288203"
"PAPE3","166092"
"PAPH","166093"
"PARA7","166095"
"PARI4","78342"
"PARIC","241960"
"PARIE2","241962"
"PARIP","241963"
"PARIR","80097"
"PASC2","NaN"
"PAST","279656"
"PAST2","NaN"
"PATE3","166099"
"PATE6","166100"
"PATO","166101"
"PATR3","279673"
"PATR4","166102"
"PAUR","78343"
"PAVE2","166103"
"PAVI2","125727"
"PAVIS","241964"
"PAVIV","241965"
"PAXE","166104"
"PAMA37","226893"
"PAAL5","166105"
"PAAL8","136572"
"PACA9","58958"
"PAGO4","166109"
"PALA9","166111"
"PAMA5","166112"
"PAMAD2","237622"
"PAMAM","1500445"
"PAMC","166113"
"PANU3","52503"
"PANUA","237624"
"PAPY","166115"
"PARA11","166116"
"PARAA","237625"
"PARAK","237626"
"PARAP5","607142"
"PARAR","237627"
"PAWA","166117"
"PANI7","166118"
"PABI2","166119"
"PAPA7","279605"
"PAVA2","166120"
"PAEL6","NaN"
"PAMO21","NaN"
"PARE18","156666"
"PAEN8","166121"
"PALO15","166122"
"PAPA10","857699"
"PAAU14","862124"
"PACR2","1066145"
"PAFL3","166124"
"PAHE5","58338"
"PAHEC","59038"
"PAHEH","81178"
"PAPE5","78348"
"PAPR6","133330"
"PACA10","166125"
"PAPA2","441674"
"PAAC3","844717"
"PAFL6","63603"
"PAMI5","78349"
"PATE10","1305194"
"PATEM","1396502"
"PATET2","1396503"
"PAAS2","128774"
"PACA18","166127"
"PACA13","155001"
"PACI2","78350"
"PAFI3","78351"
"PAFIF","241970"
"PAFIH","241971"
"PAFII","241972"
"PAGL3","118761"
"PAGR","166128"
"PAKO3","144150"
"PAPA8","78352"
"PAPAM2","181810"
"PAPAP","241973"
"PAPAP2","241974"
"PAPAT","241975"
"PAAH","78354"
"PAAM3","166129"
"PAAMA","237663"
"PAAMP","237664"
"PAAR4","166130"
"PABA3","166131"
"PABAB","237665"
"PABAR","237666"
"PACA11","136368"
"PACH6","166132"
"PACHC","237667"
"PACHM","237668"
"PACO16","166133"
"PADE4","166134"
"PADR","166135"
"PAER2","166136"
"PAERC","241976"
"PAERE","241977"
"PAFA3","166137"
"PAFAF","241978"
"PAFAN","241979"
"PAFAP","241980"
"PAHE6","166138"
"PAJA","166139"
"PAJO2","166140"
"PALI5","166141"
"PALIL2","241981"
"PALIL","241982"
"PALU5","166142"
"PAMA7","166143"
"PAMO7","166144"
"PAMO8","166145"
"PAPA16","166146"
"PAPU2","166147"
"PARU2","166148"
"PARUI","241983"
"PARUR","241984"
"PASE","148318"
"PASE2","166149"
"PASEL2","241985"
"PASES3","241986"
"PAVI4","153490"
"PAWI3","166150"
"PAAR7","166151"
"PANA7","166152"
"PANU5","166153"
"PAFI4","166154"
"PAMO2","166155"
"PAAL6","83898"
"PAAR5","166156"
"PAAU7","83899"
"PACO11","166157"
"PAHI8","166158"
"PAIN2","120517"
"PAIN3","83893"
"PAINI","127019"
"PAINM","241991"
"PALI6","166159"
"PATE12","166160"
"PAHE4","166161"
"PAQU2","50278"
"PAVI5","50282"
"PASM","156649"
"PACH16","279510"
"PAGE2","166163"
"PAGEG","241992"
"PAGEP","241993"
"PAAC4","166165"
"PAAR6","279484"
"PABA10","NaN"
"PABI3","166167"
"PABL","166168"
"PABO3","166169"
"PACA12","166170"
"PACL4","140051"
"PACO14","166171"
"PADE7","288041"
"PADE6","140052"
"PADE24","200057"
"PADI15","1341180"
"PADI5","166174"
"PADI6","60297"
"PAFI5","166175"
"PAFL4","166176"
"PAFL5","127161"
"PAHA3","166177"
"PALA10","166180"
"PALA11","166181"
"PALA12","166182"
"PAMA16","883909"
"PAMI3","288168"
"PAMI4","166185"
"PAMO3","1225790"
"PAMO4","166186"
"PANO2","166188"
"PANON","241996"
"PAOR4","166189"
"PAPA11","166190"
"PAPA12","1557388"
"PAPA13","NaN"
"PAPL2","140055"
"PAPL3","166191"
"PAPR4","166192"
"PAPU5","130902"
"PARU","1341184"
"PASE3","279642"
"PASE5","122592"
"PAUN","166197"
"PAVA","78357"
"PAVI6","166198"
"PAVI7","166199"
"PAWR8","288339"
"PABE10","498759"
"PAAF","166200"
"PAAN5","737796"
"PAAR","528045"
"PABE8","NaN"
"PABI4","348468"
"PABR4","166204"
"PACI7","1581347"
"PACIR","241999"
"PAFI6","166206"
"PAFO2","1581346"
"PAFOF","1055154"
"PAFOG","557152"
"PAFOH","242003"
"PAIN6","51453"
"PALA14","803489"
"PALU2","51450"
"PAMA8","166209"
"PAME2","166210"
"PAMU4","166213"
"PAMU5","348469"
"PAPA14","166214"
"PAPA22","287170"
"PARU3","348470"
"PASE7","348471"
"PASE6","166215"
"PASU3","129327"
"PATE9","166217"
"PATU2","348472"
"PARA2","556044"
"PAFU2","278607"
"PAPI4","152139"
"PAFR2","285505"
"PALA13","166219"
"PAPA28","166220"
"PAPA17","285507"
"PASP6","166221"
"PACA","116723"
"PAMY","63893"
"PECA26","327399"
"PECAA2","NaN"
"PECAC","NaN"
"PECO29","275750"
"PEDI8","166222"
"PEPE29","337422"
"PEPL5","166223"
"PEPT2","166224"
"PEPTC","237681"
"PEFL14","NaN"
"PEAN","122601"
"PEANA","122602"
"PEANF","122600"
"PEANT","122599"
"PECA18","905124"
"PECI7","82507"
"PECY","166225"
"PEEL6","281666"
"PEELF","315666"
"PEFI","166226"
"PEFIS","242008"
"PEGL16","166227"
"PEHU4","166228"
"PEIM","166229"
"PELI8","166230"
"PELI14","289028"
"PELI9","166231"
"PELO","166232"
"PEPA2","78362"
"PEPAG","242009"
"PEPAP3","81182"
"PEPR","166233"
"PERU6","166234"
"PETE10","289730"
"PEHE","58060"
"PELI","78363"
"PELIF2","318181"
"PEPE26","58059"
"PEPE33","78364"
"PEPL","78365"
"PEPU","57694"
"PERE","78366"
"PESE","58061"
"PEAN9","166235"
"PEAT","60532"
"PEATA","1638221"
"PEATP3","181812"
"PEBR","78367"
"PEBRA","242010"
"PEBRB","242011"
"PEBRC","242012"
"PEBRF","81183"
"PEBRL","242013"
"PEBRP","242014"
"PEBRP2","242015"
"PEBRS","242016"
"PECA","51227"
"PECAC3","51231"
"PECAF","51230"
"PECA2","166236"
"PECE","68602"
"PECH","166237"
"PECO","78368"
"PECOC2","242017"
"PECOC","242018"
"PECOR","242019"
"PECR","78369"
"PECY5","840080"
"PEDE","49645"
"PEDEA","49644"
"PEDED","49643"
"PEDU","78370"
"PEFL","166239"
"PEFU","166240"
"PEGR2","59780"
"PEHI4","166241"
"PEHO","78371"
"PELA","166242"
"PELAL13","242020"
"PELA14","982824"
"PELA2","154328"
"PELA3","500959"
"PELAA2","500960"
"PELAL5","748679"
"PELA4","166245"
"PEMA","166246"
"PEOE","166247"
"PEOR","NaN"
"PEPA38","118803"
"PEPA3","166248"
"PEPAM4","237686"
"PEPAP4","237687"
"PEPAP5","237688"
"PEPA4","166249"
"PEPAP6","237689"
"PEPAP7","237690"
"PEPR7","166250"
"PEPU10","166251"
"PERA","78372"
"PERAA","181541"
"PERAR","181813"
"PERA6","146989"
"PESE2","62700"
"PESEC","62699"
"PESES","62698"
"PESU","166252"
"PESUA","237691"
"PESUI","237692"
"PESUI2","237693"
"PESUP2","237694"
"PESUS2","237695"
"PEVE","166253"
"PETI","166254"
"PETIA","237696"
"PETIP","NaN"
"PETIP2","NaN"
"PETIS","237697"
"PETIT2","NaN"
"PEIN16","166255"
"PEBR2","166256"
"PEDE17","148031"
"PEKN2","166257"
"PENI5","166258"
"PEPA5","166259"
"PEPE8","166260"
"PESI4","166261"
"PESI","119306"
"PESIM","242023"
"PESIR","242024"
"PESIS","1435062"
"PEWI2","166262"
"PEAR6","166263"
"PEAR7","138676"
"PECA33","78373"
"PECA25","166264"
"PECA24","48672"
"PECU3","166265"
"PECY7","166266"
"PEDI9","166267"
"PEES","166268"
"PEHU6","166269"
"PEHY4","166270"
"PEHYH","242026"
"PEHYS","242027"
"PEHYS2","242028"
"PELA18","166271"
"PELAA","242029"
"PELAL2","242030"
"PELI10","166272"
"PEME7","166273"
"PEMEE","242031"
"PEMEM2","242032"
"PEMER","242033"
"PEME8","166274"
"PEPA","290253"
"PEPA41","166276"
"PEPA39","166277"
"PEPE27","166278"
"PEPI","166279"
"PERE10","166280"
"PERH2","166281"
"PESU5","166282"
"PEVE10","904216"
"PEME","166284"
"PEAD3","166287"
"PEGL17","NaN"
"PEAN2","57231"
"PEAT2","82811"
"PEBR3","78383"
"PEBR4","78384"
"PEBR5","78385"
"PECO11","137233"
"PEGA5","166288"
"PEGL","122083"
"PEGLG","237699"
"PEGLM","237700"
"PEGLO3","237701"
"PEGLS3","237702"
"PEIN","166289"
"PELY3","166290"
"PEMU","57236"
"PEMUC2","81184"
"PEMUM","58765"
"PEOV","166291"
"PETE2","166292"
"PETEA","237703"
"PETET","237704"
"PETEV","237705"
"PETR3","78386"
"PEWR","166294"
"PEAP3","166295"
"PEEN","56458"
"PEENA","NaN"
"PEENE","528878"
"PEEP3","166296"
"PEME14","166297"
"PENE14","56461"
"PENEC","NaN"
"PENEN3","528879"
"PESA7","166298"
"PEVI","78387"
"PEGR24","NaN"
"PEQU7","166299"
"PEAC6","425753"
"PEGR3","166302"
"PEGRG","318157"
"PEGRT","318128"
"PEST11","166303"
"PELO3","166304"
"PEMI7","166305"
"PEAD4","NaN"
"PECR6","NaN"
"PEDU5","NaN"
"PEJO2","NaN"
"PEMI8","319143"
"PEPA10","NaN"
"PEPE32","NaN"
"PEAB","166313"
"PEAB2","166314"
"PEAC3","166315"
"PEAC","166316"
"PEACA","242039"
"PEACL","242040"
"PEAL10","166317"
"PEAL11","166318"
"PEAL2","132602"
"PEAL3","68590"
"PEAL4","166319"
"PEAM","68589"
"PEAMA","242041"
"PEAML2","242042"
"PEAM5","166320"
"PEAN3","78391"
"PEAN4","166321"
"PEANA2","1393726"
"PEANC","242044"
"PEAND","242045"
"PEANV","242046"
"PEANV2","242047"
"PEAR3","166322"
"PEAR","166323"
"PEAR2","166324"
"PEAR4","126797"
"PEAT3","83937"
"PEATA2","242048"
"PEATM2","242049"
"PEATP4","242050"
"PEATP5","242051"
"PEAT4","166325"
"PEAU2","166326"
"PEAU","166327"
"PEAZ","78392"
"PEAZA","81185"
"PEAZA2","81186"
"PEBA","62044"
"PEBA2","166328"
"PEBAB","318174"
"PEBAT","237709"
"PEBAT2","1272262"
"PEBA6","78393"
"PEBA7","166329"
"PEBI2","68549"
"PEBIB2","237711"
"PEBIR","181621"
"PEBR8","166330"
"PEBR9","166331"
"PEBR17","166332"
"PEBU","122595"
"PECA3","78394"
"PECA4","166333"
"PECAC4","242052"
"PECAD2","242053"
"PECAP2","242054"
"PECA5","78395"
"PECA6","78396"
"PECA7","166334"
"PECA8","118760"
"PECA15","166336"
"PECAC5","237712"
"PECAR","237713"
"PECA16","143868"
"PECA9","149011"
"PECA17","166337"
"PECE2","56752"
"PECI2","78397"
"PECL","78398"
"PECLC5","318170"
"PECLC4","81188"
"PECLM2","81189"
"PECL5","166338"
"PECO4","142655"
"PECO5","166339"
"PECO10","166340"
"PECO15","166341"
"PECO6","119121"
"PECO7","68588"
"PECR5","166342"
"PECRA","237714"
"PECRC","237715"
"PECRG","237716"
"PECRP","1275564"
"PECRT2","237718"
"PECU","166343"
"PECY2","85463"
"PECYC2","242055"
"PECYS2","242056"
"PECY3","166344"
"PECY4","149012"
"PECY6","135174"
"PEDA","166345"
"PEDA2","78399"
"PEDAD","81190"
"PEDAM2","242057"
"PEDAP","242058"
"PEDE10","166346"
"PEDE11","166347"
"PEDE22","166348"
"PEDE12","166349"
"PEDE4","68587"
"PEDED2","81191"
"PEDEP","81192"
"PEDES2","81193"
"PEDEV2","242059"
"PEDI","81942"
"PEDI5","166350"
"PEDI6","166351"
"PEDI7","166352"
"PEDI10","166353"
"PEDO3","166354"
"PEDOD2","242060"
"PEDOD","242061"
"PEEA","68537"
"PEEAE2","81194"
"PEEAE","237719"
"PEEAU","81195"
"PEEL4","166355"
"PEEL5","166356"
"PEER","166357"
"PEERA","242062"
"PEERC","242063"
"PEERE","1397556"
"PEERR","242065"
"PEERW","242066"
"PEEU","166358"
"PEFE","166359"
"PEFI2","78400"
"PEFL6","166360"
"PEFL7","166361"
"PEFL3","68586"
"PEFLA2","81196"
"PEFLF","81197"
"PEFL8","48366"
"PEFR9","166362"
"PEFR","166363"
"PEFRF5","1339910"
"PEFRG","242068"
"PEFR2","895629"
"PEFRA","81198"
"PEFRF3","1279363"
"PEFR3","144305"
"PEFRF4","242069"
"PEFRS","242070"
"PEFRS2","242071"
"PEGA","166364"
"PEGAG2","242072"
"PEGAO2","242073"
"PEGI4","166365"
"PEGL3","166366"
"PEGLA","242074"
"PEGLB","242075"
"PEGLG2","1305302"
"PEGL4","166367"
"PEGLC2","242077"
"PEGLG3","242078"
"PEGL10","166368"
"PEGL5","166369"
"PEGO2","166370"
"PEGO","166371"
"PEGR4","78401"
"PEGR5","166372"
"PEGRG3","242079"
"PEGRW2","242080"
"PEGR6","166373"
"PEGR7","153351"
"PEGR20","166374"
"PEGR8","78402"
"PEGRG4","81200"
"PEGRS","81201"
"PEGU","166375"
"PEHA9","166376"
"PEHA10","166377"
"PEHA11","166378"
"PEHA2","166379"
"PEHA12","166380"
"PEHE2","62688"
"PEHEC2","81202"
"PEHEH3","81203"
"PEHES2","81204"
"PEHE3","51861"
"PEHEA","62240"
"PEHEH2","51852"
"PEHEP","81205"
"PEHI","166381"
"PEHU","78403"
"PEHUB","237720"
"PEHUH","81206"
"PEHUO","237721"
"PEID","166382"
"PEIM2","166383"
"PEIN3","78404"
"PEIN9","166384"
"PEJA","166385"
"PEJA2","78405"
"PEKI","166386"
"PEKR3","983310"
"PELA6","78406"
"PELA7","78407"
"PELAL6","81207"
"PELAL","81208"
"PELAS","81209"
"PELA8","129309"
"PELA15","166387"
"PELA9","166388"
"PELAE","237723"
"PELAL7","1397529"
"PELA10","356395"
"PELA17","166389"
"PELE7","68585"
"PELEF","242081"
"PELEK","242082"
"PELEL","242083"
"PELE8","166390"
"PELE2","149013"
"PELEA3","242084"
"PELEL2","242085"
"PELE9","166391"
"PELEH","242086"
"PELEL3","1391080"
"PELEP","242088"
"PELE14","166392"
"PELI2","68583"
"PELIC","237725"
"PELIC2","237726"
"PELIL2","237727"
"PELIM","237728"
"PELIS","237729"
"PELO5","166393"
"PELY2","166394"
"PEMA13","166395"
"PEME2","166396"
"PEME15","166397"
"PEMI3","166398"
"PEMO3","166399"
"PEMOM","237730"
"PEMOP","237731"
"PEMO","78408"
"PEMO4","166400"
"PEMOI2","242089"
"PEMOM2","242090"
"PEMO5","166401"
"PEMU9","126574"
"PEMU2","166402"
"PENA3","166403"
"PENA4","166404"
"PENE6","166405"
"PENE2","78409"
"PENE3","52146"
"PENEB","81210"
"PENEN","52147"
"PENES","81211"
"PENI3","166406"
"PENIN","1517613"
"PENIP2","242092"
"PENU","166407"
"PEOK","166408"
"PEOL","166409"
"PEOP","166410"
"PEOS","166411"
"PEOV2","83938"
"PEPA6","119127"
"PEPAC2","242093"
"PEPAM5","242094"
"PEPAP8","242095"
"PEPA23","78410"
"PEPA7","81941"
"PEPA8","68405"
"PEPAE2","242096"
"PEPAM3","242097"
"PEPAP9","81212"
"PEPA9","78411"
"PEPA24","166412"
"PEPA25","1580869"
"PEPA26","166414"
"PEPA27","68582"
"PEPA29","166415"
"PEPA30","166416"
"PEPE10","166417"
"PEPE25","166418"
"PEPE11","166419"
"PEPE12","166420"
"PEPE3","78413"
"PEPE13","68581"
"PEPI3","141625"
"PEPI4","166421"
"PEPL4","166422"
"PEPR6","117323"
"PEPR2","78414"
"PEPRA2","242098"
"PEPRB2","81213"
"PEPRF2","81214"
"PEPRM2","242099"
"PEPRP","242100"
"PEPRT","153359"
"PEPR3","128205"
"PEPS4","166423"
"PEPS3","166424"
"PEPS","78415"
"PEPSC","1609464"
"PEPSP","1609465"
"PEPU11","166425"
"PEPU12","166426"
"PEPU4","78416"
"PEPU13","166427"
"PERA2","166428"
"PERA8","166429"
"PERA3","78417"
"PERAK","81215"
"PERAR2","81216"
"PERE7","166430"
"PERH6","166431"
"PERI","166432"
"PERIC3","242101"
"PERID3","242102"
"PERIR","242103"
"PERO12","78418"
"PERO10","60511"
"PERU5","166433"
"PERU","78419"
"PERY","78420"
"PERYA","242104"
"PERYO","81217"
"PERYR","242105"
"PESA2","166434"
"PESC2","78421"
"PESC5","1583510"
"PESCA","242106"
"PESCC","242107"
"PESCG","242108"
"PESCS","1523185"
"PESE11","166436"
"PESE12","166437"
"PESE13","166438"
"PESE5","143674"
"PESM","166440"
"PESP2","166441"
"PESP","78422"
"PESP3","78423"
"PESPS2","318173"
"PESPS","81219"
"PEST6","166442"
"PEST","78424"
"PEST9","166443"
"PEST2","166444"
"PESU2","166445"
"PESU6","166446"
"PESU7","166447"
"PESU10","78425"
"PESU8","166448"
"PETE4","67783"
"PETE3","166449"
"PETE9","166450"
"PETH2","68580"
"PETHJ","237733"
"PETHT2","1249931"
"PETH3","68579"
"PETI2","166451"
"PETI3","166452"
"PETR","78426"
"PETR2","166453"
"PETRI","1500738"
"PETRT2","237736"
"PETR6","166454"
"PETU","359177"
"PETUA","NaN"
"PETUT","NaN"
"PETU2","166455"
"PEUI","166456"
"PEUN","166457"
"PEUT","68578"
"PEVE2","78427"
"PEVE9","166458"
"PEVI3","166459"
"PEVI4","143648"
"PEWA8","166460"
"PEWA9","166461"
"PEWA","166462"
"PEWH","118526"
"PEWI","166463"
"PEWR2","166464"
"PEYA2","166465"
"PEAL19","58844"
"PEAU3","78428"
"PEAUA","80099"
"PEAUA3","80100"
"PEBE","56978"
"PEEX4","70385"
"PEEXA","58845"
"PEEXE","58846"
"PEFR6","58035"
"PELY4","78429"
"PEPA40","58766"
"PETR7","1613124"
"PETRM","80101"
"PETRT","58767"
"PETRV","80102"
"PELU3","166467"
"PESE6","133038"
"PEPE14","166468"
"PEAL8","166470"
"PEAL9","166471"
"PEAR14","1123213"
"PEBL","285854"
"PEBLF","413871"
"PECO12","906583"
"PECO13","166473"
"PEDE6","166474"
"PEDI4","278304"
"PEEE","166475"
"PEEL","166476"
"PEEM3","281323"
"PEEX2","166477"
"PEGL7","166478"
"PEGL8","166479"
"PEHE6","278311"
"PEHE7","166480"
"PEHI2","166481"
"PEHU3","123621"
"PEHY3","166482"
"PEKI2","166483"
"PEKO","166484"
"PELA11","166485"
"PELI6","166486"
"PEMA3","166487"
"PEMA4","285867"
"PEMA5","166488"
"PEMA25","510457"
"PEMA7","166489"
"PEMA23","1518650"
"PEME3","NaN"
"PEME5","166490"
"PEMY","750871"
"PEOA","166491"
"PEOB6","166492"
"PEOB2","166493"
"PEPA54","1309451"
"PEPE5","166494"
"PEPO13","1341374"
"PEQU2","285871"
"PERE4","166495"
"PERH","523561"
"PERO3","1483717"
"PERO4","166496"
"PERO5","285872"
"PESA8","166497"
"PESE8","285874"
"PESI3","NaN"
"PESU4","166498"
"PETE7","285875"
"PETE8","166499"
"PEUR","278321"
"PEWH2","490981"
"PEYA","180359"
"PERA4","78430"
"PECA10","78431"
"PEMO13","426393"
"PEAM2","166502"
"PEBA5","78432"
"PEBO2","78433"
"PEBOB","80103"
"PEBOI","80104"
"PECA14","58794"
"PEER3","166503"
"PEGA3","78434"
"PEGAB","80105"
"PEGAG","63880"
"PEHO5","78435"
"PEKE","56838"
"PELE5","78436"
"PELE6","78437"
"PEOR6","78438"
"PEPA21","78439"
"PEPAL","80106"
"PEPAP2","80107"
"PEPR5","57906"
"PEPA57","1144534"
"PEAG","166506"
"PEAJ","166507"
"PEAM11","166508"
"PEAN6","166509"
"PEBI","166510"
"PEBIA","242113"
"PEBIB","242114"
"PEBIS","242115"
"PECE3","166512"
"PECI8","166513"
"PECI9","166514"
"PECO17","166515"
"PECO18","166516"
"PECO19","166517"
"PEDI2","166518"
"PEEM","78445"
"PEFO6","166519"
"PEGI2","166520"
"PEGIG","242116"
"PEGIS","242117"
"PEGR15","166521"
"PEHU5","166522"
"PEIN12","78446"
"PEIN8","78447"
"PELE11","166523"
"PELI3","166524"
"PELIH2","242118"
"PELIL","242119"
"PEME6","78448"
"PEMEM","81223"
"PEMEO","81224"
"PEMI5","166525"
"PEPA12","166526"
"PEQU","166527"
"PERU3","166528"
"PERUA","242122"
"PERUR","242123"
"PESA12","166529"
"PESP5","166530"
"PEST14","166531"
"PEST8","166532"
"PESTH","242124"
"PESTS2","1417554"
"PETE11","166533"
"PEVA","166534"
"PEVI9","78449"
"PEVI10","166535"
"PEWA10","166536"
"PESA3","166537"
"PEBO","131585"
"PEHU2","166538"
"PEKR","1225702"
"PEPA37","166539"
"PEUR2","1116077"
"PELI5","78458"
"PENI","78459"
"PEPA13","166540"
"PETH4","78460"
"PETHG","80108"
"PETHT","80109"
"PERA11","166541"
"PEFR5","55780"
"PEFRF","713494"
"PEFRP","55778"
"PEFRS5","547238"
"PEFRV","962135"
"PESC3","166543"
"PETH5","78461"
"PEDO","166544"
"PEAL7","166545"
"PEPU7","78462"
"PEPUG","237776"
"PEPUP","81225"
"PEAC4","193844"
"PECA12","78463"
"PECAC2","318201"
"PECAE","NaN"
"PECI4","193849"
"PEHE4","193848"
"PESA6","166551"
"PESC4","78467"
"PFGR","NaN"
"PHAD","68637"
"PHAF","58179"
"PHAL9","166552"
"PHAM","78468"
"PHAN","78469"
"PHAR","78470"
"PHAR2","166554"
"PHAR13","166556"
"PHAU","78471"
"PHBA3","166557"
"PHBA","78472"
"PHBE3","123930"
"PHBI","67806"
"PHBI2","166558"
"PHBO","78473"
"PHBO4","166559"
"PHBR","58922"
"PHBR2","68813"
"PHBU5","166560"
"PHCA","53170"
"PHCA2","78474"
"PHCA3","50171"
"PHCAC2","80112"
"PHCAV","80113"
"PHCA15","166561"
"PHCE","166562"
"PHCI","50857"
"PHCIC","81226"
"PHCIH2","58178"
"PHCI2","58180"
"PHCIC2","181816"
"PHCIO","181547"
"PHCL3","1288408"
"PHCL4","166563"
"PHCO","78475"
"PHCO18","78476"
"PHCO2","50858"
"PHCO19","148929"
"PHCO20","78477"
"PHCO3","71152"
"PHCO30","166565"
"PHCR","49345"
"PHCRA2","81227"
"PHCRA","242131"
"PHCRC","210402"
"PHCRC3","81228"
"PHCRM","81229"
"PHCR7","166566"
"PHCR2","58181"
"PHCU","78478"
"PHDA3","78480"
"PHDE","166567"
"PHDED","148933"
"PHDEM","242133"
"PHDE2","166568"
"PHDI","56631"
"PHDI2","51093"
"PHDO","58182"
"PHDOD","181817"
"PHDOP","181548"
"PHDU","166569"
"PHDUD","242134"
"PHDUG","242135"
"PHDUI","242136"
"PHEG","58183"
"PHEI","78481"
"PHEX","78482"
"PHFI","166571"
"PHFI2","128926"
"PHFL","78483"
"PHFO2","166572"
"PHFR","166573"
"PHFR2","58184"
"PHFU5","1099971"
"PHGE2","166574"
"PHGI","166575"
"PHGI3","770948"
"PHGL12","166576"
"PHGL","166577"
"PHGL2","78484"
"PHGL3","166578"
"PHGLD","242137"
"PHGLG4","242138"
"PHGL13","133342"
"PHGR","56754"
"PHGR2","78485"
"PHGR3","78486"
"PHGY","78487"
"PHHA","59982"
"PHHAC2","242139"
"PHHAC3","80114"
"PHHAD","242140"
"PHHAH","80115"
"PHHE2","78488"
"PHHEH","1436603"
"PHHEV","80116"
"PHHI19","1099972"
"PHHI","166579"
"PHHO2","166580"
"PHHU4","78489"
"PHHU5","979535"
"PHHU","78490"
"PHHUD","81230"
"PHHUH","81231"
"PHHY","78491"
"PHID","166581"
"PHIM","53171"
"PHIMI","53172"
"PHIMP","80117"
"PHIN9","166582"
"PHIN10","166583"
"PHIN11","148935"
"PHIN12","166584"
"PHIN13","78492"
"PHINC2","61033"
"PHINI4","81232"
"PHIN","122596"
"PHINI5","242141"
"PHINT","242142"
"PHIN3","78493"
"PHIN4","78494"
"PHIV","78495"
"PHIVI","1361101"
"PHIVP","181549"
"PHIX2","166585"
"PHLA","166586"
"PHLA8","166587"
"PHLE6","166588"
"PHLE","78497"
"PHLE12","166589"
"PHLE2","78498"
"PHLE7","166590"
"PHLI","78499"
"PHLO","78500"
"PHLU","166591"
"PHLUC","242144"
"PHLUL2","242145"
"PHLUM","242146"
"PHLY2","166592"
"PHLY","78501"
"PHMA9","166593"
"PHMA2","58923"
"PHMA10","166594"
"PHMA3","78502"
"PHMI","68303"
"PHMI7","166595"
"PHMO","78503"
"PHMO2","166596"
"PHMO11","78504"
"PHMU","78505"
"PHMU2","78506"
"PHNA","78507"
"PHNE","78508"
"PHNE2","53173"
"PHNEN2","53174"
"PHNEO","80118"
"PHNE3","166597"
"PHNO","78509"
"PHOR","78510"
"PHPA","78511"
"PHPA15","166598"
"PHPA13","166599"
"PHPA2","78512"
"PHPA3","56753"
"PHPA4","166600"
"PHPAA","550434"
"PHPAP2","242147"
"PHPAT","242148"
"PHPE8","166601"
"PHPE","78513"
"PHPE2","78514"
"PHPE3","78515"
"PHPH","51088"
"PHPI8","770954"
"PHPL","78516"
"PHPO","166604"
"PHPR","78517"
"PHPR2","78518"
"PHPU","78519"
"PHPUA","242149"
"PHPUG","81235"
"PHPUP3","1363560"
"PHPUS","242151"
"PHPU2","78520"
"PHPU3","166605"
"PHQU","78521"
"PHRA","78522"
"PHRA9","148936"
"PHRA2","50617"
"PHRAA","181550"
"PHRAE","242152"
"PHRAL","242153"
"PHRAM","242154"
"PHRAR","58924"
"PHRAS2","242155"
"PHRA3","143764"
"PHRA4","58925"
"PHRO","166606"
"PHRO2","78523"
"PHRU2","53181"
"PHSA3","166607"
"PHSA","53182"
"PHSC5","166608"
"PHSCS2","1605702"
"PHSCS3","242157"
"PHSE","78524"
"PHSEC","81236"
"PHSES","237781"
"PHSE5","166609"
"PHSP3","166610"
"PHST6","78525"
"PHST7","78526"
"PHST","166611"
"PHSTC","242158"
"PHSTL","242159"
"PHSTR","242160"
"PHSTS2","242161"
"PHSU","68816"
"PHSUK","68817"
"PHSUS","68815"
"PHTA","58185"
"PHTE","78527"
"PHTH","78528"
"PHUM2","78529"
"PHUT","166612"
"PHVA","78530"
"PHVA2","78531"
"PHVAH","181551"
"PHVAV2","1353563"
"PHVE3","166613"
"PHVI","78532"
"PHWE","166614"
"PHCA38","166615"
"PHHA8","56332"
"PHLA24","327525"
"PHMO14","166617"
"PHPE12","166619"
"PHBO2","78533"
"PHBOB","181820"
"PHBOC3","242165"
"PHAN2","78534"
"PHAR3","891234"
"PHCA4","57192"
"PHCA6","78536"
"PHLE3","60299"
"PHNI12","1466791"
"PHAU2","166621"
"PHUM","166622"
"PHGY2","156612"
"PHLA21","166623"
"PHLA2","140056"
"PHPA6","274181"
"PHCU7","166624"
"PHFL8","166625"
"PHHY2","166626"
"PHVL","166627"
"PHAC","122858"
"PHACA2","242166"
"PHACL","242167"
"PHACT","242168"
"PHAN3","166628"
"PHFI3","78538"
"PHMA17","166630"
"PHPA7","166631"
"PHPE16","290281"
"PHPEG","939250"
"PHPO4","274084"
"PHPO2","138680"
"PHPOP","242169"
"PHPOS","242170"
"PHRI","166632"
"PHSP2","166635"
"PHCO24","122082"
"PHHE11","122081"
"PHAU13","156620"
"PHBR15","156621"
"PHBR16","156619"
"PHCA47","156622"
"PHCA48","338818"
"PHCO47","156618"
"PHHU3","338810"
"PHLO15","338811"
"PHME14","156624"
"PHPA29","338813"
"PHPA31","803412"
"PHRU8","338814"
"PHSE20","506730"
"PHSP10","338816"
"PHTE18","338809"
"PHTH6","338817"
"PHVA8","338815"
"PHGR11","1538824"
"PHMY","1510546"
"PHIN32","166652"
"PHAR12","166639"
"PHAR10","166640"
"PHCA18","891336"
"PHCO25","166643"
"PHCR3","166645"
"PHER","166646"
"PHFL4","166647"
"PHGA","166648"
"PHHI2","166649"
"PHHI3","166650"
"PHIN5","166651"
"PHLE4","62223"
"PHMA7","166653"
"PHMA8","166654"
"PHME4","166655"
"PHMI4","78539"
"PHOR4","166657"
"PHPA11","166658"
"PHPU4","166659"
"PHPUI2","242186"
"PHPUP","242187"
"PHPU15","166660"
"PHPUO","242188"
"PHPUP2","242189"
"PHSE2","166661"
"PHSH","166662"
"PHTE3","166664"
"PHTR3","166665"
"PHWO","166666"
"PHZE","166667"
"PHCO23","348475"
"PHFR6","83923"
"PHGI2","133661"
"PHHE17","120490"
"PHHEH4","1122969"
"PHHEO","788112"
"PHLI3","348477"
"PHMA6","NaN"
"PHCA33","123642"
"PHFO6","133809"
"PHFOA","242190"
"PHFOC","205830"
"PHFOF","242191"
"PHFOP","154115"
"PHGL15","166668"
"PHGR20","166669"
"PHLO14","166670"
"PHMA22","166671"
"PHMU9","166672"
"PHSP7","166673"
"PHUN","166674"
"PHYE","166675"
"PHAL","140057"
"PHCO8","166676"
"PHCOA2","242192"
"PHAU6","127908"
"PHDE3","275752"
"PHPS","166677"
"PHAL2","78540"
"PHGL11","NaN"
"PHRU3","NaN"
"PHAC2","135176"
"PHAD2","78541"
"PHAL8","166682"
"PHALA3","237799"
"PHALD","237800"
"PHAL3","166683"
"PHALA4","237801"
"PHALA5","237802"
"PHALC","237803"
"PHAM6","166684"
"PHAM3","166685"
"PHAMA2","237804"
"PHAML","237805"
"PHAM7","166686"
"PHAN4","166687"
"PHANA","237806"
"PHANP2","237807"
"PHAU3","78542"
"PHAUA3","237808"
"PHAUD","237809"
"PHAUP","237810"
"PHBI3","166688"
"PHBIB","237811"
"PHBIS","237812"
"PHBU","166689"
"PHCA7","78543"
"PHCA19","166690"
"PHCAA","237813"
"PHCAA2","237814"
"PHCAC3","237815"
"PHCAT","237816"
"PHCA14","166691"
"PHCL","166692"
"PHCO10","166693"
"PHCO11","52151"
"PHCO12","166694"
"PHCU2","166695"
"PHDI3","78544"
"PHDID2","237817"
"PHDIL5","237818"
"PHDIS2","237819"
"PHDIS","237820"
"PHDI4","78545"
"PHDI5","81705"
"PHDID3","128515"
"PHDIL6","126419"
"PHDO2","78546"
"PHDR","126177"
"PHDRD","237821"
"PHDRJ","237822"
"PHDRM2","1038647"
"PHDRT","237824"
"PHDRW","237826"
"PHFL5","166696"
"PHGL4","166697"
"PHGLG2","237827"
"PHGLI","237828"
"PHGLT","237829"
"PHGL5","166698"
"PHGLG3","1541652"
"PHGLL","237831"
"PHGL10","166699"
"PHGR10","166700"
"PHGRG2","1394857"
"PHGRT","237833"
"PHHE9","166701"
"PHHI7","78547"
"PHHO","78548"
"PHHOC","80119"
"PHHOG","237834"
"PHHOH","237835"
"PHHOL","237836"
"PHHOM","1618829"
"PHHOV","237838"
"PHID2","166702"
"PHJO","166703"
"PHKE","166704"
"PHKEG","237839"
"PHKEK","1420925"
"PHKES","237841"
"PHLA13","166705"
"PHLO2","166706"
"PHLOB","1410972"
"PHLOL2","181821"
"PHLO5","166707"
"PHMA4","166708"
"PHMAM","237843"
"PHMAP3","237844"
"PHME2","166709"
"PHMI13","166710"
"PHMO6","166711"
"PHMU3","166712"
"PHMUD","237845"
"PHMUM","1550768"
"PHMUP","237847"
"PHNA2","166713"
"PHNI","166714"
"PHNIH","237848"
"PHNIN","237849"
"PHNIT","237850"
"PHOK","166715"
"PHOP2","166716"
"PHPA9","117437"
"PHPE10","166717"
"PHPI","127020"
"PHPID2","237851"
"PHPID","237852"
"PHPIF2","237853"
"PHPIL","237854"
"PHPIO2","237855"
"PHPIP2","318199"
"PHPIP","237857"
"PHPIR","237858"
"PHPIS","237859"
"PHPU16","166718"
"PHPU5","78550"
"PHPU12","166719"
"PHRI4","166720"
"PHRIA","237860"
"PHRIR","237861"
"PHRI5","166721"
"PHRO3","166722"
"PHSI","166723"
"PHSIB","237862"
"PHSO5","856060"
"PHSP","78551"
"PHSPL","237863"
"PHSPL2","237864"
"PHSPN2","237865"
"PHSPO","237866"
"PHSPS","237867"
"PHSPW","237868"
"PHST11","78552"
"PHSTS3","80120"
"PHSTS4","80121"
"PHST3","166724"
"PHSU3","68884"
"PHSUA2","237869"
"PHSUB2","237870"
"PHSUS2","237871"
"PHTE6","129379"
"PHTR","166725"
"PHVA3","166726"
"PHVAN","237872"
"PHVAV","1611150"
"PHVE2","856056"
"PHVI10","148982"
"PHVIC3","237874"
"PHVIL2","181822"
"PHVIV2","237875"
"PHVI3","166727"
"PHGR12","126614"
"PHTE7","166728"
"PHCH","878071"
"PHAR5","78556"
"PHSO","78557"
"PHAU4","55437"
"PHAUA","81240"
"PHAUA2","58926"
"PHME3","57352"
"PHRA5","63919"
"PHAN10","777466"
"PHBA4","904994"
"PHBO3","1609275"
"PHCA8","78559"
"PHCA12","166730"
"PHCO14","354238"
"PHDE14","1609411"
"PHDI9","286623"
"PHHA3","166731"
"PHHE7","281513"
"PHJU","58341"
"PHLE14","49668"
"PHLI4","1286726"
"PHMA18","166732"
"PHMAC","237887"
"PHMAM2","237888"
"PHPA17","362759"
"PHPI2","278755"
"PHQU2","278756"
"PHRA7","849233"
"PHRU","166733"
"PHTE4","278965"
"PHTO2","166734"
"PHTR2","166735"
"PHVI9","343310"
"PHAU7","64237"
"PHAUA6","205873"
"PHAUB2","485480"
"PHKA3","166742"
"PHKA9","1144536"
"PHMI21","558292"
"PHPA33","1144537"
"PHLE5","85490"
"PHIN28","NaN"
"PHCA49","514954"
"PHCU3","166743"
"PHDU4","NaN"
"PHFR11","291574"
"PHLA3","59042"
"PHNO2","59040"
"PHST8","166744"
"PHAR6","867489"
"PHPH9","81808"
"PHAB","131564"
"PHABA","242195"
"PHABR","242196"
"PHCA9","166749"
"PHCAC","181823"
"PHCAS","237914"
"PHDI8","166751"
"PHEP","499870"
"PHER2","166752"
"PHJU2","1127021"
"PHLI13","166754"
"PHLIP2","237915"
"PHNI2","166755"
"PHNIL","544038"
"PHNIN2","1058216"
"PHOR10","205024"
"PHPA32","1144691"
"PHPE7","166756"
"PHPEP2","237917"
"PHPEF2","NaN"
"PHPEP","NaN"
"PHPO3","62355"
"PHPU6","55663"
"PHRU9","1144690"
"PHST5","275337"
"PHIN7","361339"
"PHAL4","166759"
"PHBR4","52131"
"PHCA10","166760"
"PHEM","78560"
"PHGL6","126558"
"PHSC2","78561"
"PHSE11","166761"
"PHTO","78562"
"PHYA","NaN"
"PHAM9","166767"
"PHBR6","166768"
"PHBR7","166769"
"PHEL2","166770"
"PHFL6","166771"
"PHGL7","166772"
"PHGLG","242199"
"PHGLL2","242200"
"PHGR5","166773"
"PHHA15","739437"
"PHHE10","166774"
"PHHI4","166775"
"PHHI5","166776"
"PHHI6","166777"
"PHKA6","166779"
"PHKA8","166780"
"PHKN","166781"
"PHLA9","166782"
"PHMA11","166783"
"PHMA12","166784"
"PHMI22","166785"
"PHMO7","166786"
"PHPA14","166787"
"PHPAG","242201"
"PHPAL","242202"
"PHPAP3","242203"
"PHPI6","166788"
"PHRA6","166789"
"PHRE7","166790"
"PHRO5","166791"
"PHST9","166792"
"PHVA5","166793"
"PHVE8","166794"
"PHVE4","166795"
"PHWA","166796"
"PHWA3","166797"
"PHWA2","166798"
"PHAC6","78564"
"PHAN5","61374"
"PHAN8","132050"
"PHAR14","166800"
"PHCA16","166801"
"PHCA17","166802"
"PHCI4","166803"
"PHCIC3","242204"
"PHCIS","242205"
"PHCO22","166804"
"PHCR4","78565"
"PHCRC4","242206"
"PHCRV","242207"
"PHGR22","166805"
"PHHE4","78566"
"PHHEC","242208"
"PHHEF","81241"
"PHHEH2","181824"
"PHHEP2","81242"
"PHHE5","128768"
"PHHEH3","242209"
"PHHER2","NaN"
"PHHI8","166806"
"PHLA32","166807"
"PHLA10","166808"
"PHLO4","78569"
"PHLOL3","242210"
"PHLOS","242211"
"PHMI14","166809"
"PHMI5","166810"
"PHMO9","166811"
"PHMOM2","242212"
"PHMOV","242213"
"PHPU7","78570"
"PHPUI","81244"
"PHPUP4","242214"
"PHPU8","166812"
"PHSU7","166813"
"PHSUN","242215"
"PHTU3","166814"
"PHVI5","154825"
"PHVIC4","242216"
"PHVIP","242217"
"PHVIT","242218"
"PHVIV3","242219"
"PHVI17","78571"
"PHWA4","131208"
"PHAC4","126482"
"PHACA","242220"
"PHACP","242221"
"PHAL6","166815"
"PHAL10","166816"
"PHBE2","166817"
"PHBR5","166818"
"PHCH2","78572"
"PHCO16","166820"
"PHDI6","166822"
"PHDID","242223"
"PHDIL","242224"
"PHDIL2","242225"
"PHDO4","166823"
"PHEB","166825"
"PHFL3","166827"
"PHFLF2","242226"
"PHFLO2","242227"
"PHGE","166828"
"PHGEG","242228"
"PHGEP","242229"
"PHGR8","166829"
"PHIN19","166831"
"PHINI","242230"
"PHINM","242231"
"PHIV2","468439"
"PHLE10","166832"
"PHLEL","1370449"
"PHLEM","242233"
"PHNE5","166833"
"PHNEN","1364003"
"PHNER","242234"
"PHNEY","242235"
"PHOB","166834"
"PHOR2","166835"
"PHRE9","359586"
"PHRE8","148440"
"PHRE2","166839"
"PHRO4","166840"
"PHSA4","166841"
"PHSAD","242236"
"PHSAS","1404913"
"PHSC","166842"
"PHST14","166843"
"PHVI7","166844"
"PHPA21","789416"
"PHRE4","166846"
"PHCO43","166847"
"PHHO3","166848"
"PHIM6","166849"
"PHPY2","166850"
"PHPY3","154195"
"PHWA6","166851"
"PHAL7","78578"
"PHALA6","237926"
"PHALA7","237927"
"PHALP","237928"
"PHCA11","57249"
"PHMA5","166852"
"PHMO4","149008"
"PHOP","129048"
"PHOPI","129308"
"PHOPO","242240"
"PHAN6","166853"
"PHCO17","166854"
"PHDI7","166855"
"PHGO2","166856"
"PHIN8","128569"
"PHLE13","166857"
"PHLE9","166858"
"PHLO11","166859"
"PHPA10","166860"
"PHPU9","166861"
"PHPU10","128847"
"PHVI8","85313"
"PHVIP2","237929"
"PHVIV","121957"
"PHAM4","48599"
"PHAMA3","81245"
"PHAMR","242241"
"PHIC","78580"
"PHOC","155483"
"PHRI3","276273"
"PHSA2","166863"
"PIAL4","NaN"
"PILU","NaN"
"PIBR","78581"
"PIEN","78582"
"PIENE","873621"
"PIENM2","206815"
"PIGL","117326"
"PIMA","84296"
"PIPU","119092"
"PIRU","121931"
"PISI","68131"
"PIMO5","57071"
"PIMOM","58908"
"PIMOT2","81246"
"PIOP","166864"
"PIWO","166865"
"PIPE","166866"
"PIAN2","960817"
"PIEX","442062"
"PIHI","857529"
"PIHIK","237932"
"PIDE4","166870"
"PIAC","974107"
"PIFL","49705"
"PIPH","228120"
"PIFO","166871"
"PIHE","166872"
"PIIN2","358459"
"PIKR","1226020"
"PILE2","1040284"
"PIMA5","1040283"
"PIMI2","69172"
"PIMU3","1226023"
"PINU","166873"
"PIPA7","291576"
"PIPE5","166874"
"PIPU2","125482"
"PIPUD","242243"
"PIPUP","242244"
"PIRI3","1193423"
"PIRI4","1040286"
"PISA4","1040285"
"PISE2","815835"
"PITE4","1027702"
"PIYU2","1226025"
"PIRI5","126595"
"PIRA3","281769"
"PIPO4","442112"
"PIRO6","201382"
"PITH","56574"
"PIAM","57885"
"PIRA","133685"
"PIRAG","1121138"
"PIRAR","1341366"
"PIIN5","365816"
"PIPA","166881"
"PIRO","121998"
"PIROF","242247"
"PIROR","1523781"
"PIBR6","166882"
"PICA7","166884"
"PIIO","166885"
"PILU2","166886"
"PIMA7","78583"
"PIMAM2","181825"
"PIMAM3","242249"
"PIPL","166887"
"PIPR","166888"
"PIPU4","166889"
"PIVI","166890"
"PIVU","121266"
"PIAT2","563816"
"PIMU2","563817"
"PISO","NaN"
"PIAL","68083"
"PIAR","135774"
"PIAR5","135775"
"PIARA","242250"
"PIARS2","242251"
"PIAT","64047"
"PIBA","78584"
"PIBAA","80127"
"PIBAB","80128"
"PIBA2","58724"
"PICE","57903"
"PICL","126590"
"PICO","48934"
"PICOB","80129"
"PICOC","80130"
"PICOL","242252"
"PICOM","318184"
"PICOY","1126767"
"PICO3","67330"
"PIDI3","166891"
"PIEC2","49396"
"PIED","57902"
"PIEL","69985"
"PIELD","242256"
"PIELE2","242257"
"PIEN2","135780"
"PIFL2","78585"
"PIGL2","135781"
"PIJE","48463"
"PILA","64040"
"PILE","135785"
"PILEC","242258"
"PILO","48414"
"PIMO","57892"
"PIMO3","68084"
"PIMU","54130"
"PIPA2","81901"
"PIPO","48461"
"PIPOB2","127204"
"PIPOB3","322818"
"PIPOP","81248"
"PIPOS","242263"
"PIPOW2","81249"
"PIPU5","135662"
"PIQU","78586"
"PIRA2","53421"
"PIRE5","135663"
"PIRE","52383"
"PIRI","53464"
"PIRI2","NaN"
"PIRI9","NaN"
"PISA2","58772"
"PISE","135664"
"PISE7","NaN"
"PIST3","143791"
"PIST","52391"
"PITA","59921"
"PITO","78587"
"PITOI","793584"
"PITOT","80132"
"PIVI2","49395"
"PICO5","348478"
"PIAD","166894"
"PIAM2","278326"
"PIBE4","347653"
"PIBL","431466"
"PIDI","285884"
"PIFR3","1144560"
"PIGL3","285885"
"PIHI2","292150"
"PIHO2","1144559"
"PIJA","278359"
"PIMA4","285887"
"PIPO3","912444"
"PISW","1291920"
"PICA13","50726"
"PICO8","50727"
"PICO9","50728"
"PIEL2","132362"
"PIELD2","80133"
"PIELE4","61045"
"PIEL4","50729"
"PILE3","50730"
"PIMI6","60877"
"PITR3","50733"
"PIUN3","50734"
"PIYA","50735"
"PICA19","1225097"
"PIEX4","505600"
"PIMI","501738"
"PIPU9","501740"
"PISH2","866915"
"PITE6","54263"
"PIAV","166900"
"PIAV2","166901"
"PIFI","166902"
"PIPR2","166903"
"PIAC6","348479"
"PIAN4","701925"
"PIAL2","166904"
"PIFO2","166905"
"PIKA","166906"
"PIMI9","1144650"
"PIRU2","166907"
"PICY","166908"
"PIPO2","166909"
"PICI","166910"
"PICIC","237946"
"PICIC2","237947"
"PIRA4","852964"
"PIVI4","852975"
"PICA5","62760"
"PIPI3","131579"
"PIAC2","166911"
"PIAL3","1118040"
"PIBR3","124449"
"PICA14","166912"
"PIFL6","166913"
"PIGR6","166914"
"PIRO3","166915"
"PISA5","166916"
"PISU","362365"
"PITA2","1225672"
"PIUM2","166917"
"PIWA2","166918"
"PIME4","284484"
"PIST2","78589"
"PIAN","346372"
"PIANA","NaN"
"PIANS","NaN"
"PIBA5","NaN"
"PIKE","887337"
"PIUN","166922"
"PIMO4","NaN"
"PIAR4","166923"
"PICO4","166924"
"PIFL4","166925"
"PIGA2","166926"
"PIGL4","166927"
"PIHA3","166928"
"PIHA4","166929"
"PIHO","166930"
"PIKA3","166931"
"PINA","166932"
"PITE5","166934"
"PIAS2","166936"
"PIASA","242264"
"PIASA2","242265"
"PIFA","166937"
"PIFL5","166938"
"PIGR4","166939"
"PIGRA","242266"
"PIGRG","242267"
"PIGRL","1021135"
"PIGRT","242269"
"PIGRT2","242270"
"PIOL","166940"
"PIPI4","166941"
"PIRU3","166942"
"PICA9","166943"
"PIAU4","448567"
"PICH","166945"
"PICHG","1002637"
"PICHS","1002568"
"PIEB","275622"
"PISU2","1002649"
"PITR2","166946"
"PLAC","58062"
"PLAR","887002"
"PLAU","78594"
"PLBR","57719"
"PLBRA","242274"
"PLBRB","242275"
"PLCA2","58064"
"PLCAC3","81250"
"PLCAC4","81251"
"PLCH","57709"
"PLCHC","57715"
"PLCHH","81252"
"PLCO13","56176"
"PLCOC","81253"
"PLCOF","58854"
"PLCOG","81254"
"PLCOU","81255"
"PLDI2","78598"
"PLFI","166947"
"PLFIC","237951"
"PLFIF","237952"
"PLFU","64316"
"PLFUC","81256"
"PLGL","57713"
"PLGL4","166948"
"PLGL2","78599"
"PLGLG","81257"
"PLGLM","81258"
"PLGR","57716"
"PLHI6","166949"
"PLHI3","78601"
"PLHU","60152"
"PLHY","57717"
"PLIN","78602"
"PLJO","78603"
"PLKI","78604"
"PLKIH","1399982"
"PLKIK","81260"
"PLLA3","166950"
"PLLE","58065"
"PLLI","78605"
"PLMO","57706"
"PLMOM","81261"
"PLMOV","81262"
"PLMY","51693"
"PLNI2","78606"
"PLNO","56990"
"PLOR","166951"
"PLPA","1135241"
"PLPR3","166952"
"PLRE","57720"
"PLSA3","78608"
"PLSC2","166953"
"PLSCC","242276"
"PLSCH","242277"
"PLSCS","242278"
"PLSC3","78609"
"PLSH","78610"
"PLST","57708"
"PLSTM","57711"
"PLSTS","57710"
"PLST2","57707"
"PLTE","58066"
"PLTE2","57712"
"PLTES","81264"
"PLTET","1670707"
"PLTO","78611"
"PLTOD","81266"
"PLTOT","81268"
"PLTR","57718"
"PLUN","58855"
"PLUN2","78612"
"PLDE70","166954"
"PLZI","166955"
"PLCR4","274840"
"PLCU6","166956"
"PLIN12","166957"
"PLLA11","NaN"
"PLRU7","166958"
"PLWR3","166959"
"PLAC5","166960"
"PLACC","242279"
"PLAR8","166962"
"PLARA","242280"
"PLARI","242281"
"PLARS","242282"
"PLAS5","166963"
"PLAS6","124394"
"PLAU10","504575"
"PLCA18","166965"
"PLCO21","166966"
"PLCO22","166967"
"PLDI5","166968"
"PLDU3","166969"
"PLDUD","242284"
"PLDUI","242285"
"PLEU","NaN"
"PLEUE","NaN"
"PLFL6","166971"
"PLHY8","166972"
"PLIN13","166973"
"PLLU2","166974"
"PLMI8","166975"
"PLMIC","242286"
"PLMIM2","242287"
"PLPO4","1421461"
"PLSA8","166978"
"PLSC8","NaN"
"PLSE6","166980"
"PLSEA","242289"
"PLSES","242290"
"PLSH3","166981"
"PLSHS","237955"
"PLSHY","237956"
"PLSU12","166982"
"PLSUS","242291"
"PLSUS2","242292"
"PLUN6","166983"
"PLUNC","237957"
"PLUNU","237958"
"PLVI3","166984"
"PLVIC","242293"
"PLVIE","242294"
"PLVIV2","242295"
"PLYO","NaN"
"PLYOF","NaN"
"PLCA11","166985"
"PLCI3","166986"
"PLCU4","141535"
"PLDR","166987"
"PLEL2","166988"
"PLIN11","122705"
"PLME4","166989"
"PLMEC","242296"
"PLMEM2","242297"
"PLRO5","154169"
"PLVE","126179"
"PLOE3","505012"
"PLBE","166991"
"PLCA15","1464366"
"PLDE2","166993"
"PLLA8","123563"
"PLLA9","166994"
"PLPI2","166995"
"PLUN4","123586"
"PLCA4","1064535"
"PLOB5","425757"
"PLSA2","461596"
"PLAQ","122113"
"PLAR9","1463796"
"PLAR3","78616"
"PLAU4","166997"
"PLAUH","237967"
"PLBI2","166998"
"PLBIB","237968"
"PLBIC","237969"
"PLCA3","166999"
"PLCO2","167000"
"PLEL","58229"
"PLELE","237970"
"PLELP","237971"
"PLER3","53177"
"PLER","78617"
"PLHA2","167003"
"PLHE","167004"
"PLHE2","167005"
"PLHO","53180"
"PLMA","167006"
"PLMA3","68543"
"PLMAC2","242298"
"PLMAJ","67812"
"PLOV","58230"
"PLPA4","167007"
"PLPA2","78618"
"PLPR","167008"
"PLPRA2","242299"
"PLPRL","242300"
"PLPRL2","242301"
"PLPRP","242302"
"PLPU","78619"
"PLRH","78620"
"PLRU","167010"
"PLRUA","242303"
"PLRUR","242304"
"PLSP","167011"
"PLSU2","60223"
"PLTW","167012"
"PLVI","78622"
"PLWR","167013"
"PLAN","638082"
"PLAP3","NaN"
"PLBI","638081"
"PLCA8","638083"
"PLCH5","638084"
"PLCO23","135201"
"PLES3","NaN"
"PLHO6","638085"
"PLLA13","1263994"
"PLME2","NaN"
"PLOS","NaN"
"PLRE8","NaN"
"PLSH4","167028"
"PLVO","NaN"
"PLAQ2","131230"
"PLAQ4","NaN"
"PLAQ3","NaN"
"PLBL","52499"
"PLBLB","1046979"
"PLBLC","1046978"
"PLBR3","167015"
"PLCH2","146684"
"PLCH3","135200"
"PLCI2","167016"
"PLCL","52500"
"PLCR","167017"
"PLDI3","78623"
"PLDIA","131225"
"PLDID","131224"
"PLDIL","81271"
"PLDI4","NaN"
"PLFL","68598"
"PLFLF","242307"
"PLFLH","242308"
"PLGR6","NaN"
"PLGR2","132322"
"PLGR12","NaN"
"PLHO4","167018"
"PLHO3","167019"
"PLHU2","131222"
"PLHY2","167020"
"PLIN5","167021"
"PLIN6","167022"
"PLLA2","62041"
"PLLE2","167023"
"PLLI3","167025"
"PLMA9","204186"
"PLNI","167026"
"PLOB","131221"
"PLOBO3","131220"
"PLOBO2","341385"
"PLOR4","131218"
"PLPE","118756"
"PLPR4","167027"
"PLPS2","48030"
"PLPU7","501734"
"PLSP2","50738"
"PLSP8","NaN"
"PLSPE","242314"
"PLSPS","242315"
"PLST4","50739"
"PLTE5","52660"
"PLTI","140377"
"PLTIB","242316"
"PLYO2","50740"
"PLZO","167029"
"PLOC","49662"
"PLRA","58231"
"PLWR2","167031"
"PLPA9","289305"
"PLCO6","167033"
"PLCOC2","242317"
"PLCOD","242318"
"PLRE4","167034"
"PLRO2","167035"
"PLSP3","167036"
"PLCO14","167037"
"PLJU2","167038"
"PLMI4","167039"
"PLSU5","167040"
"PLFU2","167041"
"PLRE5","167042"
"PLPR6","167043"
"PLRI4","167044"
"PLLE3","167045"
"PLIN7","148432"
"PLIND","242319"
"PLINI","242320"
"PLINO","242321"
"PLINO2","242322"
"PLCA5","51288"
"PLLI4","58957"
"PLQU","788057"
"PLSA11","NaN"
"PLSP9","281573"
"PLCI","57284"
"PLCIC","57288"
"PLCII","57289"
"PLCO4","57786"
"PLCOB","57787"
"PLCOC3","59253"
"PLCON","59251"
"PLMA4","57287"
"PLMAG","238020"
"PLMAM2","238021"
"PLTE3","167048"
"PLSP7","78626"
"PLIR","425760"
"PLMA6","430195"
"PLAU2","156585"
"PLAU5","167049"
"PLFE","167050"
"PLFO2","167051"
"PLHA3","167052"
"PLHA4","167053"
"PLAS2","167054"
"PLPO","137234"
"PLPOE","242323"
"PLPO2","782079"
"PLPOM","84013"
"PLPOP","84011"
"PLRI","167055"
"PLSQ","327388"
"PLJA","167057"
"PLMU3","167058"
"PLRI3","116706"
"PLFI2","62467"
"PLAC4","127427"
"PLCA16","167059"
"PLME8","NaN"
"PLPA5","167060"
"PLRA3","167061"
"PLSU6","128546"
"PLSU7","167062"
"PLSQ2","129625"
"PLAL8","481844"
"PLPL","78627"
"PLCA6","60300"
"PLCAC7","81272"
"PLCAD","81273"
"PLHO2","78628"
"PLOR3","505601"
"PLRE2","78629"
"PLSA","167063"
"PLAP","NaN"
"PLAR4","NaN"
"PLDO","NaN"
"PLGE","167064"
"PLOB4","NaN"
"PLPR2","703876"
"PLPU4","283865"
"PLRA2","NaN"
"PLRU3","638272"
"PLTR4","NaN"
"PLWI","NaN"
"PLPU6","167065"
"PLRU4","167066"
"PLSC70","130677"
"PLCA7","167067"
"PLCA10","167068"
"PLFO","131170"
"PLFOF","242324"
"PLFOI","242325"
"PLLO2","167070"
"PLOD","60146"
"PLODO","81274"
"PLODS","242326"
"PLRO","167071"
"PLSA5","167072"
"PLSE","78630"
"PLYU","167073"
"PLSC4","167074"
"PLZE","126980"
"PLAL","332822"
"PLOB2","167075"
"PLOBO","1059283"
"PLOBS","242327"
"PNHU","137236"
"PNSA","137237"
"POGA","167089"
"POLI13","NaN"
"PONE18","NaN"
"POAB","78632"
"POABA","1666476"
"POABM","80135"
"POABP","80136"
"POAL2","167076"
"POAL3","128714"
"POAM17","NaN"
"POAR","167077"
"POAR2","167078"
"POARA","238026"
"POARA2","238027"
"POARC5","NaN"
"POARG","238028"
"POARL4","238029"
"POAR23","NaN"
"POAR3","167079"
"POAR21","1528768"
"POAT","78633"
"POAU","167080"
"POBI","1634023"
"POBO","78635"
"POCH10","167082"
"POCH2","167083"
"POCO2","78637"
"POCU2","167085"
"POCU3","78638"
"POCUC4","1614011"
"POCUE2","80140"
"POCUP3","80141"
"POCUP4","80142"
"POCU4","167086"
"PODO","61071"
"POEM","167087"
"POFE","78640"
"POFEA","238033"
"POFEF","80143"
"POFEL","80144"
"POGL","78641"
"POGLG","238034"
"POGLR2","80145"
"POHA4","140058"
"POHAA","238036"
"POHAH","238038"
"POHAH2","NaN"
"POHAV","NaN"
"POHO6","52812"
"POKE4","78643"
"POKE","78644"
"POLA10","167091"
"POLAB","238039"
"POLAF","238040"
"POLA3","167092"
"POLE","167093"
"POLE2","78645"
"POLE3","78646"
"POMA26","78647"
"POMA2","167094"
"POMA5","167096"
"POMA6","167097"
"PONA","78648"
"PONEI2","238043"
"PONE2","154141"
"POOC","167098"
"POPA","167099"
"POPA2","78650"
"POPA26","1046693"
"POPI2","78651"
"POPO9","167100"
"POPRA6","238045"
"POPRC","238046"
"POPR2","78652"
"POPS","167101"
"PORE","167102"
"PORH","78653"
"POSA","167103"
"POSA2","167104"
"POSE","57198"
"POSI6","78654"
"POSI","167105"
"POST11","78655"
"POST","143699"
"POST6","167106"
"POSU10","167107"
"POSY","167108"
"POTE5","78656"
"POTR","167110"
"POUN","61070"
"POUNP","238049"
"POUNU","80148"
"POWH2","78658"
"POWO","167111"
"POEA","167112"
"POMA18","167113"
"PONE4","78659"
"POYU","167114"
"POCO3","135670"
"POPE","49288"
"POCE3","167115"
"POAB2","78660"
"POCL2","78661"
"PODO2","63943"
"PODOD2","63941"
"PODOM5","63942"
"PODOP2","63940"
"POFL17","78662"
"PONU","78663"
"POSE2","57118"
"POZI","167117"
"POBR14","167118"
"POCO34","127042"
"PODE10","167119"
"POPE24","167120"
"POUR3","167121"
"POOP","53039"
"POAN19","167122"
"POAN20","167123"
"POAN21","167124"
"POAT6","167125"
"POBE10","167126"
"POBO7","167127"
"POBOB4","242329"
"POBOS3","242330"
"POBR17","167128"
"POBU7","167129"
"POCA44","167130"
"POCA45","167131"
"POCO35","167132"
"POCR15","167133"
"POCR16","167134"
"PODR2","167135"
"POEL4","167136"
"POELE","242331"
"POELG","242332"
"POER6","167137"
"POFI11","167138"
"POLE17","167139"
"POLO16","167140"
"POLO17","167141"
"POLU6","167142"
"POME13","129596"
"PONU70","154170"
"POOB6","167143"
"POPA28","167144"
"POPR17","167145"
"POSP12","167148"
"POTU5","167149"
"POVE6","167150"
"POWA70","167151"
"POFL20","841206"
"POPA34","844737"
"POPU19","138682"
"PODO3","78664"
"PODOD","238062"
"PODOR","238063"
"PODOT","80149"
"POER","167152"
"POERB","1644044"
"POERE","238065"
"POJA3","167153"
"POTE8","167154"
"POUN3","154001"
"POAC","167155"
"POBO2","167156"
"POBOB2","238066"
"POBOM","238067"
"POBR8","167157"
"POCA3","67525"
"POCA4","78665"
"POCH3","78666"
"POCO26","167158"
"POED","558374"
"POEL3","167160"
"POEL5","542344"
"POEX","48931"
"POFO","84977"
"POFOA2","242333"
"POFOF2","242334"
"POFOF3","242335"
"POFOM3","242336"
"POLO14","167161"
"POMI","62583"
"PONE14","167162"
"POOC2","78667"
"POOCL","238068"
"POOCO","80150"
"POPA20","167163"
"POPAH","238069"
"POPAP","238070"
"POPE14","167164"
"POPU3","78668"
"POPUD3","53159"
"POPUL3","238071"
"POPUP3","81276"
"POPUP2","81275"
"POPUS","751189"
"PORE2","67524"
"PORER","242337"
"POREV","242338"
"POVA5","84971"
"POVI","126220"
"POGL4","167166"
"POIN3","78669"
"POME","NaN"
"PODE","58874"
"POFR","78670"
"POFRB","242340"
"POFRF2","181553"
"POWI","167169"
"POAC2","78671"
"POAL4","167170"
"POAM9","204385"
"POAP7","864636"
"POBA4","167171"
"POBA","167172"
"POBO4","81829"
"POBOB3","242342"
"POBOS","242343"
"POBR2","167173"
"POCA5","61206"
"POCH5","167174"
"POCO4","78672"
"POCOC","81278"
"POCOF","81279"
"POCO5","765784"
"POCR11","167175"
"POCR5","914005"
"POCR","131648"
"POCRA","242344"
"POCRC","242345"
"POCU5","167176"
"POCY","167177"
"POGL5","167178"
"POGL6","167179"
"POGR11","167180"
"POGRA","242346"
"POGRG2","242347"
"POHE6","494251"
"POHE","167181"
"POHE7","78673"
"POHO3","167182"
"POIN4","148277"
"POIN12","78674"
"POLE7","167184"
"POLE8","167185"
"POLI","167186"
"POLIL","242348"
"POLIP","242349"
"POLO7","167187"
"POLU","129197"
"POMA7","167188"
"POMA17","167189"
"POMA8","167190"
"PONA2","167191"
"PONI4","167192"
"PONIG","242350"
"PONIT","242351"
"PONU5","167193"
"PONU2","167194"
"POOB","167195"
"POOV","167196"
"POPA17","167197"
"POPA18","167198"
"POPA5","62265"
"POPE13","NaN"
"POPEP","NaN"
"POPI","167199"
"POPL10","NaN"
"POPO23","717924"
"POPO","167200"
"PORA2","167201"
"PORE8","167202"
"PORI","167203"
"PORIM","242354"
"PORIR","242355"
"PORU5","127283"
"PORU2","167204"
"POSA3","128690"
"POSC2","167205"
"POSE3","167206"
"POSE7","167207"
"POSM3","167208"
"POSU2","78675"
"POVE","167209"
"POVEI","242360"
"POVEV","242362"
"POVI10","126301"
"POWA2","167211"
"POBI2","85327"
"POBIC","542195"
"POBIH","85328"
"POBIM","1536948"
"POBIN","242364"
"POCO6","167212"
"POPU4","127322"
"POAM3","167214"
"POAR4","154563"
"POBA5","167215"
"POCI2","167216"
"POFI4","167217"
"POGR10","167218"
"POMA14","167219"
"POMY2","167220"
"POPA6","167221"
"POPO2","774716"
"PORO6","127329"
"POAC3","167223"
"POAC6","286030"
"POAL11","167224"
"POAM8","61078"
"POAME","60228"
"POAMS","118418"
"POAR6","145719"
"POBE","167228"
"POBI4","78679"
"POBI5","167229"
"POBIP","242367"
"POBI6","85464"
"POBO3","78680"
"POBU2","167232"
"POCA7","78681"
"POCA8","167234"
"POCA9","167235"
"POCA10","167236"
"POCI","167238"
"PODA","143700"
"PODO4","78682"
"PODOA2","238101"
"PODOD4","238102"
"PODOE","238103"
"PODOJ2","238104"
"PODOM2","238105"
"PODON","238106"
"PODOS2","238107"
"POER2","167240"
"POFO2","78683"
"POFOF7","80156"
"POFOH","1060197"
"POGL10","287227"
"POGL7","167242"
"POHE2","167244"
"POHI14","78684"
"POHI3","167245"
"POHY2","167248"
"POKA","774382"
"POLA4","62354"
"POLE6","167249"
"POMA15","61073"
"POME4","167250"
"POMEB","242372"
"POMI2","78686"
"POPA7","60734"
"POPA8","78687"
"POPE2","128619"
"POPH","167254"
"POPO4","78688"
"POPOC","80157"
"POPOE","80158"
"POPOK","80159"
"POPOP3","1626133"
"POPU5","167258"
"POPUC2","242373"
"POPUP4","242374"
"PORA6","167259"
"PORA3","78689"
"PORAP","80160"
"PORAR","80161"
"PORO","167260"
"POSA5","826619"
"POSC3","119963"
"POSCC","242375"
"POSCD","242376"
"POSCS","242377"
"POSE4","167261"
"POSE6","147311"
"POSH","78691"
"POST7","167262"
"POTE2","167263"
"POVI2","127434"
"POVI3","118517"
"POCA11","85383"
"POCO25","167264"
"POJO3","167265"
"POLA8","167266"
"POIN6","NaN"
"POAM7","123832"
"POAP","54409"
"POAT2","NaN"
"POCA12","57216"
"POCA26","52678"
"PODI4","275763"
"PODU7","275758"
"POGL8","55104"
"POHE3","78693"
"POLA9","208310"
"POLO5","137151"
"POPE5","123573"
"POPEP2","242378"
"POPEV","242379"
"POSA19","167267"
"POSC4","64288"
"POSI5","167268"
"POTR8","167269"
"POVI7","54411"
"POEL","167270"
"POIN7","59099"
"POPR4","131588"
"POMA","509307"
"POCO27","167274"
"POFO4","130058"
"POHA8","NaN"
"POPO8","NaN"
"POAC4","54412"
"POACA","242380"
"POACL","242381"
"POAL6","167275"
"POAN2","143678"
"POBO8","359941"
"POBR4","167276"
"POCA27","137152"
"POCA25","63867"
"PODU2","69882"
"POEC","137153"
"POHA","167277"
"POHI7","167278"
"POIM","58763"
"POIMC","58757"
"POIMI","80164"
"POKR","78696"
"POKW","167279"
"POLE5","63216"
"POLO4","78697"
"POMI5","167280"
"POMU","47751"
"POPL3","137155"
"POPO7","360032"
"PORH2","360033"
"POSC5","78698"
"POSE5","167282"
"POAL29","505591"
"PONU4","156540"
"POTE3","167284"
"POAL24","167286"
"POALA2","242382"
"POALF","242383"
"POAP4","167287"
"POCO38","68293"
"POCOC5","242384"
"POCOJ","242385"
"POCOP5","242386"
"POFO6","68290"
"POHY70","167288"
"POJU70","68286"
"POLO18","68289"
"POLY2","154166"
"POOH","167289"
"POPA29","167290"
"POPA30","167291"
"POPI10","67905"
"POSE16","167292"
"POSP13","130084"
"POST70","133206"
"POSW","167293"
"POAU15","289886"
"POBR21","343213"
"POJA5","138683"
"POME16","290166"
"POPA13","365924"
"POCO14","52599"
"POBR9","167294"
"PORA4","133663"
"POVE2","786512"
"POAC5","NaN"
"POBR7","NaN"
"POCA19","326768"
"POHE5","NaN"
"POHI8","NaN"
"POIN23","NaN"
"POJA2","NaN"
"POPA11","NaN"
"PORO4","NaN"
"POSM2","1023462"
"POAN3","52130"
"POBA2","54838"
"POBAB2","238115"
"POBAT","68147"
"PODE3","52119"
"PODED","238116"
"PODEM","238117"
"PODEW","180015"
"POFR2","52120"
"POFRF3","58313"
"POFRM","238118"
"POGR4","54839"
"POHE4","167295"
"POTR5","54840"
"POBO9","68060"
"POCO41","67839"
"POJA4","167298"
"POJAA","238119"
"PONA7","55255"
"POPI14","167299"
"POPL11","118883"
"PORO14","123909"
"POSW2","167301"
"POVE8","167302"
"POVEF2","242388"
"POWA4","355698"
"POGR5","78700"
"POGR6","167303"
"POLE9","280078"
"POPY","167304"
"PORU6","78701"
"PORUM2","566738"
"PORUR","315923"
"POSC6","167305"
"POBI15","67841"
"POVA12","167306"
"POCA15","78702"
"POAU13","369889"
"POCA22","1231100"
"POHA5","78703"
"POLU2","167310"
"POMI22","973839"
"POMO15","167311"
"POOL","1571188"
"POPI3","133294"
"PORU14","167312"
"POSC9","167313"
"POSM","167314"
"POSU3","167315"
"POTE7","1020160"
"POUM","167316"
"POUMC","238127"
"POUMU","238129"
"POVI8","167317"
"POAB6","NaN"
"POAE4","NaN"
"POAR9","NaN"
"POCO29","NaN"
"POFA","NaN"
"POGR27","NaN"
"POHA2","NaN"
"POHA11","NaN"
"POMI3","NaN"
"POMY","NaN"
"PONE11","1656093"
"PONI5","NaN"
"POPR20","NaN"
"PORE7","NaN"
"POSA21","NaN"
"POSC11","NaN"
"POSC8","NaN"
"POSP5","NaN"
"POSP4","NaN"
"POSU11","NaN"
"POSU24","1269704"
"POSU9","NaN"
"POVE4","NaN"
"POAL8","78704"
"POAM5","78705"
"POBI9","167318"
"POCL","167319"
"POCO12","167320"
"PODI","78708"
"POEP2","78709"
"POFL5","167321"
"POFO3","59107"
"POFOF5","80165"
"POFOF4","318270"
"POFR3","167322"
"POGR8","78710"
"POHI4","118757"
"POIL","78711"
"POIN9","NaN"
"PONA4","78712"
"PONO2","59108"
"POOA","167324"
"POOB2","167326"
"POOG","NaN"
"POPE7","167328"
"POPR5","78713"
"POPU6","167329"
"POPU7","78714"
"POPUG4","238130"
"POPUP5","200036"
"POPUT3","238131"
"PORI2","78715"
"PORO2","78716"
"POSP3","167330"
"POST2","167331"
"POSU4","167332"
"POTE4","167333"
"POVA3","167334"
"POZO","78717"
"POAC7","167335"
"POAL9","167336"
"POAM6","167337"
"POAN14","167338"
"POAR7","167339"
"POARA4","238132"
"POARC","238133"
"POBA6","78719"
"POBI7","78720"
"POBI8","167341"
"POBI17","745708"
"POBI10","167342"
"POBR5","167343"
"POCA17","81597"
"POCAC2","242390"
"POCAV","242391"
"POCO13","78723"
"POCOB","242392"
"POCOC3","242393"
"POCOP","81281"
"POCO16","167345"
"POCR4","167347"
"POCRC2","242395"
"POCRL","242396"
"POCR6","78724"
"PODI2","167348"
"PODID","242397"
"PODIP","242398"
"PODIR","NaN"
"PODR","78725"
"PODRB2","117499"
"PODRB","238134"
"PODRD","181554"
"POEF","167349"
"POEL2","167350"
"POFI3","167351"
"POFL3","78726"
"POFU2","1366101"
"POGL9","83472"
"POGLA","238135"
"POGLA2","238136"
"POGLE","238137"
"POGLG3","238138"
"POGLG4","118407"
"POGLG5","238139"
"POGLH","238140"
"POGLM","238141"
"POGLN","135299"
"POGLP","238142"
"POGLR3","238143"
"POGR9","78728"
"POGRB","242399"
"POGRF2","81284"
"POGRF","81285"
"POGRG3","81286"
"POGRO","1023755"
"POGR20","78729"
"POHI5","78730"
"POHI6","167354"
"POHIA2","242401"
"POHIH","894906"
"POHO2","167356"
"POHOC","238144"
"POHOH","1612126"
"POMA34","167360"
"POMI4","78732"
"POMIK","542267"
"POMIM","181834"
"POMO18","78733"
"POMU5","78734"
"POMU9","167363"
"PONA6","167364"
"PONE20","167365"
"PONE7","78735"
"PONI2","167366"
"PONIN","242404"
"PONIP","242405"
"PONO3","55732"
"PONOM","238150"
"POOB3","167367"
"POOV2","167368"
"POOVD","242406"
"POOVO","1442329"
"POPA15","167369"
"POPE23","167370"
"POPE8","898055"
"POPEL","242408"
"POPEP5","181835"
"POPL","167371"
"POPS7","78737"
"POPU8","167372"
"POPUP10","242410"
"POPU9","78738"
"PORI7","78739"
"PORI3","78740"
"PORO3","167375"
"PORU8","167376"
"PORU3","849236"
"PORU4","167378"
"POSI4","167380"
"POSI2","82097"
"POST4","167381"
"POSTG","242416"
"POSU5","167383"
"POSU6","167385"
"POSUR","242417"
"POSUS","1659945"
"POTH2","82038"
"POTHA","242419"
"POTHS","242420"
"POTHT","242421"
"POUL","78741"
"POUN2","167387"
"POVA4","167388"
"POVI4","167389"
"POWH","78742"
"POAR19","167392"
"POARA5","242422"
"POARM","242423"
"POBR18","167393"
"PODA3","167394"
"POIN29","167395"
"POLA16","167396"
"PONE15","167397"
"POST10","167398"
"POTR21","167399"
"POWI4","167400"
"PODI5","442486"
"PODIF","978412"
"POHO4","442501"
"POMU6","431489"
"POSA11","167402"
"POOC4","281633"
"PRSU5","167404"
"PRQU2","56407"
"PRQUH","238152"
"PRQUQ","1051871"
"PRSE6","369642"
"PREX","78745"
"PRMA8","NaN"
"PRAL","117769"
"PRAL2","146869"
"PRAL3","130889"
"PRAS","167406"
"PRAU","167407"
"PRBA","167408"
"PRBO2","62251"
"PRCA5","167409"
"PRCR","118758"
"PRNA","167410"
"PRRA","167411"
"PRRAM2","238153"
"PRRAR3","238154"
"PRRO2","167412"
"PRSA","167413"
"PRSE","130346"
"PRTR","167414"
"PROL","156507"
"PRPE4","156509"
"PRST2","156510"
"PRAC","132635"
"PRACM","776007"
"PRAG","348375"
"PRAL6","167415"
"PRAN","167416"
"PRAN4","167417"
"PRBO","167418"
"PRCA3","167419"
"PRCU","167420"
"PRCUC","1309003"
"PRCUS","242427"
"PRCU2","167421"
"PRCUC2","534694"
"PRCUD","742957"
"PRCUM","1238426"
"PRCUN","533406"
"PREG","167423"
"PREX2","167424"
"PRIN","167425"
"PRLA","167426"
"PRMI","167428"
"PRNU","167430"
"PRPA","118527"
"PRRU","167431"
"PRSP2","167432"
"PRST","167433"
"PRSU","62694"
"PRTS","167434"
"PRCA2","NaN"
"PRAF","156477"
"PRAR2","167435"
"PRAY","436919"
"PRBA4","365927"
"PRBE","167436"
"PRFL","365926"
"PRFO","167437"
"PRGL","365931"
"PRGO","365932"
"PRHA2","167438"
"PRHI","167439"
"PRKA","167440"
"PRKA3","365933"
"PRLA3","167441"
"PRLA4","167442"
"PRLI2","167443"
"PRLO2","167444"
"PRMA15","365934"
"PRMA5","167445"
"PRMI3","167446"
"PRMU3","167447"
"PRNA2","365935"
"PRPE7","167448"
"PRRE","167449"
"PRSC","167450"
"PRVI2","167451"
"PRWA","167452"
"PRWO","365939"
"PRLA2","51896"
"PRPO","1428577"
"PRPL2","156498"
"PRAL4","78746"
"PRLO","78747"
"PRLOF","146621"
"PRLOL","80168"
"PRPA2","120516"
"PRPAP3","181556"
"PRPAH","NaN"
"PRPAP4","NaN"
"PRSA2","167453"
"PRSP3","167454"
"PRCR2","885824"
"PRPE6","466973"
"PRPA12","1272190"
"PRHO2","51071"
"PRHOH","181836"
"PRHOO","242428"
"PRHOP","242429"
"PRHOT","181837"
"PRLA9","68913"
"PRMA14","68914"
"PRSM","57506"
"PRTR4","68917"
"PRIN2","156529"
"PRPA3","156531"
"PRPAA","156533"
"PRPAC","156532"
"PRPAP","1391070"
"PRPE","167455"
"PRGL2","58160"
"PRGLG","242431"
"PRGLP","242432"
"PRGLT","58161"
"PRPU","78749"
"PRRE2","167457"
"PRREC","242433"
"PRVE","78751"
"PRBO3","277061"
"PRBOE","NaN"
"PRCO4","283895"
"PRCOC","325163"
"PRCOT","557081"
"PRPY","275892"
"PRVA","NaN"
"PRVU","52764"
"PRVUA","238176"
"PRVUL2","60213"
"PRVUV","81287"
"PROR","NaN"
"PRPA8","NaN"
"PRSL","NaN"
"PRAL7","167458"
"PRAL5","118759"
"PRALA","242434"
"PRALD","242435"
"PRAM","48629"
"PRAN2","78752"
"PRAN3","133345"
"PRANA","181838"
"PRANW","242436"
"PRCA","125845"
"PREM","63905"
"PREME","63903"
"PREMM","63906"
"PRER4","78753"
"PRFA","58309"
"PRFAF","81288"
"PRFAP","81289"
"PRFR","78754"
"PRGE","167460"
"PRGR","167462"
"PRHA","167463"
"PRHO","167464"
"PRIL","57250"
"PRILI","59002"
"PRILL","64124"
"PRMA2","64543"
"PRMAG","242437"
"PRMAM","242438"
"PRME","128755"
"PRMI2","167466"
"PRMU","167467"
"PRMU2","167468"
"PRMY","167469"
"PRNI","54832"
"PROC","881088"
"PRPE2","54833"
"PRPEP","988659"
"PRPES","242440"
"PRPL3","460898"
"PRPU3","894705"
"PRPUB","242441"
"PRPUD","130754"
"PRPUP","242442"
"PRRI","124864"
"PRSE2","795890"
"PRSEE","202094"
"PRSER2","242445"
"PRSES","318191"
"PRSEV","318192"
"PRSU2","56040"
"PRSUK","181839"
"PRSUO","181840"
"PRSUR","181841"
"PRSUS","1620348"
"PRSU3","204394"
"PRTE","167471"
"PRUM","154547"
"PRUMI","154549"
"PRUMU","154548"
"PRVI","54835"
"PRVID","63900"
"PRVIM","242448"
"PRVIV","242449"
"PSDE2","156514"
"PSAN","78756"
"PSPI","167474"
"PSRA","78757"
"PSSC14","289589"
"PSUM2","285514"
"PSSP7","NaN"
"PSSA2","NaN"
"PSNI4","156493"
"PSIN11","1144590"
"PSPA11","1144589"
"PSMI7","926739"
"PSBA","78758"
"PSHE","78759"
"PSPE","78760"
"PSCA9","156472"
"PSCI2","167478"
"PSTU70","156495"
"PSAR","156466"
"PSWA3","156465"
"PSAU2","156459"
"PSHO3","167479"
"PSOB2","167480"
"PSRE3","167481"
"PSRE4","167482"
"PSDO3","167483"
"PSLO3","167484"
"PSMO","167485"
"PSMA14","229109"
"PSMI3","156447"
"PSAR12","167486"
"PSAU3","167488"
"PSBI3","58829"
"PSCA13","53077"
"PSCA11","53080"
"PSCAB","53084"
"PSCAC2","53079"
"PSCAM","53087"
"PSCAT","53086"
"PSDO4","866471"
"PSHE4","167490"
"PSHEH7","238205"
"PSHEM","238206"
"PSJA4","288957"
"PSLE4","78761"
"PSMA11","78762"
"PSOB3","143859"
"PSOBO","238207"
"PSOBP","238208"
"PSOBS","238209"
"PSPR2","167491"
"PSRA5","53088"
"PSSA8","167492"
"PSSAH2","1473122"
"PSSAK2","242451"
"PSSAM2","242452"
"PSSAS4","1473120"
"PSST7","53089"
"PSVI4","167493"
"PSFR5","167494"
"PSAT2","156429"
"PSBA6","167495"
"PSIN6","167496"
"PSING","242454"
"PSINI","242455"
"PSINT","242456"
"PSJU4","167497"
"PSPA6","167498"
"PSRA4","167499"
"PSRAC","242457"
"PSRAD","242458"
"PSRAP","242459"
"PSRAR","242460"
"PSSA6","167500"
"PSST5","167501"
"PSSE2","167502"
"PSSI3","167503"
"PSTE11","167504"
"PSSP2","277145"
"PSKE","167505"
"PSSA","167506"
"PSSAS","NaN"
"PSSAS3","238211"
"PSST10","915540"
"PSSP6","167507"
"PSSPI","181693"
"PSSPS","238212"
"PSCY2","78766"
"PSPU4","123645"
"PSJA2","78767"
"PSSI5","78768"
"PSDI2","167509"
"PSEL3","67917"
"PSHO4","167510"
"PSMA","53749"
"PSME","48256"
"PSMEG","145733"
"PSMEM","63910"
"PSAM","866916"
"PSCA5","NaN"
"PSLO2","167511"
"PSLOL","NaN"
"PSLOO","NaN"
"PSSI2","442714"
"PSPE2","348486"
"PSTR3","701715"
"PSAS2","156434"
"PSBR5","156435"
"PSGE","156433"
"PSHE5","343214"
"PSTE6","867610"
"PSBR","56980"
"PSBRB","64159"
"PSBRM","604239"
"PSEL","78770"
"PSOR","60149"
"PSTE","53188"
"PSTEG","118457"
"PSTET2","53190"
"PSMA8","283906"
"PSCA10","156413"
"PSLA5","167512"
"PSBA2","167513"
"PSCO2","78771"
"PSGN","167514"
"PSSP","167515"
"PSTA","122614"
"PSTAC","242461"
"PSTAT","242462"
"PSFE","1144591"
"PSIN7","NaN"
"PSCO3","167516"
"PSNU","167517"
"PSJU2","167518"
"PSLA3","167519"
"PSTE5","167520"
"PSAR4","78772"
"PSARA","81290"
"PSARM","81291"
"PSARP","242466"
"PSARS","242467"
"PSEM","78773"
"PSFR","78774"
"PSFRA","81293"
"PSFRF","81294"
"PSKI","167521"
"PSPO","78775"
"PSPOJ","148922"
"PSPOP","242468"
"PSSC5","78776"
"PSSC6","167522"
"PSSP3","58453"
"PSTH","138686"
"PSTHT","242469"
"PSTHW","242470"
"PSRA2","NaN"
"PSKR","957271"
"PSKR2","1008615"
"PSMA9","362362"
"PSMO3","898435"
"PSBE","132641"
"PSBR2","898411"
"PSBR3","NaN"
"PSCH4","1144673"
"PSDE","286254"
"PSDI5","1144672"
"PSDO2","286255"
"PSFA","167524"
"PSGR","167525"
"PSGR2","286261"
"PSGR3","779182"
"PSGU2","133672"
"PSGUG","133673"
"PSGUG2","133674"
"PSHA2","167527"
"PSHAB","242471"
"PSHAH2","242472"
"PSHA3","130759"
"PSHAH3","242473"
"PSHAH","130760"
"PSHAS","242474"
"PSHE2","167528"
"PSHEH3","238225"
"PSHEH4","NaN"
"PSHEH5","NaN"
"PSHEK2","NaN"
"PSHEO","238226"
"PSHEH6","NaN"
"PSHEO2","NaN"
"PSHER","NaN"
"PSHO","167529"
"PSHO2","83427"
"PSHOT","NaN"
"PSHO8","510798"
"PSHOC","1144674"
"PSHOH3","NaN"
"PSHOP","1144675"
"PSHOS","NaN"
"PSKA","167530"
"PSKO2","1473017"
"PSLE2","1144680"
"PSLEL","1144678"
"PSLI2","167531"
"PSMA4","1642604"
"PSMA5","1405709"
"PSMA6","167532"
"PSMA7","167533"
"PSMI","286265"
"PSMY2","1144676"
"PSNE","51599"
"PSNU2","NaN"
"PSPU","286268"
"PSRE2","1225647"
"PSROP","1144677"
"PSTE4","167535"
"PSUL","NaN"
"PSWA2","167536"
"PSOD","897408"
"PTCR3","50622"
"PTTR","50625"
"PTTRA","238227"
"PTTRA2","NaN"
"PTTRP3","NaN"
"PTTRP","50626"
"PTTRC","NaN"
"PTTRC2","NaN"
"PTTRL","NaN"
"PTTRP4","NaN"
"PTTRP2","238228"
"PTTRT","238229"
"PTTRM","NaN"
"PTTRT2","NaN"
"PTKA","156416"
"PTMA","156418"
"PTAQ","52681"
"PTAQD","70039"
"PTAQL","210269"
"PTAQP","205875"
"PTAQP2","52684"
"PTAR2","275638"
"PTCA3","167537"
"PTFI","167538"
"PTDE2","NaN"
"PTHI","1365428"
"PTAL","282475"
"PTAR","1002513"
"PTBA","137091"
"PTBI","275623"
"PTDE","137092"
"PTDE3","1002555"
"PTEN","167539"
"PTEX","167540"
"PTGR","167541"
"PTIR","167542"
"PTLI","1272191"
"PTLO","167543"
"PTLY","167544"
"PTMU2","NaN"
"PTPA5","370447"
"PTPL","167545"
"PTPU","282478"
"PTTA","1272192"
"PTOF","292108"
"PTAL4","NaN"
"PTPY2","127267"
"PTVI2","167547"
"PTEC2","156388"
"PTGR3","67911"
"PTGL","167548"
"PTAN2","52118"
"PTDR","53191"
"PTCA4","156385"
"PTKO","167549"
"PTLA2","167550"
"PTOV","167551"
"PTSU","167552"
"PTDA","167553"
"PTHE","167554"
"PTPE","167555"
"PTTE","57785"
"PTTEA","242487"
"PTTEC2","242488"
"PTTEF","242489"
"PTTET","57784"
"PTKI","142872"
"PTPO","167556"
"PTCA5","129002"
"PTCI","167557"
"PTPU2","167558"
"PTAH","167559"
"PTCA","128655"
"PTCO","167560"
"PTNO","167561"
"PTNU","167562"
"PTCR70","136604"
"PTME","1002040"
"PTDR2","167565"
"PTGA","167566"
"PTIN4","167567"
"PTLE","167568"
"PTSE2","167569"
"PUAG","167572"
"PUAN","167575"
"PUAN2","140061"
"PUAR","140062"
"PUBR","167577"
"PUDE2","167578"
"PUDIH","238235"
"PUFA","167579"
"PUHO","78781"
"PUHU","167581"
"PUIN","167582"
"PUKA","167583"
"PULA3","167585"
"PULE","78782"
"PULU2","167586"
"PUNU","78783"
"PUNU2","60309"
"PUPA","78784"
"PUPH","167589"
"PUPHG","238236"
"PUPHP","238237"
"PUPU3","78785"
"PUSI","60310"
"PUSU","167592"
"PUTE","167593"
"PUTEA","238238"
"PUTEL","238239"
"PUTET","238240"
"PUVA","167594"
"PUVA3","167595"
"PUWR","167596"
"PUOC","60482"
"PUPA5","1616903"
"PUPAM","1302964"
"PUSU2","1577691"
"PUER2","167600"
"PUGL2","167601"
"PUME","60455"
"PUPI","167602"
"PUST","167603"
"PUTR2","67804"
"PYAL","130688"
"PYBE","167604"
"PYCA","78788"
"PYCL","167605"
"PYCU","167606"
"PYFL","167607"
"PYFL2","167608"
"PYIN","167609"
"PYINI","242492"
"PYINP","242493"
"PYLO","167610"
"PYMO","167611"
"PYMO2","167612"
"PYMU","126768"
"PYNU","167613"
"PYPY","167614"
"PYPYP","242494"
"PYPYV","242495"
"PYSE2","167615"
"PYTE","126891"
"PYTO","167616"
"PYVE","153908"
"PYVEP","153907"
"PYVEV","153906"
"PYVI","154473"
"PYTE4","167617"
"PYIN4","167618"
"PYPO3","167619"
"PYSE7","167620"
"PYST2","167621"
"PYCO2","57254"
"PYTE5","156398"
"PYAM","60367"
"PYAS","78793"
"PYASA","60370"
"PYASB2","80169"
"PYCH","63802"
"PYEL","82515"
"PYGR","167622"
"PYMI","78794"
"PYPI2","62239"
"PYSP4","167623"
"PYCA2","128733"
"PYGR2","135227"
"PYPA4","135226"
"PYAP2","78795"
"PYCA3","78796"
"PYCAC2","242496"
"PYCAC3","81297"
"PYCAS","242497"
"PYCL2","167624"
"PYCLC","242498"
"PYCLV","242499"
"PYCR2","167625"
"PYCRC","1595271"
"PYCRG","242501"
"PYHI","78797"
"PYHIH","1587299"
"PYHIL","81299"
"PYHIS","242502"
"PYIN2","167626"
"PYIN3","167627"
"PYLA","78798"
"PYLAL","1348465"
"PYLAS","81301"
"PYLI","167628"
"PYLI2","167629"
"PYLU","78799"
"PYRA","78800"
"PYRAC2","81302"
"PYRAP2","81303"
"PYRAP","81304"
"PYRAR","877981"
"PYRAS","81306"
"PYRA2","167630"
"PYSC4","505603"
"PYUN2","78801"
"PYUNG","81307"
"PYUNU","81308"
"PYLA6","344665"
"PYPU","167631"
"PYBA","59221"
"PYBR","167632"
"QUTU","750870"
"QUAC3","NaN"
"QUAL2","NaN"
"QUAS3","NaN"
"QUAT","NaN"
"QUBE","504279"
"QUBE2","NaN"
"QUBE3","578337"
"QUBE8","NaN"
"QUBE9","NaN"
"QUBE4","NaN"
"QUBI2","NaN"
"QUBL","NaN"
"QUBR","NaN"
"QUBU3","NaN"
"QUBU","NaN"
"QUBY","NaN"
"QUCA","NaN"
"QUCA3","NaN"
"QUCA2","NaN"
"QUCO5","NaN"
"QUCO4","NaN"
"QUCO3","NaN"
"QUCR","NaN"
"QUDE","NaN"
"QUDE2","NaN"
"QUDI","NaN"
"QUDI2","NaN"
"QUEG","NaN"
"QUEP","NaN"
"QUEX","NaN"
"QUFA2","577780"
"QUFE","NaN"
"QUFE2","NaN"
"QUFI","NaN"
"QUFO","NaN"
"QUGA2","746758"
"QUGA3","NaN"
"QUGI","NaN"
"QUGR4","NaN"
"QUGU","NaN"
"QUHA","961505"
"QUHA2","NaN"
"QUHA4","NaN"
"QUHE","NaN"
"QUHO","NaN"
"QUHU","NaN"
"QUIN5","NaN"
"QUIN2","NaN"
"QUIN4","NaN"
"QUJA","577776"
"QUJO","NaN"
"QUJO4","NaN"
"QULE","NaN"
"QULU","NaN"
"QUMA4","442877"
"QUMA","NaN"
"QUME2","NaN"
"QUME","NaN"
"QUMO2","NaN"
"QUMO3","NaN"
"QUMU3","NaN"
"QUMU2","577787"
"QUNE","NaN"
"QUNE2","NaN"
"QUNE3","NaN"
"QUOR","NaN"
"QUOV","NaN"
"QUPA","577784"
"QUPA3","NaN"
"QUPA4","NaN"
"QUPO","NaN"
"QUPS","NaN"
"QURE","NaN"
"QURI","NaN"
"QURO","NaN"
"QURO4","NaN"
"QURU2","NaN"
"QURU3","NaN"
"QUSA3","NaN"
"QUSA","776673"
"QUSC","NaN"
"QUSC2","577708"
"QUSM","NaN"
"QUST2","NaN"
"QUST3","NaN"
"QUST4","NaN"
"QUSU4","NaN"
"QUSU6","NaN"
"QUSU2","NaN"
"QUSU3","NaN"
"QUTH","NaN"
"QUTO4","NaN"
"QUTO3","NaN"
"QUTR","NaN"
"QUVA2","NaN"
"QUVE2","NaN"
"QUWA2","469679"
"QUWA","469680"
"QUWI","NaN"
"QUAC2","167633"
"QUAG","1663718"
"QUAGA","58913"
"QUAGO","81309"
"QUAJ","167635"
"QUAL","54779"
"QUAR","167636"
"QUAR2","167637"
"QUAU","1552802"
"QUBE5","1553165"
"QUBI","54780"
"QUBO2","167639"
"QUBU2","167640"
"QUCA7","167641"
"QUCE2","78802"
"QUCH","1552803"
"QUCH4","167643"
"QUCH2","51092"
"QUCHC","154690"
"QUCHN","154693"
"QUCO2","1541686"
"QUCOC","242504"
"QUCOT","242505"
"QUCO7","78803"
"QUDE3","167644"
"QUDO","49009"
"QUDU","1553166"
"QUDUD","242506"
"QUDUE","242507"
"QUDU4","56796"
"QUDUD2","57084"
"QUDUG","81310"
"QUEL","144029"
"QUEM","167646"
"QUEN","78804"
"QUFA","61324"
"QUFU","167647"
"QUGA","879916"
"QUGAB2","242508"
"QUGAG","242509"
"QUGA4","68632"
"QUGAF","1648518"
"QUGAG2","63890"
"QUGAS","81312"
"QUGE2","121402"
"QUGE","167648"
"QUGR","167649"
"QUGR2","167650"
"QUGR3","167651"
"QUHA3","122533"
"QUHAH","122532"
"QUHAT","122534"
"QUHE2","167652"
"QUHEH","242510"
"QUHEM","242511"
"QUHI","167653"
"QUHY","167654"
"QUIL","1550125"
"QUIM","117428"
"QUIN","1550124"
"QUIN7","132052"
"QUIN3","167655"
"QUJO3","58166"
"QUKE","49919"
"QULA","167656"
"QULA2","128752"
"QULA3","69845"
"QULO","49011"
"QULY","1552799"
"QUMA2","54781"
"QUMAD","242512"
"QUMAM","242513"
"QUMA13","NaN"
"QUMA3","1550131"
"QUMAA2","242514"
"QUMAM2","242515"
"QUMI","119273"
"QUMI2","167658"
"QUMO","167659"
"QUMO4","128686"
"QUMU","54783"
"QUMY","167660"
"QUNI","53640"
"QUOB","132076"
"QUOG","167661"
"QUPA6","78806"
"QUPA5","121690"
"QUPA10","78807"
"QUPA2","54785"
"QUPA8","78808"
"QUPAP2","81313"
"QUPAS2","81314"
"QUPAT","81315"
"QUPH","1550127"
"QUPO2","167662"
"QUPR","1552798"
"QUPU80","167663"
"QUPU","167664"
"QURO3","167665"
"QURU","49005"
"QURUA","242516"
"QURUR","242517"
"QURU4","792648"
"QUSA2","78809"
"QUSH","1550123"
"QUSHS","242518"
"QUSHS2","242519"
"QUSHS3","242520"
"QUSI2","167667"
"QUSI","167668"
"QUSIB","792628"
"QUSIS","242522"
"QUST","1552804"
"QUTA","167669"
"QUTE","167670"
"QUTO","64138"
"QUTO2","167671"
"QUTU2","49010"
"QUVA","78810"
"QUVA5","1552806"
"QUVE","49006"
"QUVI2","167673"
"QUVI","49013"
"QUWI2","51089"
"QUWIF","58914"
"QUWIW","58915"
"QULO2","51082"
"RAAC4","129655"
"RAAF2","167675"
"RAAQ2","167676"
"RABR","167677"
"RABR2","167678"
"RACA11","167679"
"RACAC5","242523"
"RACAL4","242524"
"RADE6","167680"
"RAEL3","167681"
"RAER2","167682"
"RAFA6","638583"
"RAHE8","604726"
"RALA70","167684"
"RALA8","167685"
"RAMA9","167686"
"RAMI8","167687"
"RAMU4","167688"
"RAOB4","167689"
"RAOC2","167690"
"RAPA9","167691"
"RAPA10","167692"
"RAPY2","167693"
"RASU9","167695"
"RAVA3","167696"
"RAVE2","167697"
"RATO","167698"
"RAAU5","167700"
"RAAU6","167701"
"RABO5","167702"
"RABR13","167703"
"RACO19","67842"
"RACOC","1054206"
"RACOL","NaN"
"RAFL5","167704"
"RAFL6","1024204"
"RAMO6","167705"
"RAOB5","167706"
"RAOB6","167707"
"RAOBP","238260"
"RAPR4","167708"
"RASU17","167709"
"RATE12","167710"
"RAVO2","167711"
"RACA","53193"
"RANE","68553"
"RAAR","78812"
"RAPR","78813"
"RASC2","78814"
"RAST","167712"
"RACO4","289978"
"RAAC","121958"
"RAPA4","1560566"
"RAPO2","1156468"
"RARH2","167713"
"RASP","NaN"
"RAAB","126371"
"RAAC2","129009"
"RAACA2","1567685"
"RAACM","242530"
"RAAD","118528"
"RAADA2","242533"
"RAADA","242534"
"RAAE","167714"
"RAAL","78815"
"RAALA","81316"
"RAALA2","81317"
"RAALD","242535"
"RAALM","242536"
"RAAL2","126370"
"RAAL4","167715"
"RAAM","118754"
"RAAN","78816"
"RAANA","242537"
"RAANT","242538"
"RAAQ","78817"
"RAAR2","167716"
"RAAU7","1496329"
"RAAU","877016"
"RABO","78819"
"RABOT","81322"
"RACA2","52173"
"RACA3","60238"
"RACA4","167718"
"RACO10","167719"
"RACY","78821"
"RAEA","167720"
"RAES","78822"
"RAESE2","81326"
"RAESO","81327"
"RAEST","242541"
"RAEX","167721"
"RAFA","167722"
"RAFL","78823"
"RAFL2","67826"
"RAFLF","242544"
"RAFLF2","81329"
"RAGL","78824"
"RAGLE","81331"
"RAGLG","81332"
"RAGL2","167723"
"RAGLA","1530655"
"RAGLC","242546"
"RAGM","167724"
"RAGO","78825"
"RAHA","167726"
"RAHA2","167727"
"RAHE","57239"
"RAHE2","167728"
"RAHI","1597482"
"RAHIC","242550"
"RAHIH","242551"
"RAHIN","242552"
"RAHY","78826"
"RAHYH","242553"
"RAHYS","242554"
"RAHY2","167730"
"RAIN","167731"
"RAINA","242557"
"RAINI2","1338047"
"RAINS","242559"
"RAJO","167732"
"RAKA","167733"
"RAKA3","167734"
"RALA","167735"
"RALA2","167736"
"RALO","68424"
"RALO2","862101"
"RAMA","167737"
"RAMAB","242560"
"RAMAM","242561"
"RAMA2","78828"
"RAMA3","167738"
"RAMA5","167740"
"RAMI2","126372"
"RANI","167741"
"RAOC","68057"
"RAOCB","242563"
"RAOCH2","1283140"
"RAOCN","242564"
"RAOCO","81335"
"RAOR","167742"
"RAOR2","167743"
"RAOR3","67827"
"RAORB","81337"
"RAORO","81338"
"RAPA","167744"
"RAPA2","167745"
"RAPE","167746"
"RAPEA","242565"
"RAPE2","167747"
"RAPE5","167748"
"RAPEA2","242566"
"RAPO","78830"
"RAPU","78831"
"RAPUA","242567"
"RAPUP","242568"
"RAPY","167751"
"RAPYP2","242570"
"RARA","167752"
"RARE2","81802"
"RARER2","564012"
"RARET2","1060371"
"RARH","167753"
"RASA4","167754"
"RASC3","59301"
"RASCM","81340"
"RASCS","81341"
"RASU4","167755"
"RASU2","167756"
"RATR","486980"
"RATRE","486981"
"RATRT","517698"
"RATR6","505604"
"RATU","167758"
"RAUN","63898"
"RAUNE","63899"
"RAUNP","63896"
"RAUNU","63897"
"RAVE","167759"
"RACO3","78836"
"RAPE3","167761"
"RAPEP2","242575"
"RAPEP","242576"
"RAPI","85331"
"RATA","167762"
"RAPR2","167763"
"RASC6","167764"
"RAIN8","852641"
"RANI2","333007"
"RASA3","167765"
"RATE8","167766"
"RAVI","543050"
"RAUR","1065879"
"RAAN2","362134"
"RAAU4","338231"
"RAPH2","131158"
"REHE","56408"
"REHEA","1279264"
"REHEA2","413167"
"REHED","238270"
"REHEH","1279262"
"REBE","167767"
"REBR","167768"
"REEV","167769"
"REMA4","167770"
"REPH2","167771"
"REPI2","NaN"
"RESP","1024198"
"REFL","167772"
"REOL","167775"
"REMA3","167776"
"REKA","167777"
"REMA2","167778"
"REMO","167779"
"REAL2","277071"
"REJA","498081"
"REJAP","NaN"
"REOC","283912"
"REAR","156361"
"RESA","167782"
"REGU","1068166"
"REKR","1156465"
"RESE","167783"
"REUN","1013133"
"RHBI","167784"
"RHCR6","167785"
"RHCR7","167786"
"RHPE10","167787"
"RHAL","78843"
"RHCR","57243"
"RHCRC","318215"
"RHCRP2","238285"
"RHIL","58308"
"RHLA","167789"
"RHLAG2","238288"
"RHLAL3","238289"
"RHPI","78845"
"RHSE3","167790"
"RHSM","167791"
"RHSP3","1144562"
"RHHY","167793"
"RHAL4","131637"
"RHAR","167795"
"RHAR7","NaN"
"RHCU4","167796"
"RHLU","167797"
"RHMA","126318"
"RHMAI","242577"
"RHMAM2","143765"
"RHMAV","242578"
"RHNA","167798"
"RHNU2","127911"
"RHPA3","167799"
"RHPE","167800"
"RHSA3","167801"
"RHVI","130690"
"RHSU8","167802"
"RHMI13","61470"
"RHMIG","238291"
"RHMIM","1561121"
"RHBA2","119900"
"RHAN70","167804"
"RHAP","167805"
"RHGL70","85421"
"RHGR5","167806"
"RHMA12","68067"
"RHNU4","125090"
"RHPS70","167807"
"RHPU7","127031"
"RHAP2","196660"
"RHMA2","60335"
"RHMU","196667"
"RHST8","196666"
"RHIN11","78846"
"RHINI","80170"
"RHINL","238302"
"RHINN","238303"
"RHINP","238304"
"RHRH4","123927"
"RHRO3","84436"
"RHON","167808"
"RHRO6","167809"
"RHBA4","NaN"
"RHPE3","NaN"
"RHWE","NaN"
"RHAL5","49828"
"RHAL2","126556"
"RHALA","126557"
"RHALW","NaN"
"RHAR3","49831"
"RHAT","49834"
"RHAU","167810"
"RHCA4","118749"
"RHCA5","857070"
"RHCAC4","238305"
"RHCAG","238306"
"RHCA6","153942"
"RHCA7","56232"
"RHCA14","133396"
"RHCA8","49486"
"RHCH5","167812"
"RHCU","167813"
"RHEA2","167814"
"RHFL","167815"
"RHLA2","898324"
"RHLAL","242579"
"RHLAP","242580"
"RHMA3","57360"
"RHMA4","83059"
"RHMI2","167818"
"RHOB","167819"
"RHOC","60527"
"RHOCO","181851"
"RHOCP","181852"
"RHOCS","181853"
"RHPE4","49822"
"RHPR","143409"
"RHPR2","167820"
"RHVA","167821"
"RHVI2","82300"
"RHAN5","167822"
"RHCI4","167823"
"RHAS","NaN"
"RHBO","NaN"
"RHAR4","1616198"
"RHARA","58739"
"RHARA2","58740"
"RHARS","58737"
"RHCO","126698"
"RHCOC","242581"
"RHCOL2","129674"
"RHCOL","242582"
"RHGL","54764"
"RHIN2","55009"
"RHKE","167825"
"RHLA3","167826"
"RHMI11","129622"
"RHMI3","167827"
"RHOV","64121"
"RHSA2","167828"
"RHTA","548260"
"RHTR","867365"
"RHTRA","242583"
"RHTRP","1616200"
"RHTRQ","242585"
"RHTRR","934076"
"RHTRS","1590592"
"RHTRT","148076"
"RHTY","167829"
"RHVI3","121691"
"RHVIC","242587"
"RHVIV","242588"
"RHAM","167832"
"RHCI3","167833"
"RHCY4","167834"
"RHDI2","167835"
"RHED","167836"
"RHLA5","167837"
"RHLE","NaN"
"RHMI10","131580"
"RHMI4","138567"
"RHPA2","167838"
"RHPH","71063"
"RHPR4","167839"
"RHRE","167840"
"RHRE3","281735"
"RHSE4","138572"
"RHSET","242589"
"RHSW","167841"
"RHTO3","167842"
"RHTOM","242590"
"RHTOT","242591"
"RHPH2","167843"
"RHAL3","57862"
"RHBA","167844"
"RHBE2","557149"
"RHBR","167845"
"RHCA9","167847"
"RHCA10","78848"
"RHCA11","167848"
"RHCA12","78849"
"RHCA13","167849"
"RHCE","167850"
"RHCH2","167851"
"RHCH3","167852"
"RHCHS","238309"
"RHCI","167854"
"RHCI2","NaN"
"RHCO7","132685"
"RHCO3","167855"
"RHCO19","290511"
"RHCO2","167856"
"RHCO4","290513"
"RHCR3","167857"
"RHCU3","167859"
"RHDE2","167860"
"RHDE","167861"
"RHDE7","NaN"
"RHDI3","167862"
"RHDO2","NaN"
"RHEL","167863"
"RHEX","167864"
"RHFA","167865"
"RHFAD","242598"
"RHFAF","242599"
"RHFE","167866"
"RHFI","167867"
"RHFI2","290528"
"RHFL2","167868"
"RHFU","167869"
"RHGA4","355627"
"RHGI","290532"
"RHGL2","78850"
"RHGLG","242600"
"RHGLP","242601"
"RHGLS","867183"
"RHGL3","167870"
"RHGR","167871"
"RHGR6","486965"
"RHGR2","167872"
"RHHA2","167873"
"RHHA","167874"
"RHHAC","867282"
"RHHAH","1058563"
"RHHO","280836"
"RHIN3","167875"
"RHIN4","167876"
"RHIN7","167877"
"RHJA3","141082"
"RHKN","167878"
"RHLA7","167879"
"RHLE2","1225415"
"RHLI","281738"
"RHLIB","316318"
"RHMA5","167880"
"RHMA6","167881"
"RHMA8","280847"
"RHMA15","847980"
"RHME","143504"
"RHME3","167882"
"RHMI7","167883"
"RHMI8","200078"
"RHMI5","167884"
"RHMI9","167885"
"RHNI","167886"
"RHNI2","167887"
"RHOD","167888"
"RHOL","167889"
"RHPA","167890"
"RHPE2","167891"
"RHPI5","167892"
"RHPL6","167893"
"RHPL3","167894"
"RHPU4","167895"
"RHPU3","167896"
"RHRA3","NaN"
"RHRA4","281736"
"RHRAM","316307"
"RHRA2","167897"
"RHRE8","167898"
"RHRU5","593145"
"RHRU2","NaN"
"RHRU3","167899"
"RHRUL","238310"
"RHRUR","1054259"
"RHSC5","167901"
"RHSC2","167902"
"RHSO","167903"
"RHST2","167904"
"RHTE3","290637"
"RHTE2","290640"
"RHTH","167905"
"RHTO4","167906"
"RHTR2","167907"
"RHUN","NaN"
"RHWR","167908"
"RHJA5","167909"
"RHLO70","124422"
"RHSQ70","123754"
"RHTR70","123923"
"RHRO7","124461"
"RHRU70","167910"
"RHAU2","841738"
"RIAC","81762"
"RIAM","53433"
"RIAM2","125487"
"RIAU","55544"
"RIAUA","55545"
"RIAUG","55547"
"RIAUV","55546"
"RIBI","78851"
"RIBR","78852"
"RICA","47129"
"RICAC","47128"
"RICAH","47127"
"RICA2","78853"
"RICE","765122"
"RICEC2","81342"
"RICEC","242606"
"RICEP","242607"
"RICR","167912"
"RICRC","242608"
"RICRO","242609"
"RICU","167913"
"RICY","84803"
"RIDI","53448"
"RIDID","53449"
"RIDIP","81344"
"RIDIP2","53434"
"RIEC","167915"
"RIER","167916"
"RIGL","85475"
"RIHI","136605"
"RIHU","78855"
"RIHUH","242610"
"RIHUP","81345"
"RIIN","78856"
"RIIN2","78857"
"RIINI","81346"
"RIINK","81347"
"RILA","78858"
"RILA2","78859"
"RILA3","78860"
"RILE","148073"
"RILO","78861"
"RIMA","54942"
"RIMAM","54947"
"RIMAV","54946"
"RIMA2","78862"
"RIME","52687"
"RIMEH2","53116"
"RIMEI","53118"
"RIMEL","53115"
"RIMEM","53114"
"RIMES","53117"
"RIME2","167917"
"RIMI","82818"
"RIMO2","78863"
"RINE","78864"
"RINEG","242612"
"RINEJ","242613"
"RINEN","242614"
"RINI2","167918"
"RIOX","71033"
"RIOXC","238311"
"RIOXH","238312"
"RIOXI","238313"
"RIOXO","238314"
"RIOXS","238315"
"RIPI","167919"
"RIQU","55548"
"RIRO","55552"
"RIROA","55550"
"RIROR","55551"
"RIRO2","167920"
"RISA","53435"
"RISAD","242615"
"RISAG","53436"
"RISAM","242616"
"RISAS","81349"
"RISE","78865"
"RISP","50824"
"RITH","78866"
"RITR","118750"
"RITU","78867"
"RIVE","78868"
"RIVEG","242618"
"RIVEV","242619"
"RIVI","78869"
"RIVI2","55549"
"RIVI3","78870"
"RIWA","167921"
"RIWO","167922"
"RICH2","56462"
"RIIN8","167923"
"RIJU","167924"
"RILA6","56464"
"RILAA","1279023"
"RILAL","1279021"
"RIMU3","56465"
"RIMUM","242623"
"RIMUS","1279026"
"RIPA6","56466"
"RIST4","1262143"
"RIAL4","167925"
"RIAL5","593162"
"RIAN4","NaN"
"RIANC","NaN"
"RIAT6","461349"
"RIATA","1419113"
"RIATI","NaN"
"RIBE","56409"
"RIBI5","167927"
"RICA12","56410"
"RICA13","56411"
"RICA14","56412"
"RICA15","56413"
"RICU2","167928"
"RIDI7","167929"
"RIDO","NaN"
"RIFL4","1532808"
"RIFR","56416"
"RIGL6","56417"
"RIGLC","1419109"
"RIGLG","1419108"
"RIGO2","1062691"
"RIHI4","167932"
"RIHO3","NaN"
"RIHU6","461350"
"RIHUS","461351"
"RILA7","56418"
"RILE9","NaN"
"RIMA8","167933"
"RIME5","167934"
"RINI6","56419"
"RIOZ","167935"
"RIRH","1110694"
"RISE5","1515598"
"RISO2","56420"
"RISOA","1419111"
"RISOE","1419112"
"RISOS","1419110"
"RIST6","167936"
"RITE2","167938"
"RITR5","56421"
"RIWA3","947945"
"RINA2","56422"
"RIBR2","167940"
"RISC","133311"
"RITR2","167942"
"RIAF","56428"
"RIAM6","56431"
"RILE2","56981"
"RIBE2","900189"
"RIHU2","133291"
"ROAM2","NaN"
"ROHO","NaN"
"ROLO2","NaN"
"ROMA","NaN"
"ROHI","129107"
"ROHIF8","242624"
"ROHIH","242625"
"ROHIK","242626"
"ROHIN","242627"
"ROHIR","242628"
"RONE","78871"
"RONEN","242629"
"RONER","242630"
"ROPS","475449"
"ROVI","167943"
"ROVIH2","242631"
"ROVIV","242632"
"ROAC2","468499"
"ROSP8","283203"
"RORO5","167944"
"ROFR","985998"
"ROHA3","167946"
"ROMU3","278814"
"ROCA6","57856"
"ROSI","78872"
"ROTH","167954"
"ROTR","78873"
"ROUN","167955"
"ROUNG","242633"
"ROUNU","1503060"
"ROCO","61946"
"ROTR2","61947"
"ROIN4","136470"
"ROPI3","764881"
"ROPO","1137480"
"ROAL","167956"
"ROBA","167958"
"ROCA","167959"
"ROCO2","167961"
"ROCO3","78875"
"ROCU2","78876"
"ROCUC","242635"
"ROCUT","NaN"
"ROCU","58866"
"ROCUC2","242637"
"ROCUL","242638"
"ROCUN","242639"
"ROCUO","242640"
"ROCUO2","242641"
"ROCUP","242642"
"ROCUS","242643"
"ROIN2","890765"
"ROMI2","167967"
"ROPA2","64162"
"ROPAF2","238316"
"ROPAH","80171"
"ROPAO","238317"
"ROPAP","64157"
"ROPO2","1226677"
"RORA2","167970"
"ROSE","167972"
"ROSI2","78877"
"ROSP4","78878"
"ROSU2","78879"
"ROTE","54675"
"ROTE2","167974"
"RODU","NaN"
"ROHO3","NaN"
"ROOD2","167991"
"ROPA4","NaN"
"RORU3","NaN"
"ROAC","132527"
"ROACA","238318"
"ROACS","238319"
"ROAR3","83065"
"ROARA","242646"
"ROARS","83064"
"ROBL","83062"
"ROBLB","242647"
"ROBLG","242648"
"ROBLH","242649"
"ROBR3","78880"
"ROCA2","53437"
"ROCA4","1611790"
"ROCAC","130027"
"ROCAS2","242652"
"ROFO","167981"
"ROGY","53441"
"ROGYG","81350"
"ROGYS","81351"
"ROMA3","167986"
"ROMI80","78881"
"ROMY","167989"
"RONI","155003"
"RONU","78883"
"RONUH","242659"
"RONUM","242660"
"RONUN","80173"
"RONUS","181855"
"ROOB2","167990"
"ROPA","82302"
"ROPI","78884"
"ROPI2","78885"
"ROPIA","80174"
"ROPIP","80175"
"ROSE2","128841"
"ROSES","242661"
"ROSET","242662"
"ROSP3","53442"
"ROSPS","242663"
"ROSPS2","242664"
"ROST","167994"
"ROSTA","238320"
"ROSTM","238321"
"ROSTE2","343215"
"ROSTM2","NaN"
"ROSTS","238322"
"ROVI2","129195"
"ROVIL","242666"
"ROVIV2","242667"
"ROWO","78887"
"ROWOG","181856"
"ROWOG2","80176"
"ROWOU","80177"
"ROWOW","242668"
"ROYA","167998"
"RORA","78889"
"ROSU4","348488"
"ROHU","332838"
"ROBO","356265"
"RORE2","201453"
"RUPA8","NaN"
"RUAB","168004"
"RUAC5","1640953"
"RUAD2","1643568"
"RUAL6","168008"
"RUAL7","168009"
"RUAL","82110"
"RUALA","181660"
"RUALG","1283666"
"RUAL8","168010"
"RUAL9","168011"
"RUAN2","1640951"
"RUAP","1541358"
"RUAP2","168014"
"RUAR","121363"
"RUARA2","121366"
"RUARA3","121365"
"RUARS","238324"
"RUAR8","168015"
"RUAR7","168016"
"RUAR2","1276041"
"RUAR3","168017"
"RUAR5","168018"
"RUAU","1642832"
"RUBA2","168020"
"RUBA","168021"
"RUBE","168022"
"RUBI2","1642174"
"RUBI3","1275859"
"RUBI4","168026"
"RUBL2","168027"
"RUBO","1267745"
"RUBU","168030"
"RUBU2","168031"
"RUCA16","168032"
"RUCE2","1663697"
"RUCH","153003"
"RUCL","168034"
"RUCO27","1665368"
"RUCO3","1286634"
"RUCU3","168037"
"RUCU","128854"
"RUCU4","168038"
"RUDE4","168039"
"RUDE6","168040"
"RUDE","168041"
"RUDE7","1267494"
"RUDE8","168043"
"RUDI3","168045"
"RUEL2","168046"
"RUEX3","168048"
"RUEX2","168049"
"RUFE","168050"
"RUFE2","168051"
"RUFE6","713541"
"RUFL","69717"
"RUFL3","1670272"
"RUFL4","168053"
"RUFL6","348489"
"RUFR2","168054"
"RUFR3","168055"
"RUFR4","168056"
"RUFR5","168057"
"RUFU4","168058"
"RUGL2","1633502"
"RUGL","78890"
"RUGLG","181560"
"RUGLG2","1664604"
"RUGN","168061"
"RUGR5","168062"
"RUGR9","168063"
"RUGU","1156675"
"RUHA3","168064"
"RUHA6","168065"
"RUHA4","168066"
"RUHA","127560"
"RUHE2","168067"
"RUHI3","168068"
"RUHI","69713"
"RUHU2","168069"
"RUHY2","168070"
"RUIC","168071"
"RUIDS2","125488"
"RUIM","1640977"
"RUIM2","168074"
"RUIN6","168075"
"RUIN8","1642838"
"RUIN9","168077"
"RUIN3","168078"
"RUIN4","168079"
"RUIN5","168080"
"RUIT","168081"
"RUJA","168082"
"RUJU2","168083"
"RUKE2","168084"
"RUKE3","168085"
"RULA5","1625861"
"RULA2","78892"
"RULA8","168087"
"RULA6","168088"
"RULA7","168089"
"RULE","63960"
"RULEB","63958"
"RULEL","63957"
"RULET","242671"
"RULE3","1401381"
"RULO4","1642837"
"RULU","1541944"
"RUMA6","168094"
"RUMA2","168096"
"RUMA8","168098"
"RUME3","168099"
"RUMI2","168100"
"RUMI3","1541942"
"RUMI4","168102"
"RUMO3","168103"
"RUMO5","168104"
"RUMU2","168105"
"RUMU3","168106"
"RUMU4","168107"
"RUMU5","1266211"
"RUNA","168109"
"RUNE2","1621025"
"RUNE","168111"
"RUNI","63961"
"RUNI2","78893"
"RUNO2","1664429"
"RUNO3","168113"
"RUNO4","168114"
"RUNO5","1656849"
"RUOB2","168116"
"RUOB4","168117"
"RUOC","125489"
"RUOD","861351"
"RUODC","242672"
"RUODO","242674"
"RUOK","1142421"
"RUOR4","168118"
"RUOR5","168119"
"RUOS","168120"
"RUPA7","168121"
"RUPA25","168122"
"RUPA13","168123"
"RUPA9","168124"
"RUPA10","168125"
"RUPA14","168126"
"RUPA","900439"
"RUPAP2","181858"
"RUPAV","242675"
"RUPA11","168127"
"RUPE","130220"
"RUPE3","78894"
"RUPE6","168128"
"RUPE7","1267746"
"RUPE20","168130"
"RUPE8","168131"
"RUPE9","168132"
"RUPE10","168133"
"RUPH2","168134"
"RUPL3","168135"
"RUPL","168136"
"RUPL2","168137"
"RUPO","168138"
"RUPO2","168139"
"RUPR3","168140"
"RUPR4","168141"
"RUPR5","1642836"
"RUPR6","369378"
"RUPR11","168143"
"RUPR9","168144"
"RUPU","132855"
"RUPUP","242676"
"RUPUP2","242677"
"RUPU4","168145"
"RUPU5","168146"
"RURA","168147"
"RURA2","1642835"
"RURE","168149"
"RURE2","168150"
"RURE3","168151"
"RURI","168152"
"RURO2","168153"
"RURO3","168154"
"RURO5","168155"
"RURO4","168156"
"RURU2","168157"
"RURY","168158"
"RUSA4","168159"
"RUSC","168160"
"RUSC2","168161"
"RUSC3","168162"
"RUSE2","1267493"
"RUSE3","168164"
"RUSE","168165"
"RUSE4","168166"
"RUSE6","168167"
"RUSI2","168169"
"RUSO","168170"
"RUSP","47543"
"RUSPF","242679"
"RUSPS","181859"
"RUSP4","168171"
"RUST5","168172"
"RUST7","168173"
"RUSU4","168175"
"RUTA2","1669003"
"RUTH","168177"
"RUTR4","1667769"
"RUTR","69714"
"RUTR6","168182"
"RUTY","1410454"
"RUUC","168184"
"RUUN","1418942"
"RUUR","53445"
"RUURM","53444"
"RUURU","238326"
"RUURS","NaN"
"RUURU2","NaN"
"RUUV","1270156"
"RUVA","168187"
"RUVA3","168188"
"RUVE6","168189"
"RUVE5","873668"
"RUVI11","168191"
"RUVI3","168192"
"RUVI4","69937"
"RUVIE","242683"
"RUVIT","242684"
"RUVIV","242685"
"RUWH","168194"
"RUWH2","168195"
"RUWI","168196"
"RUAL17","136372"
"RUAU2","168197"
"RUCA3","78896"
"RUFU2","142654"
"RUFUD","242689"
"RUFUF","985137"
"RUFUP","242691"
"RUFUS3","242693"
"RUFUU","242694"
"RUGL7","78897"
"RUGR7","168199"
"RUGR","168200"
"RUGRA","242695"
"RUGRG","242696"
"RUHE","168201"
"RUHI2","62741"
"RUHIA","242697"
"RUHIF","242698"
"RUHIH","242699"
"RUHIP","81354"
"RUKL","78898"
"RULA3","116735"
"RULAA","118563"
"RULAB","118564"
"RULAD","118562"
"RULAH3","118560"
"RULAL","242700"
"RUMA3","128694"
"RUMI","168202"
"RUMO6","168203"
"RUMO","168204"
"RUMO9","888921"
"RUNI3","168205"
"RUOC2","78899"
"RUSC4","168206"
"RUSU","168207"
"RUTE4","168208"
"RUTR2","136376"
"RUTRP","179034"
"RUTRR","242703"
"RUTRT","153173"
"RUBL3","781644"
"RUCA4","128653"
"RUCAC2","238328"
"RUCAC4","362492"
"RUCAS6","362500"
"RUCAS7","362501"
"RUCAC","238329"
"RUCAC5","NaN"
"RUCAH","NaN"
"RUCO5","713670"
"RUCO","168212"
"RUDA","168213"
"RUDR","168215"
"RUDR2","168216"
"RUDRD","242708"
"RUDRM","242709"
"RUHU","119651"
"RUMA9","168217"
"RUME","168218"
"RUNO","168219"
"RUNU","168220"
"RUNUN","242710"
"RUNUR","242711"
"RUOC4","168221"
"RUPA3","168222"
"RUPE4","119652"
"RUPEP2","126827"
"RUPEP","238330"
"RUPU2","129620"
"RUST2","130044"
"RUTU","291119"
"RUYU","168224"
"RUNU2","168225"
"RUAC6","557124"
"RUAL10","NaN"
"RUFR6","NaN"
"RUACA2","238332"
"RUAL5","168226"
"RUAL4","168228"
"RUAQ","168229"
"RUAQF","242712"
"RUAR6","168230"
"RUARA","242713"
"RUARP","242714"
"RUBE4","168231"
"RUCH3","168233"
"RUDE2","168236"
"RUGI","123618"
"RUGR2","168238"
"RUHA2","127278"
"RUHE7","168239"
"RUHY","58291"
"RUKR","168240"
"RULA9","607138"
"RUMA4","168242"
"RUNE4","168243"
"RUOR2","128716"
"RUORB","242715"
"RUORO","242716"
"RUOR3","168245"
"RUPA4","168246"
"RUPA6","78907"
"RUPAG2","238337"
"RUPAP","238338"
"RUSA","60233"
"RUSAA","242717"
"RUSAC","118421"
"RUSAD","118423"
"RUSAL","242718"
"RUSAM","154139"
"RUSAS","58989"
"RUSAT4","118419"
"RUSI","168251"
"RUSK","168252"
"RUSP2","168253"
"RUTO","168254"
"RUVE2","78913"
"RUVE3","128660"
"RUVI","78914"
"RUAD","168255"
"RUHA5","78915"
"RUPH3","53198"
"RURI2","78916"
"RUAN4","NaN"
"RUCI2","61089"
"RUMA5","61090"
"SABR4","NaN"
"SACA","366014"
"SAET","168256"
"SAME8","168257"
"SAMI8","81804"
"SAPA","123481"
"SAAN","84666"
"SAAR","168258"
"SABA8","168260"
"SABR9","168261"
"SABR10","126298"
"SACA2","168262"
"SACA26","84667"
"SACA3","84668"
"SACA27","168263"
"SADI2","168264"
"SADO","168265"
"SADOD","242719"
"SADOF","242720"
"SAFO7","168266"
"SAGE","168267"
"SAGR8","127442"
"SAKE","168268"
"SAMA8","168269"
"SAMAM2","1402797"
"SAMAR","242722"
"SAQU","168270"
"SAST5","126339"
"SACI2","83128"
"SAVI6","286285"
"SAAL21","494532"
"SABA10","168272"
"SABR18","168273"
"SABRB5","1056703"
"SABRC3","508187"
"SACO31","168274"
"SAGI","168276"
"SASP","827176"
"SAST","168279"
"SADO6","633912"
"SAIN5","275639"
"SAPO3","168280"
"SACY3","122709"
"SAPA11","168281"
"SASO2","168282"
"SASQ","168283"
"SAWA3","878802"
"SAGL70","168284"
"SAMI10","168285"
"SAWR","168287"
"SAAP","1613793"
"SACA10","168288"
"SADE","57004"
"SADED","57002"
"SADEO","57000"
"SAMA6","78922"
"SAMAC","80178"
"SAMAM","238339"
"SANI7","168290"
"SANOB","238340"
"SAPR","55667"
"SASA","78923"
"SAAM4","168292"
"SAAU2","69808"
"SABR8","168293"
"SACA21","1506723"
"SACAC","242723"
"SACAS","242724"
"SACR4","168295"
"SACU","78925"
"SADE11","168296"
"SAEN","168297"
"SAFA5","129697"
"SAFI2","69809"
"SAGR","69810"
"SAGRC2","242725"
"SAGRG","818739"
"SAGRW","203115"
"SAIN10","206691"
"SAIS","69811"
"SAKU","69812"
"SALA","1504195"
"SALAL7","238342"
"SALAM2","200030"
"SALA2","48070"
"SALO2","78926"
"SAPA2","168299"
"SAPL","69816"
"SARI","78927"
"SASA2","78928"
"SASE9","168300"
"SASU","818742"
"SATE2","168301"
"SADO12","NaN"
"SAPO10","NaN"
"SAPO11","NaN"
"SASC7","NaN"
"SASC8","NaN"
"SAUM3","NaN"
"SABR12","168302"
"SACO12","840920"
"SACO13","168304"
"SAEL5","840923"
"SAKI","168305"
"SAMU2","168306"
"SANU6","84746"
"SAPU18","84744"
"SASU8","168307"
"SAVE7","168308"
"SAVI8","168309"
"SAWA2","168310"
"SACH18","425782"
"SAFO","1144617"
"SAME","168311"
"SABI","78929"
"SADE10","78930"
"SAMA11","122145"
"SARU","78933"
"SAAM11","900550"
"SAAR21","NaN"
"SABE4","NaN"
"SABE5","NaN"
"SABR11","900557"
"SACO10","NaN"
"SACR10","NaN"
"SADI3","NaN"
"SADU","NaN"
"SAEH","NaN"
"SAGA","NaN"
"SAGL3","NaN"
"SAGR7","NaN"
"SAJA7","NaN"
"SALA10","NaN"
"SAOB","NaN"
"SAPE9","NaN"
"SAPE14","168348"
"SAPR7","NaN"
"SARU2","NaN"
"SASC9","NaN"
"SASI5","NaN"
"SASM2","NaN"
"SASO4","NaN"
"SAWA","NaN"
"SAWI","NaN"
"SAAL","168313"
"SAALA","57259"
"SAALL","242729"
"SAAM2","891217"
"SAAR3","168314"
"SAAR27","67799"
"SAAR6","67800"
"SAAR7","168315"
"SAAR14","168316"
"SAAT","168317"
"SABA7","168318"
"SABA3","168319"
"SABA4","168320"
"SABE2","54843"
"SABO","69993"
"SABO2","78934"
"SABR","78935"
"SABRB7","81355"
"SABRP5","242732"
"SABR2","78936"
"SACA37","168321"
"SACA4","168322"
"SACA5","125683"
"SACA6","168323"
"SACH","168324"
"SACH6","168325"
"SACO2","168327"
"SACO3","155000"
"SADE2","78937"
"SADI","900548"
"SADR","78938"
"SAEA","78939"
"SAER","128808"
"SAEX","59008"
"SAFA","168331"
"SAFL","168332"
"SAFU","168334"
"SAGE2","78940"
"SAGL","168335"
"SAGLC","238346"
"SAGLG","238347"
"SAGLA","NaN"
"SAGLG2","NaN"
"SAGLV","NaN"
"SAGLS6","NaN"
"SAGO","60240"
"SAHA","168336"
"SAHE2","168337"
"SAHO","78941"
"SAHU2","128671"
"SAHUH","242737"
"SAHUT","242738"
"SAIN3","131125"
"SAIR","168338"
"SAJE3","168339"
"SAJE","78942"
"SALA3","58319"
"SALA6","53452"
"SALAB","61102"
"SALAL2","53459"
"SALE","78944"
"SALI","78945"
"SALU","54846"
"SALUC","238348"
"SALUL","118406"
"SALUL2","238349"
"SALU2","78946"
"SAMA12","168340"
"SAME2","78947"
"SAMO4","168341"
"SAMO2","168342"
"SAMY2","118751"
"SAMYA","242739"
"SAMYM","242740"
"SAMY","168344"
"SANI","54847"
"SANI10","1237258"
"SANI8","78948"
"SANU4","168345"
"SAOR","78949"
"SAOV","168346"
"SAOVA","242743"
"SAOVC","242744"
"SAOVG","242745"
"SAOVO","242746"
"SAPE2","168347"
"SAPE3","126987"
"SAPE5","54848"
"SAPE18","78950"
"SAPH","168350"
"SAPL2","78951"
"SAPLP4","238350"
"SAPO","168351"
"SAPR3","78952"
"SAPS","168352"
"SAPS8","1143996"
"SAPU15","1030044"
"SAPY","168353"
"SARA4","168354"
"SARE2","168355"
"SAREG","238353"
"SARER","238354"
"SARI4","168356"
"SARO2","168357"
"SAROD","238355"
"SAROR","238356"
"SASC","71076"
"SASE","130126"
"SASE2","168358"
"SASE3","168359"
"SASE4","168360"
"SASI13","168361"
"SASI2","61100"
"SASP2","168362"
"SAST2","168363"
"SATA","168364"
"SATR","78953"
"SATU2","168366"
"SATW","168367"
"SATY2","1237407"
"SAUV","168368"
"SAVE","168369"
"SAWO","168370"
"SASC3","289587"
"SACA46","426587"
"SAAU11","59657"
"SACA51","78961"
"SALA26","78962"
"SASP12","78963"
"SASPG","80180"
"SASPS","80181"
"SABE3","NaN"
"SAPA10","181662"
"SAAM5","168373"
"SAAP2","64134"
"SAAPA","181865"
"SAAPC","181866"
"SAAR8","168375"
"SAAZ","57121"
"SAAZA","242747"
"SAAZG","57120"
"SABA5","168376"
"SABR3","78965"
"SACA8","58190"
"SACH5","852224"
"SACL","78966"
"SACO5","128652"
"SACO6","53200"
"SACOA5","242748"
"SACOC","830667"
"SACOZ","242749"
"SADA2","168377"
"SADO4","1486830"
"SADOD2","81359"
"SADOC5","194151"
"SADOD3","194150"
"SADOI","194153"
"SADOP","NaN"
"SADOM","238364"
"SAEN2","168379"
"SAER2","78968"
"SAFA2","148006"
"SAFU2","67813"
"SAGR3","888501"
"SAGR4","168380"
"SAHE3","168381"
"SALE5","168382"
"SALE2","168383"
"SALE3","58191"
"SALY","168384"
"SALY2","64093"
"SAME3","50643"
"SAMI11","168385"
"SAMIB","242752"
"SAMIM2","242753"
"SAMI12","126484"
"SAMO3","78970"
"SAMU","78971"
"SAOC5","168389"
"SAPA5","78972"
"SAPA6","168390"
"SAPE6","550429"
"SAPE15","168391"
"SAPI2","168392"
"SARE3","128693"
"SARE4","168393"
"SARI5","168394"
"SARO3","168395"
"SASE8","168397"
"SASO","63964"
"SASP3","64133"
"SASU7","168398"
"SASU4","168399"
"SATE3","168400"
"SATH2","1193424"
"SAUR","168401"
"SAVA","78973"
"SAVI3","168403"
"SAWH2","713731"
"SAIN13","431588"
"SANI4","1665961"
"SANIC4","52688"
"SANIC5","53454"
"SARA2","57824"
"SARAM4","57825"
"SARAR3","57826"
"SAEB2","127935"
"SAEBA","318207"
"SAEBC","318165"
"SAEBE","238369"
"SAVA2","168406"
"SAVA3","168407"
"SAVAP","238370"
"SADO7","542197"
"SACA13","51044"
"SAAN2","168409"
"SACA14","783544"
"SAME6","168410"
"SAOF3","64549"
"SAAR9","55466"
"SAAR10","78978"
"SABI2","57626"
"SABI3","56840"
"SACA15","81722"
"SACAC2","200041"
"SACAG2","209200"
"SACR2","53201"
"SACRC","68470"
"SACRT","68471"
"SAGR5","78979"
"SAHO2","64112"
"SAKA2","168413"
"SALA7","56841"
"SAMA2","130365"
"SAMA3","57625"
"SAMA9","168414"
"SAOD","127367"
"SAPE7","78980"
"SAPU8","168415"
"SASA9","168416"
"SASA3","57783"
"SASM","168417"
"SATR3","78981"
"SATR4","168418"
"SATU","56842"
"SAOR9","168420"
"SAUN8","168421"
"SAUNS","242754"
"SAUNU","242755"
"SAEL2","82767"
"SAFR4","168425"
"SAFRF","242756"
"SAFRL2","242757"
"SAFRP","242758"
"SAHA3","168426"
"SAPA7","82766"
"SAPAP","242759"
"SAPAP2","242760"
"SASA8","168427"
"SAAB","78982"
"SAOC3","168428"
"SAOA3","NaN"
"SASA4","952228"
"SASAD","242761"
"SASAS","1608721"
"SAGL5","120167"
"SALA25","275448"
"SALA8","829753"
"SANA7","NaN"
"SABA14","78983"
"SAVE4","67802"
"SAPA30","168433"
"SAPE11","131550"
"SAUT2","168434"
"SASA5","49472"
"SARE","1144602"
"SASA19","156239"
"SAAH","NaN"
"SAAR24","NaN"
"SABE10","NaN"
"SACA7","NaN"
"SACA23","714235"
"SACH19","NaN"
"SACH7","NaN"
"SAEX4","NaN"
"SAFO3","NaN"
"SAGI2","NaN"
"SAHA7","NaN"
"SAMI21","525303"
"SAMO7","631307"
"SANA8","627259"
"SAPO4","NaN"
"SARE17","NaN"
"SARE10","NaN"
"SASW","NaN"
"SAWR2","NaN"
"SAAL4","123545"
"SAFL4","81900"
"SALE4","121265"
"SAMI9","123544"
"SAOR3","168439"
"SAPS2","62274"
"SAPU4","52651"
"SAPUM","NaN"
"SAPUP6","NaN"
"SAPUV","181897"
"SARO14","245875"
"SARO","NaN"
"SARU4","52648"
"SARUA","172850"
"SARUG","238376"
"SARUJ","182746"
"SARUR","238377"
"SARUW","62276"
"SAFL5","168440"
"SAAL5","54795"
"SAVI7","285170"
"SACE","60742"
"SATS","NaN"
"SAAM3","78984"
"SAAN3","168444"
"SAANA3","242766"
"SAANY","242767"
"SADE3","168445"
"SANU","168446"
"SAVI4","168447"
"SAWE","168448"
"SAAL20","168449"
"SABA6","168451"
"SASE6","282366"
"SAAD","144153"
"SAADO2","238405"
"SAAI","144152"
"SAAL6","144151"
"SAAP4","168452"
"SAAP3","168453"
"SABR6","128874"
"SABRA2","238406"
"SABRC","238407"
"SABRC4","NaN"
"SABRF","238408"
"SABRV2","238409"
"SABR7","168454"
"SABRB3","242768"
"SABRT","242769"
"SACA50","128873"
"SACAC4","NaN"
"SACAD2","548989"
"SACAM2","548988"
"SACAS4","548993"
"SACAS5","548990"
"SACAU3","548986"
"SACA18","168455"
"SACA53","144156"
"SACA19","168456"
"SACA20","168457"
"SACE2","144155"
"SACH4","168458"
"SAER3","168459"
"SAES","144154"
"SAFE","128872"
"SAFEF","181867"
"SAFEN","242771"
"SAFEV","242772"
"SAFL6","144159"
"SAFLC","238417"
"SAFLS","238418"
"SAFO4","144160"
"SAGA3","168460"
"SAGO2","168461"
"SAHI5","144158"
"SAHIA","242773"
"SAHIH","242774"
"SAHIR","242775"
"SAHI3","144157"
"SAHIC2","NaN"
"SAHIH2","238419"
"SAHIP2","238420"
"SAHI7","168462"
"SAHO4","168463"
"SAHY","78986"
"SAID","168464"
"SAIN4","168465"
"SALY3","144161"
"SALYH","238421"
"SALYL","238422"
"SAMA5","168466"
"SAME7","68218"
"SAMI5","168467"
"SAMI6","118752"
"SANE3","128876"
"SANEC","238423"
"SANEC2","238424"
"SANEI","238425"
"SANEN","238426"
"SANEP","238427"
"SANEP2","238428"
"SANI5","168468"
"SANIC2","242776"
"SANIN","242777"
"SANI6","144163"
"SANU2","144162"
"SANU3","168469"
"SAOC4","144164"
"SAOD2","118529"
"SAOP","128880"
"SAOPG","238429"
"SAOPO","238430"
"SAOPS","238431"
"SAOR2","168470"
"SAPA13","126734"
"SAPA14","132437"
"SAPAN","132440"
"SAPE8","128094"
"SAPL3","144168"
"SARA7","144167"
"SARE11","144166"
"SARE8","144165"
"SARH2","168471"
"SARI8","128879"
"SARU7","128878"
"SARU8","144178"
"SASE7","144179"
"SASI6","144174"
"SASP4","144171"
"SAST16","168473"
"SASU6","168474"
"SATA4","NaN"
"SATE5","168476"
"SATE9","144169"
"SATE4","168477"
"SATI3","128877"
"SATO2","168478"
"SATR5","144177"
"SAVI5","67817"
"SAVIS","242778"
"SAVIV","242779"
"SAFR5","78987"
"SCSC15","121786"
"SCSCA2","1581145"
"SCSCC","1581146"
"SCSCS5","1581144"
"SCCE3","NaN"
"SCCH3","54994"
"SCCO7","168483"
"SCGA2","168484"
"SCGA3","168485"
"SCGL5","168486"
"SCHO10","168487"
"SCKI","168488"
"SCMO5","168489"
"SCPL","126620"
"SCPR","168490"
"SCSE6","48322"
"SCSES","48321"
"SCSET","48320"
"SCAE2","168491"
"SCAM11","168492"
"SCAP4","168493"
"SCBO4","123692"
"SCBR13","168494"
"SCCA30","168495"
"SCCAC4","NaN"
"SCCAL2","NaN"
"SCCA28","NaN"
"SCCA29","168496"
"SCCO23","168497"
"SCCR7","168498"
"SCCU7","168499"
"SCCUC","242780"
"SCCUG","242781"
"SCCUI","242782"
"SCCU8","168500"
"SCCUC2","242783"
"SCCUD","242784"
"SCDE7","168501"
"SCDED","242785"
"SCDED2","242786"
"SCGL13","168502"
"SCGY","168503"
"SCHI5","168504"
"SCHY7","168505"
"SCIN10","168506"
"SCIR","168507"
"SCIRI","238439"
"SCIRR","238440"
"SCKA5","168508"
"SCLI15","168510"
"SCLIL","242787"
"SCLIM","242788"
"SCMA13","168511"
"SCMU12","168512"
"SCMUM","238441"
"SCMUP3","238442"
"SCMUP","NaN"
"SCMUP2","NaN"
"SCNE4","341568"
"SCOB8","168514"
"SCOB9","168515"
"SCOR3","168516"
"SCPA26","168517"
"SCPAP4","242790"
"SCPAR","242791"
"SCPAV","242792"
"SCPA24","168518"
"SCPA27","168519"
"SCPAP5","242793"
"SCPAR2","242794"
"SCPA25","168520"
"SCPE12","168521"
"SCPS2","1038580"
"SCPU16","168522"
"SCSA9","168523"
"SCSC14","168524"
"SCSCA","NaN"
"SCSCD3","242795"
"SCSCS4","242796"
"SCSE12","168525"
"SCSI5","168526"
"SCSP5","168527"
"SCSU12","168528"
"SCTU5","168529"
"SCUL","168530"
"SCUM3","168531"
"SCUN6","123973"
"SCUNA2","242797"
"SCUNO","242798"
"SCUNU4","242799"
"SCZE","NaN"
"SCMO3","706885"
"SCSU13","546790"
"SCCU4","316754"
"SCFR","316879"
"SCPA","148962"
"SCAS","NaN"
"SCAR10","322335"
"SCEL5","425784"
"SCGL6","430184"
"SCMO10","209996"
"SCPA2","78991"
"SCPAA3","238444"
"SCAD","168532"
"SCAM3","168533"
"SCAP","168534"
"SCAT7","168535"
"SCDI4","168536"
"SCGL2","168537"
"SCHA4","168538"
"SCHA5","448415"
"SCHE2","168539"
"SCHO","168540"
"SCIM","168541"
"SCJA2","168542"
"SCKA","168543"
"SCKA4","168544"
"SCKE","168545"
"SCLA16","168546"
"SCLI4","168547"
"SCLY2","168548"
"SCMA4","168549"
"SCME2","168550"
"SCME3","168551"
"SCNU3","168552"
"SCPE14","NaN"
"SCPU5","168554"
"SCPUP2","242800"
"SCSA3","168555"
"SCSA4","168556"
"SCSP","168557"
"SCSPL","242802"
"SCSPS","242803"
"SCST3","168558"
"SCVE3","168559"
"SCAR8","168560"
"SCGL7","168563"
"SCAG70","168564"
"SCAN10","168565"
"SCAP70","168566"
"SCCI5","168568"
"SCCR5","168570"
"SCHE4","168576"
"SCMA9","168578"
"SCOB4","168579"
"SCOC9","168580"
"SCPU12","168583"
"SCRI4","168584"
"SCRIL","242804"
"SCRIR","242805"
"SCTE11","168589"
"SCTR7","168590"
"SCIN3","168593"
"SCPE9","168594"
"SCPU","129497"
"SCBR4","140045"
"SCCI2","168595"
"SCFR5","369764"
"SCLI11","118747"
"SCMA3","168598"
"SCNI2","168599"
"SCPS3","1144577"
"SCRH","168600"
"SCSA","168601"
"SCSAH","242806"
"SCSAS","242808"
"SCSC","122603"
"SCSCD","238447"
"SCSCS","238449"
"SCSCS3","NaN"
"SCSP4","168603"
"SCTE5","168605"
"SCDID","NaN"
"SCDIS","83604"
"SCFL5","206157"
"SCPE7","NaN"
"SCPO","137104"
"SCPU2","168606"
"SCRO2","168607"
"SCLI2","1136649"
"SCAN","168610"
"SCANW","242811"
"SCMU6","168611"
"SCPIG","315707"
"SCBR5","348490"
"SCLA9","168613"
"SCRU7","168614"
"SCDR","168615"
"SCDU","168616"
"SCTE2","168617"
"SCAR5","156219"
"SCBA80","156221"
"SCLI12","156222"
"SCLI","156218"
"SCAL5","168618"
"SCCR","168619"
"SCWR3","168620"
"SCMA11","NaN"
"SCER6","533158"
"SCERR2","533159"
"SCHA10","494016"
"SCJU4","736568"
"SCPU14","358065"
"SCSA11","777356"
"SCSM3","567184"
"SCCA25","793815"
"SCCO20","793818"
"SCOB10","793819"
"SCST10","793816"
"SCAC3","59205"
"SCACA","59207"
"SCACO2","546020"
"SCAM6","59066"
"SCCA11","47159"
"SCDE6","168621"
"SCET2","168623"
"SCHE5","78994"
"SCPU10","59072"
"SCPUB","181664"
"SCPUL4","318260"
"SCPUP5","242813"
"SCSU10","78997"
"SCTA2","78998"
"SCTO3","168634"
"SCCA23","426625"
"SCNI","79000"
"SCAR2","320162"
"SCOB","848728"
"SCSC3","168635"
"SCMO11","168636"
"SCEX2","348491"
"SCBR7","910830"
"SCHE3","1174183"
"SCAM","168637"
"SCFA3","168638"
"SCAR9","491100"
"SCMU16","491115"
"SCGH","426631"
"SCPE2","NaN"
"SCAN5","118746"
"SCAT4","168640"
"SCAT2","1249583"
"SCCO","79001"
"SCCY","1638586"
"SCDI","79003"
"SCDI2","168641"
"SCEX","168642"
"SCFL2","168643"
"SCGE2","168644"
"SCHA3","52632"
"SCLI5","168645"
"SCLO","168646"
"SCMI2","59068"
"SCNE","168647"
"SCPA8","168648"
"SCPE3","118745"
"SCPE4","49367"
"SCPO2","168649"
"SCBA2","168652"
"SCCA24","NaN"
"SCCI6","327344"
"SCCI","168654"
"SCCIC","242818"
"SCCIG","242819"
"SCCU2","NaN"
"SCEG","280826"
"SCGE","168655"
"SCHA7","1251481"
"SCHI3","168656"
"SCLE7","370167"
"SCLI3","168658"
"SCMI3","290578"
"SCMI4","168659"
"SCMU8","824785"
"SCNO4","370168"
"SCOL2","168662"
"SCPA5","168663"
"SCPAC","242820"
"SCPAC2","242821"
"SCPAP2","242822"
"SCPO8","955938"
"SCPT","NaN"
"SCPTM","NaN"
"SCPTP","NaN"
"SCRE","141077"
"SCRU8","370169"
"SCSC2","348493"
"SCSE4","290623"
"SCSU9","426639"
"SCTE6","168664"
"SCTR","141078"
"SCVE2","145496"
"SCBR12","168665"
"SCGL3","168669"
"SCME4","168672"
"SCNY","168673"
"SCPA10","168674"
"SCPA9","148445"
"SCPAH","148444"
"SCPAI2","242825"
"SCPAP","148442"
"SCPAT","148446"
"SCPO4","79005"
"SCPU6","168675"
"SCSI3","168677"
"SCSP2","168678"
"SCSPB","871498"
"SCSPS2","871499"
"SCWE","168682"
"SCWH","168683"
"SCWR","148303"
"SCUN2","168684"
"SCUNA","242827"
"SCUNU","1555374"
"SCDU2","79006"
"SCUN3","168685"
"SCDI5","79007"
"SCCA17","NaN"
"SCCE5","67909"
"SCCEC5","242829"
"SCCES","242830"
"SCJU3","67942"
"SCOB5","123794"
"SCTO2","67907"
"SCTOC","242831"
"SCTOT","242832"
"SCBR2","79008"
"SCBI","48990"
"SCHA2","48991"
"SCFE","168687"
"SCGR5","NaN"
"SCPO9","1476733"
"SCVE4","1123637"
"SCDU3","317963"
"SCCA18","168689"
"SCLI13","168690"
"SCRI2","79010"
"SCSC70","168692"
"SCAQ2","168694"
"SCMA10","168695"
"SCSI8","1638682"
"SCBO","57196"
"SCAT3","79011"
"SCCA2","50812"
"SCCAC","1058463"
"SCCAF2","318175"
"SCDE","62684"
"SCLA5","50808"
"SCLA","79012"
"SCMA7","168696"
"SCMA2","773860"
"SCMI8","1232340"
"SCMO4","168697"
"SCNO2","124485"
"SCOR","168698"
"SCPA6","168699"
"SCVI","79014"
"SCCH2","NaN"
"SCAL2","168701"
"SCAL3","168702"
"SCAN3","168704"
"SCANA2","238462"
"SCANM","238463"
"SCAN4","59794"
"SCAR3","168705"
"SCAR4","168706"
"SCBO2","79015"
"SCBOA","80183"
"SCBOB","80184"
"SCBR3","168707"
"SCBU","168708"
"SCCA3","59791"
"SCCA4","168709"
"SCDR2","168710"
"SCDRD","1555275"
"SCDRE","1555276"
"SCDRR","1555277"
"SCEL","134213"
"SCELE","242835"
"SCELH","242836"
"SCFL4","168711"
"SCGA","79016"
"SCGL4","168712"
"SCHA6","168713"
"SCIN","133094"
"SCINA","NaN"
"SCINI2","242837"
"SCINP","242838"
"SCIN2","127045"
"SCLA4","168714"
"SCLA2","79017"
"SCLAL2","59795"
"SCMI6","168715"
"SCMO6","168716"
"SCMU4","168717"
"SCMU2","168718"
"SCNA","79019"
"SCNE2","129638"
"SCOC2","168719"
"SCOV","82531"
"SCOVB","238464"
"SCOVC2","238465"
"SCOVM","238466"
"SCOVO","238467"
"SCOVP","238468"
"SCOVR","238469"
"SCOVR2","238470"
"SCOVV2","238471"
"SCOVV3","238472"
"SCPA7","129652"
"SCPAA2","129653"
"SCPAM","129615"
"SCPAP3","129654"
"SCPO5","168720"
"SCPOP2","238474"
"SCPOP4","NaN"
"SCPOP3","238475"
"SCPOD","NaN"
"SCPOG2","NaN"
"SCPOT","NaN"
"SCPS","168721"
"SCRE3","168722"
"SCSA6","168723"
"SCSA5","168724"
"SCSE5","168725"
"SCSI6","59792"
"SCTE15","932511"
"SCTH","168727"
"SCTU2","57122"
"SCWR2","53913"
"SCJA","341626"
"SCHY","426640"
"SEBI9","168728"
"SEED","125147"
"SEVI5","136613"
"SECO6","168731"
"SELE7","1550802"
"SEPE3","58884"
"SEPU4","79023"
"SEAL2","79024"
"SEBO2","339163"
"SECI6","704705"
"SECO","168733"
"SEDE","123928"
"SEDI","61155"
"SEEA2","168734"
"SEGL3","790148"
"SEHA","168737"
"SELA","79026"
"SELAL","142912"
"SELAN2","238479"
"SELAS","238480"
"SELA2","79027"
"SELAF","80186"
"SELAH","80187"
"SELAL2","80188"
"SELE","168740"
"SEMO2","203990"
"SEMO5","168742"
"SENA","276073"
"SENE","168743"
"SENI","79028"
"SENU","61156"
"SEOB3","79029"
"SEOB","60847"
"SEOBB","80189"
"SEOBO","80190"
"SEOBR","80192"
"SEOR","79030"
"SEORO","238481"
"SEORT","238482"
"SEOR2","79031"
"SEPA15","1143927"
"SEPU","168746"
"SEPU6","168747"
"SERA4","61471"
"SERAC","238484"
"SERAD","238485"
"SERAR","238486"
"SERU3","168749"
"SESP","58886"
"SESPP","238487"
"SESPP2","238488"
"SESPS","238489"
"SESPY","238490"
"SEST","168752"
"SEST2","79033"
"SESTM","238491"
"SESTS2","238492"
"SETE3","127597"
"SEVA5","625968"
"SEVI6","168753"
"SEWR","168754"
"SEWRP","238493"
"SEWRW","238494"
"SENE3","NaN"
"SEAC4","137107"
"SEAP","130887"
"SEAR5","168755"
"SEAR","168756"
"SEARA2","238496"
"SEARR","238497"
"SEAR2","168757"
"SEAR6","168758"
"SEAS","79034"
"SEBI","58768"
"SECI7","346868"
"SECI","79035"
"SECO5","872999"
"SEDE4","168760"
"SEDE2","136990"
"SEDED","242840"
"SEDES","142800"
"SEDES2","242841"
"SEDO6","872893"
"SEDO","136991"
"SEEA","168761"
"SEEC","168762"
"SEER","79036"
"SEHA2","79037"
"SEKR2","873119"
"SELA5","873128"
"SELE2","168764"
"SELE3","79038"
"SELU3","168765"
"SEME2","168766"
"SEMU","149014"
"SEMUL","242842"
"SEMUM","242843"
"SEOR3","79039"
"SEOV","332850"
"SEPA7","873207"
"SEPE","168767"
"SEPI","168768"
"SEPL2","873231"
"SEPS4","872890"
"SERU","133266"
"SERU2","137054"
"SESA2","168769"
"SESE","136989"
"SESI","144230"
"SESU2","137053"
"SESU3","359729"
"SETE8","137023"
"SETO","168770"
"SEUN","137060"
"SEUT","168772"
"SEVI","137062"
"SEWA","63875"
"SEWA2","79041"
"SEWE3","137063"
"SEWR2","168774"
"SEAU","230772"
"SEDI2","230773"
"SEGR2","343226"
"SEJO","343227"
"SEJOJ","1059514"
"SEJOO","550439"
"SECO16","168775"
"SESP8","168778"
"SEAC8","168779"
"SEBR5","168780"
"SECA15","168781"
"SECA16","168782"
"SECA17","168783"
"SEDI12","168784"
"SEDO4","168785"
"SEOE","168786"
"SEPO7","168787"
"SEPU14","168788"
"SERE6","168789"
"SESU70","168790"
"SETR7","168791"
"SEAN","168792"
"SEDI3","168793"
"SELA3","168794"
"SEMA17","168795"
"SENE5","168796"
"SEPA","168797"
"SEAD3","168798"
"SEDE7","168799"
"SEMA13","168800"
"SESU11","168801"
"SEVE6","1479491"
"SEAC2","880579"
"SEAM","168803"
"SEAMA","242844"
"SEAMH","550721"
"SEAM2","126605"
"SEAP2","63375"
"SEAR3","168805"
"SEAR4","53206"
"SEAS2","58847"
"SEAT","168806"
"SEBI2","168808"
"SEBIB","740874"
"SEBIH","242847"
"SEBL","79042"
"SECA","58848"
"SECA7","168809"
"SECL","79043"
"SECO2","168811"
"SECR","168812"
"SEEL2","168814"
"SEER2","168815"
"SEERE","242848"
"SEERK","242849"
"SEERM","242850"
"SEER4","168816"
"SEFL3","58036"
"SEFLD","58037"
"SEFLF","242851"
"SEFLM","81363"
"SEFR3","79045"
"SEFRB","242852"
"SEFRF","81364"
"SEFRI","242853"
"SEFRO","81365"
"SEHY","878082"
"SEHY2","64165"
"SEIN2","79047"
"SEINE","81366"
"SEINI","242854"
"SEINM","81367"
"SEINO","81368"
"SEINS","242855"
"SELE8","168818"
"SELU","168819"
"SELY","79049"
"SEME","168821"
"SEMO3","79050"
"SEMU9","168822"
"SEMUH","242856"
"SEMU12","168823"
"SENE6","168824"
"SEPA2","168825"
"SEPA3","79051"
"SEPS","168826"
"SEPU3","168827"
"SEQU3","168828"
"SERA","168829"
"SERI2","122613"
"SESA3","168831"
"SESC","79053"
"SESE2","54922"
"SESEA","242857"
"SESES","81370"
"SESH","168832"
"SESO","168833"
"SESP3","79054"
"SESPM","242858"
"SESPS2","242859"
"SESP4","168834"
"SESQ","69438"
"SETA","61889"
"SETR","79055"
"SEWA3","168835"
"SEWO","168836"
"SEEM3","NaN"
"SEBE2","898697"
"SEBE3","NaN"
"SEGR4","79056"
"SEMU4","NaN"
"SERO","898731"
"SEVO2","NaN"
"SEWE4","950843"
"SEWR4","752494"
"SEAR8","79057"
"SEBA2","332566"
"SEBA3","122604"
"SEBI5","134205"
"SECO10","79059"
"SEDU","168838"
"SEDUD","316114"
"SEDUI","242860"
"SEGA2","168839"
"SEHE3","136373"
"SEHI2","168840"
"SEHIG","242861"
"SEHIH","242862"
"SELI9","851055"
"SELI4","168843"
"SEMA11","79061"
"SEME4","168844"
"SEMEC","242863"
"SEMO11","168845"
"SENI3","348494"
"SEOB4","62915"
"SEOR5","168848"
"SEPE4","138577"
"SEPEG","181665"
"SEPES","NaN"
"SEPI3","168849"
"SEPO5","335152"
"SEPU13","168850"
"SERI7","168851"
"SERO8","168852"
"SESO2","594433"
"SEUN3","289947"
"SEWI3","135435"
"SESE3","47372"
"SEGI2","59567"
"SERE2","83102"
"SEKA2","1598026"
"SEKAK","NaN"
"SEAS3","168856"
"SELI5","168857"
"SEOR6","79063"
"SEORC2","80193"
"SEORO2","80194"
"SERI4","168858"
"SETO7","803813"
"SEBR4","168859"
"SEDI7","348495"
"SEIN5","168860"
"SEPO4","348496"
"SEDR","120011"
"SEHE8","79064"
"SETO3","124008"
"SEVE","890511"
"SEMA3","168869"
"SEMI7","497647"
"SEPO2","130743"
"SEPOG","NaN"
"SEPOP","1449104"
"SESE5","168870"
"SETR3","168871"
"SEVE2","60112"
"SEAR7","168872"
"SECO4","168875"
"SEGR6","168878"
"SELE6","122606"
"SELI3","168880"
"SEMA4","168881"
"SEMA5","168882"
"SEMA6","145372"
"SEPA10","79068"
"SEPR","1377605"
"SERA2","168886"
"SERE3","168887"
"SEREF","315404"
"SERER","315413"
"SERER2","541442"
"SESC2","168888"
"SESE4","139964"
"SESEL2","NaN"
"SESES2","242865"
"SETE9","1341188"
"SETE6","168889"
"SEUT2","1304922"
"SEVI3","168890"
"SEVU2","273964"
"SEAU4","287990"
"SEBI6","168892"
"SECA4","168893"
"SEFA4","282963"
"SEPE2","133323"
"SEPEP3","133322"
"SEPEP","133321"
"SESC3","168894"
"SETE7","168895"
"SHAR","79071"
"SHCA","79072"
"SHRO","127534"
"SHRO2","168897"
"SHIN","192362"
"SHGA","156106"
"SHGAB","1060449"
"SHGAG","156108"
"SHPU","156097"
"SIDE","79073"
"SIFI","79074"
"SIGR14","168898"
"SIRO","168899"
"SIVI5","284719"
"SIVI2","168900"
"SIHA8","79075"
"SIPR","79076"
"SITR3","81595"
"SIAL7","168901"
"SIAM","168902"
"SIAN","117435"
"SIAN4","168903"
"SICU3","168904"
"SIER","168905"
"SIGL","168906"
"SIHE9","168907"
"SIHI5","168908"
"SIHI6","168909"
"SILA","168910"
"SILA24","168911"
"SILA19","168912"
"SIMA6","168913"
"SIMA7","168914"
"SIMI8","168915"
"SIPA6","168916"
"SIPA","168917"
"SISE5","168918"
"SIWA2","168919"
"SIGR","168920"
"SIAB","168921"
"SIAC3","168922"
"SIAG","168923"
"SICI","168925"
"SICO7","168926"
"SICO","132448"
"SIEL","168928"
"SIELE","1636912"
"SIELP","1636911"
"SIFA","54995"
"SIGL4","154028"
"SIGL5","285516"
"SIGL6","168929"
"SIHE3","118743"
"SIJA","285517"
"SILI","168931"
"SILO","168933"
"SINE","168934"
"SIRH","79077"
"SIRU2","1015588"
"SISA5","279405"
"SISP","79078"
"SIST5","168936"
"SITR","168937"
"SIUR2","168938"
"SIAS4","79079"
"SIASA2","80196"
"SIASN","80197"
"SICA","67831"
"SICAC3","80198"
"SICAR","61042"
"SICA2","168939"
"SICA3","168940"
"SICAC4","242870"
"SICAG3","242871"
"SICE3","79080"
"SICO2","79081"
"SICU","168941"
"SIDI","57139"
"SIEL2","79082"
"SIGI","79083"
"SIGL2","61357"
"SIHA","79084"
"SIHE4","168942"
"SIHI","79085"
"SIHIA","80199"
"SIHIH","1368468"
"SIHIP","80202"
"SIHIV","80204"
"SIHI2","60216"
"SIHI3","168943"
"SIKE","79086"
"SIMA","79087"
"SIMA2","48795"
"SIMAC","68779"
"SIMAD","68778"
"SIMAL","61195"
"SIMAL2","61197"
"SIMAS2","61196"
"SIMAM","61041"
"SIMAP","80205"
"SIMAP2","48794"
"SIMAR2","80206"
"SIMAV","238519"
"SIMU","79088"
"SINE2","168944"
"SINE3","79089"
"SINEC2","238520"
"SINEN","238521"
"SINET","238522"
"SIOR","68635"
"SIORE","80207"
"SIORH","80208"
"SIORO","80209"
"SIORC2","NaN"
"SIORM2","NaN"
"SIORN2","NaN"
"SIORO2","NaN"
"SIORP2","NaN"
"SIORS","80210"
"SIORV","68634"
"SIPE4","79090"
"SIRA","79091"
"SIRE","79092"
"SIRO2","79093"
"SISP7","79095"
"SIST3","79096"
"SIMU4","156094"
"SIPA5","156093"
"SIAL13","168948"
"SICE2","133315"
"SICU7","1218664"
"SIFO","168949"
"SILA20","128748"
"SILAA4","238523"
"SILAL3","238524"
"SILAO","238525"
"SILAR2","238526"
"SILY","168950"
"SIOB","950790"
"SIPO3","273913"
"SIRE8","130029"
"SIREA2","238527"
"SIRER2","238528"
"SIRER3","238529"
"SISA6","168952"
"SITE2","168953"
"SITH2","168954"
"SIHA9","765278"
"SIAC","68886"
"SIACA3","207822"
"SIACE","207823"
"SIACS2","207826"
"SIAL4","168956"
"SIAN2","58780"
"SIAP","52194"
"SIBE4","79101"
"SIBEB","238538"
"SIBEM","238539"
"SIBER","NaN"
"SIBES","NaN"
"SIBR","79103"
"SICA4","154292"
"SICA5","59994"
"SICAC","80211"
"SICAG","80212"
"SICAG2","238540"
"SICA6","128687"
"SICAC2","238541"
"SICAP","205879"
"SICAW","205828"
"SICL","168957"
"SICR","168958"
"SIDE5","168960"
"SIDO","62696"
"SIDOD","81371"
"SIDOO","242883"
"SIDOR","242884"
"SIDR","168961"
"SIDRD","242885"
"SIDRK","242886"
"SIDRS","242887"
"SIGR3","79107"
"SIHA5","168962"
"SIHO","59995"
"SIHOB","238542"
"SIHOH","238543"
"SIHOP","238544"
"SIHOS","NaN"
"SIIN","79108"
"SIIN4","168963"
"SIINE","238545"
"SIINI2","238547"
"SIKI","168964"
"SILA2","62221"
"SILAG2","154295"
"SILAM","154296"
"SILAA","154297"
"SILAL","NaN"
"SILA7","168965"
"SILE2","60523"
"SIMA4","168966"
"SIMA5","79110"
"SIME","79111"
"SIMED","238548"
"SIMEM","238549"
"SIMEM2","NaN"
"SIMEV2","NaN"
"SIMEW","238550"
"SIMU2","168967"
"SINA2","168968"
"SINI","168969"
"SINU","79113"
"SINUI2","127880"
"SINUN","238551"
"SIOC","79114"
"SIOCL","181565"
"SIOCO","181566"
"SIOR3","79115"
"SIOV","143766"
"SIPA3","79116"
"SIPAL","242890"
"SIPAP","242891"
"SIPAV","242892"
"SIPA4","143681"
"SIPE5","168970"
"SIPE","168971"
"SIPEM","242893"
"SIPEP2","242894"
"SIPL","168972"
"SIPO","168973"
"SIRE5","168974"
"SIRE2","125714"
"SIRE3","168975"
"SIREA","238552"
"SIREP","238553"
"SIRO4","168976"
"SISA12","79119"
"SISA","62697"
"SISC","168977"
"SISCL","242895"
"SISCS","242896"
"SISC7","59789"
"SISCH","238554"
"SISCP","59787"
"SISCC","NaN"
"SISCE","NaN"
"SISCG3","NaN"
"SISCL2","NaN"
"SISCP2","NaN"
"SISCS2","80215"
"SISCP3","NaN"
"SISCS3","NaN"
"SISE2","143682"
"SISO3","168980"
"SISP2","168981"
"SIST","128942"
"SIST2","168982"
"SISU3","168983"
"SISU6","485190"
"SISU","79121"
"SITA","168984"
"SITA2","168985"
"SITH","168986"
"SIUR","168987"
"SIURA","238555"
"SIURM","238556"
"SIURO","238557"
"SIURU","238558"
"SIVE","60581"
"SIVEA","238559"
"SIVEP","238560"
"SIVEE","NaN"
"SIVEP2","NaN"
"SIVEV","59788"
"SIVI4","57291"
"SIVIR","242903"
"SIVIV","242904"
"SIWR","168988"
"SIAL","168989"
"SIAS2","130741"
"SIASA","242905"
"SIASA3","242906"
"SIASL2","242907"
"SIBR2","168990"
"SICO5","81823"
"SICOC","242908"
"SICOO2","242909"
"SICOR2","242910"
"SICOV2","242911"
"SIGL10","168991"
"SIGR4","168992"
"SIIN2","168993"
"SIIND","242912"
"SIING","242913"
"SIINI","242914"
"SIINL","242915"
"SIINN","242916"
"SILA3","121976"
"SILAL2","242917"
"SILAR","242918"
"SIMO4","168994"
"SIPE2","81599"
"SIPEC2","242919"
"SIPEP","242920"
"SIPE10","168995"
"SIPI2","168996"
"SIRA2","128837"
"SIRE4","168997"
"SISC4","168998"
"SISI","168999"
"SITE","121951"
"SITEL2","242921"
"SITET","242922"
"SITR7","132671"
"SITRL","132670"
"SITRT","132669"
"SIWA","169000"
"SIGL3","884600"
"SIGLL","NaN"
"SITU","884621"
"SICH","79122"
"SICA7","169002"
"SILA11","850963"
"SINE5","169004"
"SIDE6","963588"
"SISE6","1107808"
"SIAU2","284720"
"SIAC2","169010"
"SIAL3","127373"
"SIAN3","49916"
"SIAR3","169011"
"SIAT","82581"
"SIBE","49918"
"SIBI","169012"
"SICA22","881446"
"SICA8","60550"
"SICA9","169013"
"SICA11","169014"
"SICE","169015"
"SICH2","823779"
"SIDE4","169017"
"SIDI5","129702"
"SIEL3","62244"
"SIFA2","169018"
"SIFU","79126"
"SIFU2","169019"
"SIHA2","79127"
"SIHI4","79128"
"SIID","79129"
"SIIDI","81372"
"SIIDM","242923"
"SIIDO","81373"
"SIIDS","242924"
"SILA5","133957"
"SILI4","169021"
"SILO5","79130"
"SIMA8","169022"
"SIMI4","169023"
"SIMI2","169024"
"SIMO2","127372"
"SIMOC","242925"
"SIMOM","242926"
"SIMU3","127374"
"SINA","169025"
"SIPA11","169026"
"SIRA3","169027"
"SIRO5","169028"
"SISA3","169029"
"SISA4","169030"
"SISE4","169031"
"SIXE","169032"
"SICA12","169033"
"SISU2","79131"
"SLAM","1127024"
"SLBE","974051"
"SMUV","130891"
"SMBO","169034"
"SMBOB","242927"
"SMBOJ","242928"
"SMBOK","242929"
"SMBOV","242930"
"SMCA","989721"
"SMCAA","242931"
"SMCAI","242932"
"SMCAP","242934"
"SMHO","169035"
"SMJO","169036"
"SMME4","359552"
"SMOV","79132"
"SMOVC","242935"
"SMOVO","242936"
"SMPY","169037"
"SMAU","127910"
"SMBI","169038"
"SMBO2","125677"
"SMBOB2","NaN"
"SMBOL","1589826"
"SMCA2","79133"
"SMCO","169039"
"SMEC","130005"
"SMGL","81831"
"SMHE","154524"
"SMHU","169040"
"SMIL","169041"
"SMJA","79134"
"SMLA3","NaN"
"SMLA","169043"
"SMME","169044"
"SMPS","169045"
"SMPU2","169046"
"SMPU","143362"
"SMRE","169047"
"SMRO","60746"
"SMSM","169048"
"SMTA2","128943"
"SMWA","169049"
"SMLA4","426680"
"SOGR3","169050"
"SOAD","290662"
"SOAM","59035"
"SOBA","169051"
"SOBAB","242937"
"SOBAL","242938"
"SOBAR","242939"
"SOCA","169053"
"SOCA3","901188"
"SOCAC4","242940"
"SOCAF","242941"
"SOCI","169056"
"SOCIC","242943"
"SOCIS","242944"
"SOCL","169057"
"SOCO2","431631"
"SODA2","169058"
"SODI","79136"
"SODO","64105"
"SOEL","79137"
"SOER2","133286"
"SOFE","169062"
"SOFEF","242947"
"SOFET","242948"
"SOHE","169066"
"SOHEH","242949"
"SOHEN","242950"
"SOHES","181871"
"SOHI4","56239"
"SOIN","169067"
"SOIN2","169068"
"SOJA3","169069"
"SOJA","169070"
"SOLA3","169071"
"SOLE4","169072"
"SOLU2","169073"
"SOMA2","169074"
"SOMU3","1019781"
"SONE2","169075"
"SONU4","290751"
"SOPA","56116"
"SOPO","701685"
"SOPS2","169079"
"SOPT7","204182"
"SOPU9","81803"
"SOPY","153329"
"SORA2","169080"
"SORI3","NaN"
"SORO","62642"
"SORU","290772"
"SOSA4","169082"
"SOTE","169085"
"SOTE4","169086"
"SOTEL","242953"
"SOTET","242954"
"SOTR","79144"
"SOTR2","169087"
"SOUM","1515383"
"SOUMG","242955"
"SOUMI","242956"
"SOUMU","50640"
"SOWA","79145"
"SOWO","1232331"
"SOXA","79146"
"SOXAG","242957"
"SOXAH","242958"
"SOXAI","242959"
"SOXAM","242960"
"SOXAO","242961"
"SOXAX","242962"
"SOAS2","NaN"
"SOBA4","333638"
"SOBE","566837"
"SOER3","NaN"
"SOOV","1454412"
"SOUL4","1454413"
"SOAL3","169091"
"SOAL5","169092"
"SOAL6","79148"
"SOAR4","169093"
"SOAR","129436"
"SOARA","238579"
"SOARB","242963"
"SOARC","242964"
"SOARH","242965"
"SOARN","242966"
"SOAU2","169094"
"SOBI","146717"
"SOBR","169095"
"SOBU","169096"
"SOCA4","120005"
"SOCA9","169097"
"SOCA5","118909"
"SOCA6","67808"
"SOCAC3","242968"
"SOCAG","242969"
"SOCAH","242970"
"SOCAL","242971"
"SOCAS","60979"
"SOCU","169098"
"SOCU2","169099"
"SODE5","169100"
"SODI3","169101"
"SOER","169102"
"SOFA","169103"
"SOFI","169104"
"SOFL","169105"
"SOFL2","119154"
"SOGA","169106"
"SOGI","83073"
"SOGL2","169107"
"SOGR4","169108"
"SOGU","79151"
"SOHI","169109"
"SOHIA","242972"
"SOHIH","242973"
"SOHIL","242975"
"SOHIT","242976"
"SOJU2","169110"
"SOJU","135261"
"SOLA6","355639"
"SOLA4","169111"
"SOLE5","169112"
"SOLU","169113"
"SOMA4","169114"
"SOMI2","130378"
"SOMIF","242977"
"SOMIM","242978"
"SOMIT2","242979"
"SOMIT","242980"
"SOMO","169115"
"SOMOA","242981"
"SOMOM","242982"
"SOMU","79153"
"SOMUA","242983"
"SOMUM","242984"
"SOMUS","242986"
"SONA","169116"
"SONE","130377"
"SONEL","242987"
"SONEN","242988"
"SOOD","131183"
"SOODC","131182"
"SOODO","203692"
"SOOU","169117"
"SOPA2","145721"
"SOPAP","242989"
"SOPAS","559353"
"SOPE","154546"
"SOPEA","242991"
"SOPEP","242992"
"SOPI","169118"
"SOPL","169119"
"SOPO2","169120"
"SOPU","126658"
"SOPUP2","242993"
"SOPUP","242994"
"SOPU3","169121"
"SORA","135228"
"SORAL","242995"
"SORAR","242996"
"SORAS","242997"
"SORO2","169122"
"SORU2","128551"
"SORUA","954424"
"SORUR","238581"
"SORUR2","NaN"
"SORUS","NaN"
"SORUV","NaN"
"SORU3","169123"
"SOSC","169124"
"SOSE","126888"
"SOSEM","200049"
"SOSES","202338"
"SOSH","169125"
"SOSI3","126653"
"SOSIR","126648"
"SOSIG2","126647"
"SOSIM","NaN"
"SOSIO","NaN"
"SOSIR2","426030"
"SOSIR3","NaN"
"SOSIS","318252"
"SOSIC3","NaN"
"SOSIN","NaN"
"SOSIS3","NaN"
"SOSIS4","NaN"
"SOSI4","169126"
"SOSP2","1156979"
"SOSPJ","243007"
"SOSPP","243008"
"SOSPR","243009"
"SOSPS4","238583"
"SOSP3","79154"
"SOSPC","NaN"
"SOSPS6","NaN"
"SOSP4","169127"
"SOSP6","169128"
"SOSQ","169129"
"SOST","169130"
"SOTO2","169131"
"SOUL","126657"
"SOULL","243010"
"SOULL2","243011"
"SOULT","243012"
"SOULU","243013"
"SOUL2","129599"
"SOULM","243014"
"SOULP2","243015"
"SOULU2","243016"
"SOVE6","79155"
"SOVE2","169132"
"SOVI10","169134"
"SOWR","169135"
"SOWRA","243017"
"SOWRW","243019"
"SOBI4","NaN"
"SOAL10","196661"
"SOAR3","169139"
"SOCH","70036"
"SOGY80","138583"
"SOGYG","243020"
"SOLE3","169141"
"SONU","138584"
"SOSE3","169142"
"SOST4","148926"
"SOTO3","127036"
"SOTOL","874871"
"SOTOO","243021"
"SOTOT","243022"
"SOAR10","NaN"
"SOJA8","NaN"
"SOTH","NaN"
"SOAM3","54265"
"SOCA8","79158"
"SODE3","54266"
"SODU2","169145"
"SOGR2","169146"
"SOSC2","79159"
"SOSCC","243023"
"SOSCS","243024"
"SOSI2","48583"
"SOSIG","81376"
"SOSIS2","48545"
"SOEL3","169149"
"SONU2","122608"
"SOSE5","123822"
"SOSE6","288280"
"SOAM2","1144653"
"SPAM","62371"
"SPAN","169151"
"SPAN2","79161"
"SPEM2","62575"
"SPEU","63348"
"SPFL","169152"
"SPGL","139957"
"SPHY","169153"
"SPNA","79162"
"SPCA","NaN"
"SPAL","79163"
"SPBA","169154"
"SPCY","145478"
"SPFO","67666"
"SPGR","79165"
"SPPA","886272"
"SPPE","143894"
"SPSP","169156"
"SPCO10","1144563"
"SPCA19","504032"
"SPMI16","894508"
"SPPE10","140334"
"SPAT","58107"
"SPCA3","79168"
"SPCAC","243025"
"SPCAO","81378"
"SPMA","61472"
"SPMAL","60171"
"SPMAL2","61473"
"SPMAM","61474"
"SPSA5","169161"
"SPAS2","169162"
"SPCO7","286293"
"SPDE3","169163"
"SPER4","1046295"
"SPFL4","169164"
"SPGL2","131830"
"SPPR4","133296"
"SPSI4","NaN"
"SPTE","169168"
"SPTE8","169169"
"SPTE6","169170"
"SPDI2","169172"
"SPEC2","79172"
"SPHA2","169173"
"SPIN","169174"
"SPAM2","50153"
"SPAMA","81381"
"SPAMM","238683"
"SPAMR","81382"
"SPAMR2","81383"
"SPAN3","79173"
"SPCA4","126672"
"SPCAC3","1474176"
"SPCAW","243029"
"SPCO","126671"
"SPCOC","126669"
"SPCOE","238687"
"SPCO2","79174"
"SPDI3","169175"
"SPDID","238688"
"SPDIT","238689"
"SPEM","79175"
"SPFE","169176"
"SPFEA","238692"
"SPFEE","238693"
"SPFEF","238694"
"SPFET","238695"
"SPFEV","238696"
"SPGI2","169177"
"SPGR2","79176"
"SPGRG","238697"
"SPGRP2","238698"
"SPHA","169178"
"SPIN2","169179"
"SPINC","238699"
"SPINI","238700"
"SPJA3","169180"
"SPLA","169181"
"SPLE","148947"
"SPLI","169182"
"SPMU2","63313"
"SPMUM","63312"
"SPMUS2","63314"
"SPOR","79177"
"SPPA2","126667"
"SPPE2","169183"
"SPPO6","169184"
"SPPR3","169185"
"SPPS","148044"
"SPRU2","79178"
"SPRUE","81385"
"SPRUG","238701"
"SPRUR","1361920"
"SPWR","169186"
"SPCR5","56432"
"SPDO4","169187"
"SPDR2","169188"
"SPHI3","169189"
"SPMI12","56435"
"SPTE13","56436"
"SPAR2","169190"
"SPCA7","79179"
"SPCA8","169191"
"SPCO8","169192"
"SPDI5","169193"
"SPRU3","169194"
"SPSI3","169195"
"SPGR10","904188"
"SPAF70","169196"
"SPAN9","169198"
"SPAN10","169199"
"SPAN11","132821"
"SPAN12","132802"
"SPAO70","169200"
"SPAR6","169201"
"SPAT3","169202"
"SPAU70","169203"
"SPBA70","169204"
"SPBA2","169205"
"SPCA70","123958"
"SPCA16","169206"
"SPCE2","132801"
"SPCO70","169207"
"SPCO14","169208"
"SPCU4","169209"
"SPCY3","132813"
"SPDE5","132820"
"SPFA2","127361"
"SPFI4","132823"
"SPFIC","243032"
"SPFIF","243033"
"SPFI3","169210"
"SPFL5","132804"
"SPFL7","132825"
"SPFLF","243034"
"SPFLR","243035"
"SPFU70","132803"
"SPGI70","129775"
"SPHE4","169211"
"SPIN12","169212"
"SPJE","169214"
"SPJU3","169215"
"SPJUP","243036"
"SPLE5","132824"
"SPLE6","169216"
"SPLI70","169217"
"SPMA12","169218"
"SPMAB","243037"
"SPMAF","243038"
"SPMAM3","243039"
"SPMA70","1368429"
"SPMA11","132816"
"SPMAN","NaN"
"SPMAN2","NaN"
"SPME3","169221"
"SPMI9","169223"
"SPMO4","120146"
"SPNI2","132822"
"SPOB70","132818"
"SPOR5","169225"
"SPOR4","169226"
"SPPA11","169227"
"SPPA70","169228"
"SPPA71","143516"
"SPPE7","132811"
"SPPL70","132810"
"SPPO9","169229"
"SPPU6","132819"
"SPPY3","169230"
"SPQU","132800"
"SPRE70","169231"
"SPRI70","169232"
"SPRU4","132815"
"SPRU5","132809"
"SPRU6","155565"
"SPSC","169234"
"SPSP7","132812"
"SPSQ70","132807"
"SPST70","169235"
"SPST9","132814"
"SPSU3","132808"
"SPSU6","132817"
"SPSU9","132799"
"SPSUA","243040"
"SPSUS","243041"
"SPSU7","132806"
"SPTE70","132798"
"SPTE11","132797"
"SPTE71","132805"
"SPTO6","169236"
"SPTR3","169237"
"SPVI4","169240"
"SPWA70","143509"
"SPWH","1595639"
"SPWI","169241"
"SPWU70","143541"
"SPPE9","169242"
"SPPA7","NaN"
"SPFI","169244"
"SPIN3","169245"
"SPLO","169246"
"SPNI","169247"
"SPOB","79182"
"SPPE3","169248"
"SPCA5","62707"
"SPCO3","156056"
"SPAL6","891410"
"SPAN4","83479"
"SPGE","127646"
"SPGEG","243043"
"SPHE7","278005"
"SPLO3","169250"
"SPMA3","119146"
"SPTE2","520535"
"SPCO9","288595"
"SPBI2","NaN"
"SPHI4","499255"
"SPPY","361464"
"SPSU2","NaN"
"SPAL2","881028"
"SPALA","243044"
"SPALL","126819"
"SPBE2","84724"
"SPCO12","355641"
"SPDO","62493"
"SPDOD","243048"
"SPDOM","243049"
"SPLU5","1487484"
"SPSE","169254"
"SPSP2","79183"
"SPSPR","243051"
"SPSPS","243052"
"SPST3","885967"
"SPTO2","48682"
"SPVI2","169257"
"SPBO3","NaN"
"SPFO5","NaN"
"SPIN6","NaN"
"SPIT","NaN"
"SPME6","NaN"
"SPSI6","NaN"
"SPAM7","169258"
"SPBR","169259"
"SPCA6","62253"
"SPCAC4","243056"
"SPCAN","243057"
"SPCE","931407"
"SPDE6","140282"
"SPDI6","131217"
"SPEA","169264"
"SPFL10","NaN"
"SPIN7","169266"
"SPLA4","120355"
"SPLAG","243058"
"SPLAL","243059"
"SPLA3","169267"
"SPLO2","169269"
"SPLU2","62254"
"SPMA5","154330"
"SPOC","169271"
"SPOD","169272"
"SPOV","129778"
"SPOVE","243062"
"SPOVO","243063"
"SPPA5","120405"
"SPPO7","50742"
"SPPR2","128771"
"SPRO","50743"
"SPTO5","169275"
"SPTU","169276"
"SPVE","121436"
"SPPO","169277"
"SPOB2","169279"
"SPAM5","169280"
"SPLU7","169281"
"SPLUL","243064"
"SPLUM","243065"
"SPPE6","169282"
"SPRU70","169283"
"SPSP70","169284"
"SPVA3","169285"
"SPVAH","243066"
"SPVAV","243067"
"SPMO","85098"
"SPAI","773128"
"SPBU","773122"
"SPCL","773121"
"SPCO16","772932"
"SPCOC2","772937"
"SPCOD3","772936"
"SPCOM","772935"
"SPCO4","773114"
"SPCR","773120"
"SPCU2","773108"
"SPCU","773044"
"SPDO2","773056"
"SPFA3","1144579"
"SPFL2","773116"
"SPFL3","773043"
"SPGI","773109"
"SPHE","773129"
"SPIN4","1248164"
"SPINI2","773132"
"SPINP2","773134"
"SPIN5","773054"
"SPJU","773115"
"SPNE","773030"
"SPNE2","773088"
"SPPI3","773113"
"SPPU3","773051"
"SPPY2","773061"
"SPSI2","773081"
"SPTE4","773045"
"SPTE5","773053"
"SPTH","773042"
"SPVA","773086"
"SPVAO","773096"
"SPVAV2","773094"
"SPVI3","773119"
"SPWR2","773130"
"STGR6","156019"
"STAJ","53295"
"STAL","58192"
"STAP5","366518"
"STAS","169310"
"STBE6","79190"
"STBI","169311"
"STBU","58930"
"STCH","52625"
"STCHC2","52626"
"STCHC3","52627"
"STCL","169312"
"STCO","146598"
"STCO9","NaN"
"STCR7","169313"
"STDR","169314"
"STEP","169315"
"STFL4","126483"
"STHY3","169317"
"STLA5","169318"
"STME","79191"
"STPA","57457"
"STPI6","79192"
"STPIA","243076"
"STPIP5","243077"
"STPY","57123"
"STRI","53306"
"STRIQ2","81388"
"STRIR3","53296"
"STRO","169320"
"STST17","79193"
"STST","79194"
"STTE","134221"
"STHY2","NaN"
"STCA8","126569"
"STJA","169322"
"STST4","169325"
"STIN11","1144615"
"STMO","443901"
"STCA23","156011"
"STAL2","169327"
"STCO2","169328"
"STEL","79195"
"STPI","58087"
"STPIB","243078"
"STPII","243079"
"STPII2","243080"
"STPIP","550722"
"STTO","169329"
"STTOR","243082"
"STTOT","243083"
"STVI","79196"
"STBO","79197"
"STTR","126169"
"STSE9","156009"
"STCU6","283082"
"STLA70","156069"
"STPI9","156067"
"STHI3","156003"
"STPE","1263449"
"STPY2","1238340"
"STAL3","49387"
"STAL4","169330"
"STAM","169331"
"STAN2","1121440"
"STBO3","79199"
"STBOB","238712"
"STBOS","60996"
"STCA","79200"
"STCI4","169332"
"STCO7","169333"
"STCR","169334"
"STCRC","243084"
"STCRE","243085"
"STCRL","243086"
"STCR2","79201"
"STCU","169336"
"STDI4","169337"
"STFO","169338"
"STHU","169339"
"STIR","169340"
"STLI","60993"
"STLO","79202"
"STLOA2","243089"
"STLOL","243091"
"STLO2","79203"
"STLOA4","238714"
"STLOL7","80222"
"STNI","57007"
"STOB","79205"
"STOX2","169341"
"STPO8","169344"
"STPR","169345"
"STPU","126702"
"STRU","169346"
"STRUA","238716"
"STRUR","1056098"
"STUM","79207"
"STDU","79208"
"STLA17","169347"
"STMA6","282970"
"STSC","169348"
"STVE","282976"
"STAM10","890428"
"STBA","156081"
"STDU2","169349"
"STDUD","1542145"
"STDUF","243093"
"STTU","860197"
"STGR2","118742"
"STGRG2","243094"
"STGRM","243095"
"STGRR","243096"
"STOC","79209"
"STBU4","343217"
"STMU4","48362"
"STMUM","1056881"
"STMUP","343218"
"STNI6","48364"
"STNIF","778800"
"STNIG","1133525"
"STNIN","510383"
"STRU9","1020933"
"STFI5","443942"
"STTH3","82005"
"STPA21","346621"
"STFL2","148987"
"STSA3","148994"
"STAN3","169352"
"STBI3","169353"
"STCA9","169354"
"STCA10","169355"
"STCA12","169356"
"STCI3","169357"
"STCR4","169358"
"STHA2","169359"
"STKA","169360"
"STKAK","238718"
"STKAS","238719"
"STKA2","169361"
"STKA3","169362"
"STKA4","169363"
"STKE","169364"
"STMA3","169365"
"STMI3","169366"
"STOX","169367"
"STPU4","169368"
"STRO2","169369"
"STRU2","81945"
"STSC4","169370"
"STSE5","169371"
"STVI7","169372"
"STLA11","284070"
"STLAL5","NaN"
"STLAP2","NaN"
"STMI14","NaN"
"STSP16","1448458"
"STSQ2","NaN"
"STLI2","155976"
"STMI12","1144578"
"STSE","79210"
"STAC","79211"
"STAR10","169373"
"STARA","243100"
"STARG","243101"
"STLA7","79212"
"STBL2","169376"
"STCI","79213"
"STDI6","79214"
"STEL3","62565"
"STEX","58039"
"STEXC2","80223"
"STEXC3","58041"
"STEXD2","318238"
"STEXE","550723"
"STEXM","80226"
"STFL8","169377"
"STLA","79215"
"STMA5","169378"
"STMI13","169379"
"STMIM","243103"
"STMIM2","243104"
"STMIU2","243105"
"STPA2","79216"
"STPA3","79217"
"STPA4","58040"
"STRU3","148143"
"STSC5","169380"
"STTH","169381"
"STVI2","56985"
"STVIP","58849"
"STVIV","62579"
"STWR2","169382"
"STPA20","1064530"
"STRA3","169383"
"STLE","169384"
"STMI","169385"
"STOV3","169386"
"STOVT","243108"
"STPL","169387"
"STPLA","243109"
"STPLP","243110"
"STSA","169388"
"STSE2","169389"
"STVI3","169390"
"STMA","169391"
"STOV","169392"
"STBI5","275578"
"STBR5","136903"
"STOW","169393"
"STBA7","278971"
"STDI7","358175"
"STEM3","348613"
"STFL5","348614"
"STPU3","348615"
"STTI4","1145968"
"STAQ2","169395"
"STLI3","79219"
"STPA5","79220"
"STSP","79221"
"STSY","1530846"
"STSYS2","238723"
"STSYT","238724"
"STTE3","169396"
"STTR2","169397"
"STSE3","132879"
"STSEL2","243111"
"STSES","243112"
"STLA6","155984"
"STPE3","169399"
"STLO4","79252"
"STAL5","53903"
"STALA","238725"
"STALP","53904"
"STBA2","79253"
"STBA3","79254"
"STBA4","79255"
"STBE","79256"
"STBR4","79257"
"STBRB","154405"
"STBRH2","154404"
"STBR","119894"
"STBR2","79258"
"STCA3","79259"
"STCA4","79260"
"STCA5","169400"
"STCAA","238726"
"STCAC","238727"
"STCO6","61535"
"STCOC","81401"
"STCOD2","NaN"
"STCOP","81402"
"STCU3","169401"
"STDI2","70409"
"STDR2","79261"
"STFA2","79262"
"STFE","79263"
"STGL8","58784"
"STGLG","58783"
"STGLP","80229"
"STGLS","80230"
"STGLH2","NaN"
"STGLS3","NaN"
"STGLS4","NaN"
"STGR3","79264"
"STHE6","79265"
"STHI2","50620"
"STHO","79266"
"STHY","169402"
"STIN","58782"
"STINI","80232"
"STINL","80233"
"STLE8","169403"
"STLO7","79267"
"STMA2","169405"
"STMAM","238728"
"STMAO","238729"
"STMO3","79268"
"STMOE","181567"
"STMOH","181568"
"STMOK","181569"
"STMOM","181570"
"STNI2","70014"
"STOB5","79269"
"STOL","79270"
"STPL2","169406"
"STPO2","60459"
"STSP4","169407"
"STSQ","169408"
"STTO3","52106"
"STTOF","243113"
"STTOO3","243114"
"STTOO","62250"
"STTOP","243115"
"STTOS","243116"
"STTOT2","62249"
"STVE7","79271"
"STOR","NaN"
"STAM2","79273"
"STAMA2","243117"
"STAMC","243118"
"STLA16","127916"
"STLAC","243120"
"STLAL2","243121"
"STLAL3","243122"
"STLAR","243123"
"STST3","169409"
"STSTS","238730"
"STSTB","NaN"
"STTI2","169411"
"STRU4","169412"
"STHE9","204420"
"STLE6","142854"
"STUM2","131581"
"STSP7","426724"
"STMA4","169413"
"STSU11","NaN"
"STFI6","79275"
"STFIA2","80234"
"STFIF","1613809"
"STFIO","238737"
"STPE15","64239"
"STST20","79276"
"STVA8","169415"
"STAB","169416"
"STAQ3","169417"
"STHU2","169418"
"STPA8","133819"
"STPAA","238740"
"STPAP8","238741"
"STPI3","169419"
"STPIP2","243125"
"STPIP3","243126"
"STVI6","169420"
"STCI10","79277"
"STGN","58043"
"STIN4","79278"
"STMA10","79279"
"STMI2","79280"
"STPS","79281"
"STSO2","79282"
"STCA6","776429"
"STLA4","1116099"
"STHE3","1599670"
"STDI3","126378"
"STBI2","82752"
"STCA7","169422"
"STHA","169424"
"STHU4","290101"
"STVI5","169425"
"STTA","169426"
"STAF4","289854"
"STAG2","921379"
"STAM4","127152"
"STGR4","169427"
"STPL3","169428"
"STPLP2","238742"
"STPLS2","238743"
"STPLT","238744"
"STPLY","238745"
"STPO3","444028"
"STRE4","79283"
"SUCA2","60180"
"SUCA","79284"
"SUCO","169430"
"SUES","79285"
"SULI","131552"
"SUMA","169432"
"SUMAM","238746"
"SUMAR","238747"
"SUME","169433"
"SUMO","NaN"
"SURO","169435"
"SUSU","169436"
"SUSUD","243127"
"SUSUS","243128"
"SUTA","169437"
"SUTA2","79288"
"SUAQ","79289"
"SUAQA2","80235"
"SUSU2","155955"
"SURA","130324"
"SUVI","169438"
"SUHA","169439"
"SUHAH","243129"
"SUHAP","243130"
"SUOR","169440"
"SUSU3","169441"
"SUMA2","133328"
"SWAL","79290"
"SWPE","56354"
"SWMA2","497641"
"SYVA2","169444"
"SYAC","135189"
"SYAL","48523"
"SYALA","48524"
"SYALL","48525"
"SYGU","169445"
"SYHE","169446"
"SYLO","79292"
"SYMI2","169447"
"SYMO","53456"
"SYOC","169448"
"SYOR","128838"
"SYOR2","135190"
"SYORO","243131"
"SYORU","154190"
"SYPA","1376854"
"SYRO","79293"
"SYROP","81404"
"SYROR","81405"
"SYAM3","475393"
"SYBA","1348923"
"SYCO2","NaN"
"SYFI4","NaN"
"SYGR6","NaN"
"SYLO4","NaN"
"SYSC2","NaN"
"SYTA","520307"
"SYWO3","NaN"
"SYAD","169450"
"SYAN2","154545"
"SYAN3","169451"
"SYAS3","79294"
"SYBA5","342662"
"SYBO2","169452"
"SYBR","169453"
"SYCA3","79296"
"SYCAB","243132"
"SYCAC","243133"
"SYCH4","56861"
"SYCHC","56860"
"SYCHI","243134"
"SYCHM","243135"
"SYCI2","169454"
"SYCI","169455"
"SYCO3","169456"
"SYCO4","153441"
"SYCU2","56105"
"SYDE","79297"
"SYDE2","118740"
"SYDI2","169457"
"SYDR","120485"
"SYDRD","243137"
"SYDRT","797870"
"SYDU2","81593"
"SYDUD2","243139"
"SYDUG","243140"
"SYDUP","243141"
"SYDUS","1584732"
"SYDUS2","243143"
"SYEA2","169458"
"SYEL2","339474"
"SYER","781442"
"SYERE","243144"
"SYERP2","243145"
"SYERS","243147"
"SYEU","169460"
"SYEX","169461"
"SYFA","169462"
"SYFAC","243148"
"SYFAF","243150"
"SYFE","169463"
"SYFO2","56113"
"SYFOA","56106"
"SYFOC","56101"
"SYFOF","243151"
"SYFOP","737834"
"SYFO3","169464"
"SYFR2","79298"
"SYGE","169465"
"SYGR5","169466"
"SYGR7","79299"
"SYHA","169467"
"SYHE5","79300"
"SYJE","169468"
"SYKR","169469"
"SYLA3","129607"
"SYLAC","129608"
"SYLAG","181874"
"SYLAL3","243152"
"SYLAP","243153"
"SYLA6","79301"
"SYLAH","563838"
"SYLAH6","NaN"
"SYLAL6","238759"
"SYLAH7","NaN"
"SYLAI3","NaN"
"SYLAL4","NaN"
"SYLAL5","NaN"
"SYLA4","122249"
"SYLAA","201673"
"SYLAF","243156"
"SYLAH5","243157"
"SYLAL7","243158"
"SYLAS","243159"
"SYLAT","243160"
"SYLA9","169470"
"SYLE2","60130"
"SYLO2","169471"
"SYMO2","169472"
"SYNO2","117443"
"SYNO3","169474"
"SYNOC","56103"
"SYNOE","243161"
"SYNON","243162"
"SYNOV","243163"
"SYOB","119343"
"SYON2","169475"
"SYOO","1588297"
"SYOOO","1588301"
"SYOOP","1588302"
"SYPA10","169476"
"SYPA11","130810"
"SYPAG","243166"
"SYPAP2","243167"
"SYPAP","243168"
"SYPH3","169477"
"SYPI2","142279"
"SYPIP3","243169"
"SYPIP2","243170"
"SYPO4","169478"
"SYPO5","169479"
"SYPR5","169480"
"SYPRA","1303993"
"SYPRN","1303991"
"SYPRP","243173"
"SYPRS","1303992"
"SYPR7","169481"
"SYPR6","146705"
"SYPR4","169482"
"SYPU","82307"
"SYPUP","243175"
"SYPUS","243176"
"SYPY2","417366"
"SYRA5","169483"
"SYRE3","169484"
"SYRH","169485"
"SYRO3","169486"
"SYSE2","130372"
"SYSH","169487"
"SYSI3","803811"
"SYSP","79302"
"SYSPI","81408"
"SYSPS","81409"
"SYSPY","81410"
"SYSQ","169489"
"SYSU4","79303"
"SYSUG","243177"
"SYSUS","243178"
"SYSU5","64208"
"SYTE6","145483"
"SYTR","NaN"
"SYTU2","169491"
"SYUN","126656"
"SYUR","169492"
"SYWA","169493"
"SYWE","169494"
"SYYU","169495"
"SYRA","348616"
"SYUP","709795"
"SYFO","48961"
"SYLA2","333699"
"SYLA8","1418267"
"SYMA","287375"
"SYMI3","1228546"
"SYRA6","602317"
"SYRAP","NaN"
"SYTI","141855"
"SYHI","169498"
"SYNO","169500"
"SYFL","169501"
"SYAU","284075"
"SYBO3","1002581"
"SYGR","169503"
"SYBO","169504"
"SYCA2","169505"
"SYLA","169506"
"SYMI","79306"
"SYMIH","238771"
"SYMIM2","80236"
"SYMIS","238772"
"SYPI","169507"
"SYPIC","243179"
"SYPIL","243180"
"SYPIP","243181"
"SYPL","169508"
"SYRA2","169509"
"SYRE","79307"
"SYREC","243182"
"SYRER","243183"
"SYSC","169510"
"SYFR","79308"
"SYLE","79309"
"SYIS2","50375"
"SYGA","169512"
"SYIN","169513"
"SYLI","169514"
"SYPA8","169515"
"SYPR2","169516"
"SYTE5","169517"
"SYVO","79310"
"SYCA4","1089621"
"SYPA13","1123211"
"SYSA","169519"
"SYST4","NaN"
"SYST3","1440609"
"TAHA","146954"
"TAHE","53722"
"TARI","146958"
"TASC2","146961"
"TAAU3","737832"
"TACI","291821"
"TALE2","140999"
"TAPA15","431671"
"TAIN","130364"
"TAMO","169523"
"TAPA16","1144514"
"TAPE2","1144513"
"TABL","426781"
"TALE","169524"
"TAMI","154007"
"TACE2","155950"
"TALE3","155949"
"TAFR","169527"
"TAGO","169535"
"TAPA2","169540"
"TATR2","169548"
"TAAZ","169551"
"TABI","79314"
"TABIB","238780"
"TABIH","238781"
"TACA2","169552"
"TAAM","NaN"
"TACA3","NaN"
"TACA5","79315"
"TACA6","169553"
"TAER2","169554"
"TALY","169555"
"TAOFC","238782"
"TAPH","169557"
"TAHY4","56289"
"TAAR2","79320"
"TAGL","79321"
"TAHA2","54948"
"TAHO","169559"
"TAHO2","79322"
"TAKE","56845"
"TAPA5","79323"
"TAST","153436"
"TATE3","169560"
"TATE2","169561"
"TAOB","169563"
"TAAL3","169565"
"TACU3","169566"
"TADE2","169567"
"TATA","169568"
"TAPL2","169569"
"TAAS","169570"
"TADI2","49666"
"TAMU","49665"
"TABR2","55209"
"TACA7","129509"
"TAFL","135548"
"TAAC","169571"
"TAFR3","169572"
"TAHO70","169573"
"TALI2","450499"
"TASE3","169575"
"TASP3","169576"
"TEST","48363"
"TEAM","545201"
"TECI","169578"
"TECO3","169579"
"TECR2","136910"
"TEDI2","461518"
"TEES","NaN"
"TEFI3","169580"
"TEGA","169581"
"TEHE","169582"
"TEIN","169583"
"TEPL2","1368041"
"TEPLC","NaN"
"TETR","773809"
"TENE2","155900"
"TEHE5","155887"
"TEJA","155886"
"TEAL","290903"
"TEGR2","51655"
"TEAT2","169584"
"TEATA","238789"
"TEATF2","238790"
"TEKJ","169585"
"TELI6","169586"
"TEYU","169587"
"TEFL2","NaN"
"TEAN","169588"
"TEANA","545190"
"TEANC","545222"
"TEANC2","545197"
"TECH","169589"
"TECI2","169590"
"TEFL","169591"
"TEHI2","169592"
"TELE","169593"
"TELI","169594"
"TEMO3","169595"
"TEON","138469"
"TEPO","169596"
"TERU","169598"
"TESE2","290390"
"TESP","169599"
"TETH","169601"
"TEVI9","290468"
"TEVI","81836"
"TELA2","280535"
"TEUN","290457"
"TECR3","1144621"
"TESA2","604462"
"TEHE3","1226684"
"TELU2","444306"
"TEPE","134208"
"TEST3","1117614"
"TESU","444309"
"TECO","169604"
"TEDI","79326"
"TEHA","79327"
"TEIL","79328"
"TEAR","79329"
"TEAX","79330"
"TEAXA","81414"
"TEAXL","81415"
"TECA2","79331"
"TECO2","79332"
"TEFI","169606"
"TEGL","79333"
"TENU2","169607"
"TESP2","68410"
"TEST2","79334"
"TETE4","79335"
"TEBA","1180685"
"TEHE2","81821"
"TELU","169608"
"TERE2","169609"
"TETE2","169610"
"TEFI4","1464398"
"TESE7","481846"
"TENE","155935"
"TECA4","362366"
"TEAR3","169611"
"TEARA","238793"
"TEARA2","NaN"
"TEARC","NaN"
"TEARL","238794"
"TECA7","169612"
"TECO5","169613"
"TECOC","238795"
"TECOL","238796"
"TECOK","NaN"
"TECOL2","NaN"
"TECO6","169614"
"TEFI2","169615"
"TEFIF","243191"
"TEFIP","243192"
"TEHU","169616"
"TEHUH","238798"
"TEHUH2","238801"
"TEHUH3","NaN"
"TEHUS2","NaN"
"TELE2","169617"
"TELEA","238804"
"TELEL2","238805"
"TERE3","1450711"
"TERO","169619"
"TEROC","243194"
"TEROR","243195"
"TESY","169620"
"TETE5","169621"
"TEAC","79337"
"TEACA2","243196"
"TEACA","81416"
"TEACC","243197"
"TEACE","243198"
"TEACN","243199"
"TEAR4","169622"
"TEBR","169623"
"TEGR3","169624"
"TEHE4","169625"
"TEIV","169626"
"TELI3","169627"
"TELIA","243200"
"TELIL","243201"
"TESC2","132723"
"TESCA","243202"
"TESCL","243203"
"TESCS","243204"
"TESCV","243205"
"TETO","169628"
"TETU2","169629"
"TEVE3","169630"
"TEGE","169632"
"TEPE70","124385"
"TEFL5","169633"
"TEGY","155878"
"TEHA2","169634"
"TEKA3","169635"
"TEOA","169637"
"TEWA","169638"
"TEWA3","169639"
"TEAN5","169640"
"TEMN70","133496"
"TEPA70","169641"
"TEPA71","169642"
"TEUR2","169643"
"TEBU2","1076661"
"TEIN5","348617"
"TEAN2","1116102"
"TEBI","169645"
"TEBI2","1231433"
"TECR","1066126"
"TEEL","840876"
"TEUR","829745"
"TEBR3","169646"
"TEOV","169647"
"TERE5","169648"
"TECA3","64547"
"TECAC","133048"
"TECAH","243207"
"TECAO","181876"
"TECU","79340"
"TECUC","243209"
"TECUD2","243210"
"TECUL2","243211"
"TEDE2","NaN"
"TEGL2","79341"
"TELA","169650"
"THHE4","50382"
"THTE6","118509"
"THCI2","437063"
"THDE","169652"
"THGE2","127912"
"THAL","79342"
"THAR","169653"
"THCL","169654"
"THCO5","169655"
"THCO2","169656"
"THDA","169657"
"THDE5","169658"
"THDI","81748"
"THFE","53299"
"THFEF","64125"
"THFEP2","53301"
"THFEW","243212"
"THHE2","169659"
"THMA4","169661"
"THMI15","169662"
"THMI4","169663"
"THNI","169664"
"THOC","79343"
"THOCM4","243213"
"THOCO2","243214"
"THPU2","128715"
"THRE","143040"
"THSP","79344"
"THSPR","243215"
"THSPS","243216"
"THTE","169665"
"THTH2","118548"
"THVE","169666"
"THAL7","169667"
"THNE4","169668"
"THMO","68403"
"THTE2","127015"
"THBA","169669"
"THPI","169670"
"THTR","127699"
"THTRA","127692"
"THTRT","243217"
"THAM4","169671"
"THBU","169672"
"THCA11","169673"
"THCU2","169674"
"THFI","169675"
"THFIF","243218"
"THFII","243219"
"THFL","169676"
"THLO","169677"
"THME","79345"
"THNU","169678"
"THPU4","169679"
"THSI","79346"
"THSU","148146"
"THSUM","243221"
"THSUS","243222"
"THAS2","156874"
"THHI4","156872"
"THLE6","156873"
"THSA","NaN"
"THBI","169680"
"THBIB","318158"
"THBIF","318118"
"THSE5","169681"
"THAM3","169682"
"THAMA","1406105"
"THAME","243227"
"THAU3","169683"
"THDI3","148294"
"THEL","169684"
"THJU","169685"
"THPU3","169686"
"THSH","169687"
"THVA","169688"
"THVE3","169689"
"THBR","79347"
"THCR","64718"
"THEU","169690"
"THFL3","79348"
"THHO","79349"
"THHOH","80238"
"THHOS2","238813"
"THIN","79350"
"THINA","80239"
"THINC","80240"
"THING2","238814"
"THINI","1598792"
"THINL","238816"
"THLA","79351"
"THLA4","169691"
"THMI5","79352"
"THPA6","169692"
"THRE2","169693"
"THRO","169694"
"THSA2","169695"
"THSAO","238817"
"THSAS","238818"
"THST","79353"
"THTE3","169696"
"THTE4","169697"
"THWR","169698"
"THWRO","238819"
"THWRW","238820"
"THIN14","NaN"
"THIN4","327464"
"THPA13","1556935"
"THRO2","327462"
"THAB","NaN"
"THAB2","607110"
"THAN","143062"
"THAU","169699"
"THBA2","275640"
"THBO","169700"
"THBR2","NaN"
"THCA13","NaN"
"THCH","273740"
"THCO4","NaN"
"THCOI","NaN"
"THCY","137955"
"THDE2","466006"
"THDE3","1116834"
"THDE4","169701"
"THEX2","NaN"
"THFO","169702"
"THGE","NaN"
"THGL","169703"
"THGR","169704"
"THGU","282697"
"THHA","NaN"
"THHAH","NaN"
"THHAH2","NaN"
"THHE6","NaN"
"THHI2","NaN"
"THHI","169705"
"THHIH","NaN"
"THHII","NaN"
"THHIV","243228"
"THIN3","739410"
"THIN2","169706"
"THKU","169707"
"THLE2","275944"
"THLI2","275644"
"THMA13","946951"
"THNA4","NaN"
"THNE2","NaN"
"THNE","79354"
"THNO","122089"
"THOP","1279894"
"THOP2","169708"
"THOV","142814"
"THOVL","243229"
"THOVO","243230"
"THPA3","NaN"
"THPA","82569"
"THPAP","200040"
"THPA4","169709"
"THPA5","146971"
"THPE2","NaN"
"THPE9","NaN"
"THPI2","NaN"
"THPI3","169710"
"THPIA","243232"
"THPO5","275658"
"THPO2","1517011"
"THPU","79355"
"THPUS","81418"
"THQU2","123831"
"THRE3","169711"
"THRER","243234"
"THRET","NaN"
"THRE4","136930"
"THRE5","169712"
"THRE8","NaN"
"THRH2","1157661"
"THRU","56183"
"THRU3","NaN"
"THSA3","142837"
"THSC","169713"
"THSE2","1038555"
"THSE3","169714"
"THSI2","122088"
"THTA4","735582"
"THTE5","169715"
"THTR3","NaN"
"THUN5","550143"
"THVE2","739411"
"THWA","142815"
"THYA","739412"
"THCA4","61181"
"THCAA","81419"
"THCAC2","81420"
"THCAS2","549099"
"THDI4","169718"
"THFR3","169719"
"THGR6","79356"
"THGRG","181628"
"THGRO","243235"
"THMA2","447037"
"THMO2","129601"
"THMO6","138470"
"THMOH","243236"
"THMOM3","243237"
"THRH","169720"
"THRO4","79357"
"THVI","169721"
"THGR2","67701"
"THJU3","169723"
"THAM2","169726"
"THST2","1065865"
"THSTP","1065864"
"THSTS","1081957"
"THRA2","169735"
"THIN13","169736"
"THAL8","169737"
"THDE10","169738"
"THPH2","169739"
"THRE7","169740"
"THTA2","127055"
"THOC2","54037"
"THPL","48252"
"THTR7","155872"
"THPA7","169744"
"THAC","169745"
"THAU4","169746"
"THAUA","955765"
"THAUP","243244"
"THCO10","169747"
"THMI7","169748"
"THPE4","79359"
"THPEB","81422"
"THPEH","243245"
"THPEP","1555383"
"THPEP2","243247"
"THSE4","169749"
"THSEG","418027"
"THTE7","79360"
"THTET","81423"
"THTET2","243249"
"THTET3","243250"
"THTEW","243251"
"THTE8","169750"
"THCO9","79361"
"THCU","58088"
"THLA3","58090"
"THRA","68891"
"TICO","1569249"
"TICOA","53788"
"TICOC","53791"
"TICOC2","53790"
"TITR","51643"
"TITRL","51650"
"TITRT","51649"
"TITRU","81427"
"TICA2","169757"
"TIGE","169758"
"TILA2","79362"
"TIOB","169759"
"TISU","79363"
"TIEU3","446684"
"TIAM","54854"
"TIAMA","130752"
"TIAMC","243252"
"TIAMH","203689"
"TITO","143800"
"TIAJ","1329851"
"TIFL4","NaN"
"TIAR6","1156517"
"TIBA","169762"
"TIBA2","169763"
"TIBA3","169764"
"TIBA5","NaN"
"TIBO2","1225661"
"TIBU","116661"
"TIFA","1523327"
"TIFAC","243253"
"TIFAD","243254"
"TIFAF2","243255"
"TIFAV","NaN"
"TIFL2","169765"
"TILI2","1225662"
"TIPA2","169766"
"TIPO2","284132"
"TIPR","169767"
"TIRE","84002"
"TISE","169768"
"TISI","465196"
"TITE","169769"
"TIUS","49569"
"TIUT","130077"
"TIVA2","169770"
"TIAU70","123702"
"TIME4","169771"
"TIMEB","243256"
"TIMEM","243257"
"TINO","169772"
"TINOE","243258"
"TINON","243259"
"TISI2","169773"
"TIAN3","169774"
"TICR3","169775"
"TICO7","1064532"
"TICOC3","NaN"
"TICOT","1144682"
"TIKO","1144681"
"TIMO4","1064533"
"TIMOM","NaN"
"TIMOS","NaN"
"TIMOV","1144685"
"TISA","1064534"
"TISU3","1144683"
"TISUS","1144684"
"TISUS2","NaN"
"TIAN","155806"
"TIDI","121490"
"TICA3","79364"
"TICAC","81429"
"TICAP","81430"
"TIGO","169776"
"TIGR","169777"
"TIHI","169778"
"TILA6","148051"
"TIME","169779"
"TINU2","79365"
"TIPA","79366"
"TIPL2","79367"
"TITH","169781"
"TOCO","169782"
"TOGL","129703"
"TOPU","169783"
"TOME","128848"
"TOBA2","169785"
"TOPR3","637685"
"TOVA","886125"
"TOFA","155788"
"TONI70","169786"
"TOFL","169787"
"TOTE","79369"
"TOAB","169788"
"TOAL2","133441"
"TOEX3","79370"
"TOGR2","169789"
"TOKI","169790"
"TOKIB","243260"
"TOKIK","243261"
"TOLY","79371"
"TOMI","169791"
"TOPE","79372"
"TOPY","169792"
"TOAR","56846"
"TOARA","181580"
"TOCU","1226063"
"TOCA","55193"
"TOTA","135555"
"TOCA2","169796"
"TOER","79373"
"TOPA6","79374"
"TOPAF","243262"
"TOPAP","243263"
"TOPAP3","81431"
"TOAR70","169798"
"TOFL4","169799"
"TOFR70","169800"
"TOHU2","169801"
"TOIN4","169802"
"TORI","169803"
"TOTO3","169804"
"TOTO70","1498672"
"TOAM3","169805"
"TOAM4","169806"
"TOAM5","169807"
"TOBA3","169809"
"TOBO","169810"
"TOBR3","169811"
"TOCA8","169812"
"TOCA9","169813"
"TOCA10","169814"
"TOCH","169815"
"TOFR3","169816"
"TOIN5","169817"
"TOLA5","169818"
"TOLAL","243264"
"TOLAM","243265"
"TOLA4","169819"
"TOMU70","169820"
"TOMU","123498"
"TONO2","169821"
"TOOB2","169822"
"TOPA7","169823"
"TOPA8","169824"
"TOPA9","169825"
"TOPR","169826"
"TORH","169827"
"TORU70","154171"
"TOSC4","169828"
"TOSI2","169829"
"TOST2","169830"
"TOSU2","169831"
"TOVI3","169832"
"TOLA","155790"
"TOBI","283209"
"TOFI","771121"
"TOHI","169833"
"TOLA2","327772"
"TOMA","283219"
"TOSC3","348618"
"TOVO","169834"
"TOAL","169835"
"TOALA","243266"
"TOALC","243267"
"TOALM","243268"
"TOAN","148147"
"TOAP","148038"
"TOCO2","79375"
"TOCOA","243269"
"TOCOC","243270"
"TOEX","169836"
"TOEX2","169837"
"TOFE","169838"
"TOFL5","1505199"
"TOFO","169840"
"TOGL4","169841"
"TOGR","169842"
"TOGY","169843"
"TOHO","169844"
"TOIN","148148"
"TOJO","169845"
"TOJOJ","243271"
"TOJOT","243273"
"TOLE","79376"
"TOME2","169846"
"TOMI4","169847"
"TONU","169848"
"TOPA2","169849"
"TORO","169850"
"TOSC","79377"
"TOSM","169851"
"TOSP","169852"
"TOST","169853"
"TOTE2","169854"
"TODI","51080"
"TOPU2","52083"
"TORA2","58732"
"TORAD","58730"
"TORAE","238889"
"TORAN","143978"
"TORAP","238890"
"TORAR","145371"
"TORAV","238891"
"TORY","58729"
"TOVE","900547"
"TRDI","169855"
"TRME9","155804"
"TRFL13","169857"
"TRSP12","169858"
"TRHE5","155822"
"TRRO","79381"
"TRAN15","494194"
"TRDI4","NaN"
"TRBR","154217"
"TRBR6","169859"
"TRBU2","169860"
"TRCR13","169861"
"TRED","169863"
"TRER4","169864"
"TRGI","169865"
"TRHI5","169866"
"TRHI","169867"
"TRHU","169868"
"TRLE5","169869"
"TRLEG","243274"
"TRLEL","243275"
"TRLO2","169870"
"TROC","121785"
"TROCM","243276"
"TROCO","243277"
"TROCS","243278"
"TROH","79383"
"TROZ","169871"
"TRPA10","901444"
"TRPA8","169873"
"TRPE9","169874"
"TRPI","169875"
"TRRE","169876"
"TRRO4","169877"
"TRSU","169879"
"TRSU2","169880"
"TRSUM","243279"
"TRSUS","243280"
"TRTH","169881"
"TRVI","1556345"
"TRWR","169882"
"TRWRG","243281"
"TRWRW","243282"
"TRZA","277315"
"TRAM9","169884"
"TRBE4","169885"
"TRBR4","169886"
"TRCO","169887"
"TRGL","169888"
"TRLA","169889"
"TRLE9","485142"
"TRNE","169890"
"TRNED","NaN"
"TRNI","169891"
"TRRA5","79384"
"TRSA2","169892"
"TRSM","169893"
"TRUR","169894"
"TRUR2","169895"
"TRVO","282313"
"TRMI7","128034"
"TRCA","79387"
"TRCAC2","243283"
"TRCAO","243284"
"TRCA33","369437"
"TRCAC3","1408760"
"TRCAS","NaN"
"TRLA2","886739"
"TRMI2","62840"
"TRORA","NaN"
"TRTO","NaN"
"TRAM16","155766"
"TRBO8","169905"
"TRBR11","169906"
"TRLO7","169907"
"TRMO15","169908"
"TRAU5","808439"
"TRGR8","155768"
"TRKA4","808454"
"TRKA2","155769"
"TRMA8","155770"
"TRRO2","808581"
"TRSI5","169909"
"TRWI2","461594"
"TRAE2","155760"
"TRFR","153210"
"TRTU","169911"
"TRVI2","49586"
"TRWA","169912"
"TRGL5","169913"
"TROC7","79389"
"TROCB","238899"
"TROCM2","238900"
"TROCO2","80242"
"TRRA6","169914"
"TRPO2","79390"
"TRWA2","79391"
"TRHI3","285646"
"TRPA2","287096"
"TRTR8","430202"
"TRCR9","288031"
"TRPL3","279617"
"TRMA19","1147426"
"TRTO5","155773"
"TRRI6","169917"
"TRWR2","64710"
"TRCY6","169918"
"TRCYC","243286"
"TRCYO","243287"
"TRLE10","1144512"
"TRAL3","966858"
"TRAN4","866741"
"TRAT4","472413"
"TRBA3","867177"
"TRBI9","136936"
"TRBI10","472411"
"TRBO","136559"
"TRBR18","NaN"
"TRCA10","282450"
"TRCR3","142796"
"TRCY2","169921"
"TRDA","136938"
"TRDE10","NaN"
"TRDE8","NaN"
"TRDR","169922"
"TRFA4","NaN"
"TRHO3","169923"
"TRHO4","NaN"
"TRHY4","866263"
"TRHY2","275598"
"TRIN13","136560"
"TRJA3","818755"
"TRJAB","NaN"
"TRKA","NaN"
"TRKR","866777"
"TRLI","169925"
"TRME4","866303"
"TRMI9","1599930"
"TRMO3","426865"
"TROV3","866261"
"TRPA16","1002144"
"TRPE2","169928"
"TRPI4","275601"
"TRPO4","136842"
"TRPU5","866243"
"TRPUF","1060303"
"TRPUP","1002167"
"TRPUS","NaN"
"TRPU13","327419"
"TRRA3","282452"
"TRRI3","867570"
"TRRO3","1002154"
"TRSC","1002156"
"TRSE9","NaN"
"TRTA2","472409"
"TREL","169930"
"TRAL7","57491"
"TRCE3","204169"
"TRCL3","79392"
"TRCL4","169932"
"TRPL6","169933"
"TRPU18","79393"
"TRIN2","79394"
"TRDU5","291728"
"TRHO7","1144622"
"TRLE8","1123221"
"TRAR","169934"
"TRAU","79395"
"TRAUA2","80243"
"TRAUC","80244"
"TRBR5","169935"
"TRDI2","127634"
"TRLA3","58931"
"TRLA4","54875"
"TRLA5","79396"
"TRMI3","79397"
"TROB","79398"
"TROV","58193"
"TRPA3","79399"
"TRRU","79400"
"TRRU11","79401"
"TRSE5","169936"
"TRSI","79402"
"TRSU6","169937"
"TROC2","155750"
"TRAU7","169938"
"TRBR12","169939"
"TRAR10","169940"
"TRBR13","1375875"
"TRCR18","169942"
"TRMO16","169943"
"TRAL2","169945"
"TRAM","169946"
"TRBU","169947"
"TRCA4","169948"
"TRCO2","169949"
"TRER","169950"
"TRFL2","120403"
"TRFLC","129614"
"TRFLF","243288"
"TRMU","79403"
"TRMUE","243289"
"TRMUM","81434"
"TRST2","169951"
"TRTE2","169952"
"TRBO2","49913"
"TRBOB","49914"
"TRBOL","81533"
"TREU","79404"
"TREUA","238904"
"TRAL5","58162"
"TRAM2","129603"
"TRAM3","61183"
"TRAN","79407"
"TRANA2","80245"
"TRANB","80246"
"TRANM","238905"
"TRAN2","169953"
"TRANA3","243290"
"TRANP","243291"
"TRAT","169954"
"TRBA","57074"
"TRBAA","118448"
"TRBAB","61019"
"TRBA5","169955"
"TRBE2","79410"
"TRBE3","138473"
"TRBI","60196"
"TRBO3","79411"
"TRBR2","169956"
"TRBR3","79412"
"TRBU3","79413"
"TRCA26","169957"
"TRCA6","169958"
"TRCI","60197"
"TRCY","60198"
"TRDA2","136472"
"TRDAA","238906"
"TRDAD","238907"
"TRDAU","238908"
"TRDE4","169960"
"TRDE","58164"
"TRDEA","57077"
"TRDED","64176"
"TRDED2","243292"
"TRDES","60200"
"TRDI6","61179"
"TRDO","169961"
"TRER2","79415"
"TRERA2","238909"
"TRERC2","238910"
"TRERC3","181877"
"TRERE","80247"
"TRERM","238911"
"TRERV2","238912"
"TRFR4","169963"
"TRFU","53901"
"TRGR2","58165"
"TRGRG","58910"
"TRGRP","243293"
"TRGY","79417"
"TRGYG","238913"
"TRGYP2","80248"
"TRHA","169964"
"TRHO","79418"
"TRJO","79420"
"TRKI","61148"
"TRKIK","238914"
"TRKIM","181900"
"TRLA8","169965"
"TRLE","169966"
"TRLE2","79421"
"TRLO","79422"
"TRLOA","80250"
"TRLOC","238915"
"TRLOE","80251"
"TRLOH","80252"
"TRLOL3","238916"
"TRLOM","80253"
"TRLOO","80254"
"TRLOP","238917"
"TRLOP2","238918"
"TRLOR3","238919"
"TRLOS2","80255"
"TRMA2","61020"
"TRMA3","79423"
"TRMI4","58911"
"TRMI5","57079"
"TRMI20","NaN"
"TRMO2","79424"
"TRMOG","80256"
"TRMOM","80257"
"TRMOP","80258"
"TRMOT","80259"
"TRMU3","169967"
"TRMUL","238920"
"TRNA2","169968"
"TRNE3","169969"
"TROB2","58912"
"TROL","71122"
"TROL2","79425"
"TROW","169970"
"TRPA5","138476"
"TRPAM","238921"
"TRPAP","238922"
"TRPAS","238923"
"TRPI3","169972"
"TRPI2","1464085"
"TRPL2","169973"
"TRPLA","238924"
"TRPLP","238925"
"TRPR4","79428"
"TRRE2","129597"
"TRRO5","169975"
"TRSI4","79431"
"TRST4","127512"
"TRTH2","169977"
"TRTR","79433"
"TRVA","57080"
"TRVI3","118737"
"TRWI3","57081"
"TRWO","71146"
"TRCO19","79435"
"TRGA4","169979"
"TRMA20","874113"
"TRPA28","79436"
"TRST16","79438"
"TRAL4","55697"
"TRALA","858857"
"TRALP","858856"
"TRAN5","79439"
"TRCA11","169983"
"TRCE","169984"
"TRCH2","50823"
"TRCHC","243294"
"TRCHG","243295"
"TRCU","1460068"
"TRDE2","169985"
"TRDE3","169986"
"TRDI5","169987"
"TRER3","50855"
"TRFL6","116722"
"TRFO","169988"
"TRGR6","169989"
"TRGR4","55402"
"TRKU","169990"
"TRLA15","169991"
"TRLU2","169992"
"TRLU3","118511"
"TRMA5","169993"
"TRNI2","81604"
"TROV2","49463"
"TROVO","80260"
"TROVO2","63972"
"TROVH","NaN"
"TROVO4","NaN"
"TRPE7","169995"
"TRPE3","125665"
"TRPU3","169996"
"TRPUO","243296"
"TRPUP2","243297"
"TRPUV","243298"
"TRRE5","126334"
"TRRE6","169997"
"TRRI2","169998"
"TRRU2","169999"
"TRSE2","116339"
"TRSI3","170000"
"TRST7","170001"
"TRSU7","170002"
"TRTE3","1670348"
"TRUN2","170004"
"TRUN","51435"
"TRVA2","170005"
"TRVI4","170006"
"TRVI5","67791"
"TRBI2","79440"
"TRCO5","170007"
"TRHO2","170008"
"TRLA10","170009"
"TRLE3","170010"
"TRPE4","64293"
"TRTE4","170011"
"TRAN3","170012"
"TRAU4","153410"
"TRAUA","243300"
"TRAUG","243301"
"TRAUI","243302"
"TRPE5","121981"
"TRAM18","545227"
"TRCR4","170013"
"TRGE","170014"
"TRHA7","277320"
"TRRI4","NaN"
"TRSU4","554523"
"TRTR3","62259"
"TRER6","50792"
"TRERE2","59332"
"TRERR","61114"
"TRFL14","61113"
"TRMI16","59888"
"TRPU16","57276"
"TRVE6","60735"
"TRVEF","238929"
"TRVEV","60736"
"TRAM7","170017"
"TRPU4","118736"
"TRMA17","118873"
"TRMAP","118874"
"TRSE3","1433610"
"TRSP","170019"
"TRDA3","126563"
"TRFL4","170021"
"TRLA11","170022"
"TRCA34","278269"
"TRCAC7","1608508"
"TRCAW2","764617"
"TRCR5","79442"
"TRMI6","79443"
"TRLE6","155801"
"TRCA25","154411"
"TRCA21","64229"
"TRGL3","170026"
"TRIN4","170027"
"TRIN5","170028"
"TRME3","170029"
"TROR3","NaN"
"TRSI2","170031"
"TRSIL","238931"
"TRSIS","238932"
"TRSP2","79446"
"TRWO3","79447"
"TRAU13","321819"
"TRAC","1607688"
"TRBR7","79448"
"TRCL","79449"
"TRCR7","79450"
"TRCRC","181571"
"TRCRM","181572"
"TRDU4","79451"
"TRGR7","79452"
"TRGRG2","550611"
"TRGRH","243310"
"TRHE","79453"
"TRHEH","1152879"
"TRHEL","1152880"
"TRHY3","57132"
"TRIX","52153"
"TRIXA","80261"
"TRIXC","80262"
"TRIXI2","52154"
"TRIXS","80263"
"TRIXU2","80264"
"TRLA16","51085"
"TRLE4","170033"
"TRLI8","NaN"
"TRLU4","59085"
"TRMO11","79454"
"TRPE10","57133"
"TRVE3","NaN"
"TRPA9","155735"
"TREX4","170037"
"TREX3","170038"
"TREXA","238934"
"TREXE","238935"
"TRHE9","170039"
"TRPO13","170040"
"TRPOP","238936"
"TRPOP2","238937"
"TRQU","170041"
"TRQUQ2","243316"
"TRQUG","NaN"
"TRQUQ","NaN"
"TRQUT","243317"
"TRSC10","170042"
"TRLA19","276298"
"TRPE11","170043"
"TRPR9","780869"
"TRSE4","170045"
"TRCA8","64712"
"TRIN6","170046"
"TRLA14","81990"
"TRLAA2","238943"
"TRLAL","238944"
"TRRI5","170047"
"TRRA4","210071"
"TRPO5","170048"
"TRCA9","79456"
"TRGR5","58091"
"TSJE","NaN"
"TSCA","48734"
"TSCA2","135556"
"TSHE","48254"
"TSME","68089"
"TUGR","79458"
"TUMU","60314"
"TUAN3","170049"
"TUMA","170051"
"TUCO","170052"
"TUDI","170054"
"TUDIA","243318"
"TUDID","NaN"
"TUPU","278674"
"TUUL","170055"
"TUOC","281752"
"TWCA","NaN"
"TYPO3","1144603"
"TYPO","348619"
"TYBE","NaN"
"TYGL","493210"
"TYAN","60316"
"TYDO","58392"
"TYLA","48685"
"ULAL","84292"
"ULAM","53547"
"ULCR","128823"
"ULPU2","NaN"
"ULRU","54860"
"ULSE","170058"
"ULTH","54861"
"ULCO","170059"
"ULCR2","1364622"
"ULCU70","170061"
"ULDR","170062"
"ULHU","170063"
"ULHUH","243319"
"ULHUR","243320"
"ULJA2","170064"
"ULME","170065"
"ULOB","123137"
"ULPH","170066"
"ULRE","170067"
"UMCA","48807"
"UMCAC","64131"
"UMCAF","243321"
"UNLAK","1144686"
"UNBR","59047"
"UNUN","170069"
"UNSP","170070"
"UNPA","126303"
"URCR2","426306"
"URLO","805204"
"URSI","285520"
"URBA","286502"
"URCA2","286503"
"URCH2","1065789"
"URGL","170071"
"URKA","170072"
"URAD","867239"
"URAR","181667"
"URCI","170073"
"URFU2","288072"
"URPL2","288223"
"URTE2","142883"
"URCH3","170079"
"URDIG","53330"
"URDIH","53331"
"URGR","170080"
"URUL","170081"
"USCH","233291"
"USES2","233302"
"USNI","233324"
"USPA2","233326"
"UTAM","170082"
"UTBI2","343349"
"UTCA","118977"
"UTCO","62372"
"UTFL","170083"
"UTFO","170084"
"UTGE","170085"
"UTGI","79464"
"UTIN","170086"
"UTIN2","1505192"
"UTJU","170087"
"UTMA","79465"
"UTMI","1505193"
"UTOC","79467"
"UTOL","170088"
"UTPU","170089"
"UTPU2","285272"
"UTRA","170090"
"UTRE","170091"
"UTSI","789103"
"UTST","170093"
"UTSU","79468"
"UTUL","343350"
"UVFL","170094"
"UVGR","126749"
"UVPE","170095"
"UVPU2","170096"
"UVSE","67772"
"VAAT3","NaN"
"VACA11","1035147"
"VADO","1035141"
"VAMA3","NaN"
"VAMA2","1034986"
"VANU2","1034853"
"VAAL3","126559"
"VAAN","84542"
"VAAR","81818"
"VABO","170097"
"VACA6","170098"
"VACA8","170100"
"VACE","79470"
"VACO","52740"
"VACR","170101"
"VACRC","238960"
"VACRS","238961"
"VADA","126142"
"VADE","48348"
"VADE2","54993"
"VAEL","126375"
"VAER","170102"
"VAFO","170103"
"VAFU","52739"
"VAGE","170104"
"VAHI","170105"
"VAMA","63749"
"VAME","48347"
"VAMY3","170106"
"VAMY","52741"
"VAMY2","127029"
"VAOV","63820"
"VAOV2","48349"
"VAOX","782996"
"VAPA4","888437"
"VAPA","48354"
"VARE","70030"
"VASC","79471"
"VASI2","170107"
"VAST","67792"
"VATE3","129319"
"VAUL","891614"
"VAVI2","52742"
"VAVI","56312"
"VAVIM","238962"
"VARU2","NaN"
"VABR4","349259"
"VACH3","898674"
"VACO9","703867"
"VAFA","79472"
"VAFAP","543599"
"VAMA4","781083"
"VARI","775516"
"VASC5","898719"
"VATO2","870919"
"VAVE","501237"
"VAAT2","79473"
"VAAC","170108"
"VAACA","243329"
"VAACP","243330"
"VAAR3","170109"
"VACA2","79474"
"VACA3","170110"
"VACO2","170111"
"VADI","170112"
"VADIS","243331"
"VAED","170113"
"VAEDC","243332"
"VAEDE","243333"
"VAOC2","79475"
"VAPA2","170114"
"VASC3","170115"
"VASC2","170116"
"VASI","79477"
"VASO","170117"
"VATE","170118"
"VAUL2","170119"
"VAAM2","170120"
"VACH","778123"
"VAFL","170122"
"VALO2","170123"
"VANU","170124"
"VAOZ","170125"
"VAPA6","170126"
"VARA","82819"
"VAST2","170127"
"VATE4","170128"
"VAUM","170129"
"VAAN3","62895"
"VAAM3","123050"
"VAST3","155716"
"VACH2","79479"
"VAHE","79480"
"VAPL","63938"
"VATU","1130950"
"VABA","1617506"
"VACL","348620"
"VADI2","140283"
"VAIN","554471"
"VAPH","170133"
"VAPL2","1617486"
"VAPO","348622"
"VATE2","170135"
"VAMU","170136"
"VACA5","55008"
"VACAC","55000"
"VACAP","238967"
"VACAS","238968"
"VACO4","170137"
"VACOA","238969"
"VECA","64109"
"VENI6","NaN"
"VESI5","170138"
"VESIA","243335"
"VEAL3","85424"
"VEALA","238970"
"VEALO","238971"
"VECA2","60500"
"VECAC2","81444"
"VECAC","243336"
"VEFI2","60504"
"VEHY","471265"
"VEIN","79483"
"VEPA3","362548"
"VETE4","170139"
"VEVI5","900379"
"VEVI","79484"
"VEWO3","900376"
"VEAL8","NaN"
"VEBI3","NaN"
"VEBL2","NaN"
"VECL2","NaN"
"VECR5","NaN"
"VEDE2","NaN"
"VEEN2","557515"
"VEGO2","NaN"
"VEIL","NaN"
"VEMO","NaN"
"VEPE4","NaN"
"VERY","NaN"
"VEST7","NaN"
"VEAB","170142"
"VEBR","79488"
"VECA9","79489"
"VECA5","170143"
"VECA10","170144"
"VECL","170145"
"VEEH","170146"
"VEGR2","170147"
"VEHA","170148"
"VEHA2","60251"
"VEHAH","243337"
"VEHAS","243338"
"VELA","53316"
"VEMA","170150"
"VEME","79491"
"VENE","170152"
"VENEH","243339"
"VENEN","553492"
"VENEX","181880"
"VEPE","170153"
"VEPI","170154"
"VEPL","170155"
"VERI3","170156"
"VERU","170158"
"VESC","79493"
"VESI","170159"
"VEST","63319"
"VEUR","129278"
"VEURL","243343"
"VEURU","243345"
"VEXU","170161"
"VEAL4","714348"
"VEAL","117442"
"VEAR2","170162"
"VECH2","170163"
"VEDI","79494"
"VEEN","79495"
"VEENE3","318240"
"VEENE2","318241"
"VEHE","128704"
"VEHE3","170164"
"VELI2","155233"
"VELO","170165"
"VEMI","170166"
"VENA","170167"
"VEOC","136384"
"VEOR","170168"
"VERO2","170169"
"VEVI3","119982"
"VEVIL","243346"
"VEVIV","243347"
"VEWA","170170"
"VECO2","NaN"
"VEDI3","NaN"
"VEGE","NaN"
"VEGU","465098"
"VEIL3","NaN"
"VEPE5","NaN"
"VEVU","NaN"
"VEAC","129320"
"VEAL5","860188"
"VEAN","170172"
"VEANA","238973"
"VEANM","238974"
"VEANS","238975"
"VEAR3","170173"
"VEBA","130124"
"VEBAB","1509580"
"VEBAI2","1509579"
"VEBL3","148288"
"VEBO2","1422579"
"VEFA2","170175"
"VEFAC","238976"
"VEFAF","238977"
"VEFL","170176"
"VEGI","127037"
"VEGIG","238978"
"VEGIO","238979"
"VEGL","170177"
"VELA12","938940"
"VELE","170179"
"VELI3","170180"
"VEMA2","170181"
"VEMI2","170182"
"VENO","142979"
"VEPR","NaN"
"VEPU2","170183"
"VESE2","965676"
"VETE3","170184"
"VEAM2","57277"
"VEAN2","1150848"
"VECO","60497"
"VECU","79497"
"VEGR","170190"
"VEPE2","60317"
"VEPEP","60318"
"VEPEX2","491173"
"VESC2","61112"
"VESEH2","495810"
"VEWO2","61145"
"VEWOS","61147"
"VEWOW","61144"
"VEVI4","790320"
"VEPO6","155698"
"VEPON","155699"
"VEPOP","155701"
"VEVE4","170195"
"VIAC","62997"
"VIAL","737472"
"VIAU","170197"
"VIBR2","170198"
"VICA11","872201"
"VIDE","82247"
"VIDED4","82246"
"VIDEV","243354"
"VIED","79499"
"VIEL","79500"
"VILA11","63166"
"VILE","54773"
"VIMO","170201"
"VINU","153200"
"VINUC","243355"
"VINUN","243356"
"VIOB","170202"
"VIOPA2","205878"
"VIPR","129977"
"VIPR2","NaN"
"VIRA","504520"
"VIRE7","170204"
"VIRU","81801"
"VIAC3","127151"
"VIAM","53320"
"VIAMA3","53321"
"VIAMM3","127924"
"VICA2","136367"
"VIFL2","170208"
"VIHA3","57313"
"VILE3","138482"
"VILU","57312"
"VILUL4","238988"
"VILUL2","80270"
"VIME","170211"
"VIMI","138483"
"VINI81","170213"
"VINIG","238989"
"VIOC80","138484"
"VIPU2","170215"
"VIAD2","170216"
"VIAN3","348625"
"VILO6","290133"
"VILU3","131583"
"VIMA3","131582"
"VIOW","739447"
"VIPE7","290282"
"VIVE","280789"
"VICO","170220"
"VIDE3","170221"
"VIDED3","243359"
"VIDEL2","243360"
"VILA3","170222"
"VIPA14","170223"
"VIPH","170224"
"VIRE","170226"
"VIST","170227"
"VITR9","170228"
"VISQ","170229"
"VIBE5","NaN"
"VIBI3","NaN"
"VIBR3","NaN"
"VICH5","NaN"
"VICO11","1079072"
"VICO4","NaN"
"VICO5","NaN"
"VICO14","NaN"
"VICO9","506239"
"VIDA2","NaN"
"VIDI6","NaN"
"VIEA","1472920"
"VIEC","NaN"
"VIES3","170240"
"VIFI2","NaN"
"VIGR4","NaN"
"VIHO2","NaN"
"VIIN2","NaN"
"VIIN3","NaN"
"VILO9","170250"
"VILU4","NaN"
"VIMA4","NaN"
"VIME2","493207"
"VIMI5","1472922"
"VIMO3","1197172"
"VIMO4","NaN"
"VIMU4","NaN"
"VINA2","NaN"
"VINO3","NaN"
"VIPA18","540959"
"VIPO4","NaN"
"VIPO2","NaN"
"VIPR4","245813"
"VIRA3","NaN"
"VIRE6","NaN"
"VIRO4","NaN"
"VIRY","NaN"
"VISL","1472923"
"VISU","NaN"
"VIVI10","170268"
"VIWU","NaN"
"VIAD","53328"
"VIADA","53339"
"VIADK","243361"
"VIADO2","53338"
"VIAF2","142714"
"VIAP","170231"
"VIAU3","170232"
"VIBA2","79505"
"VIBE2","79506"
"VIBEB","238991"
"VIBEG","238992"
"VIBI","57631"
"VIBI2","130720"
"VIBIB2","238993"
"VIBIC","238994"
"VIBL","127684"
"VIBLB","243362"
"VIBLP","243363"
"VIBR","170233"
"VIBRB","243364"
"VIBRP","243365"
"VICA8","1392233"
"VICA3","170234"
"VICA4","70010"
"VICAC","243366"
"VICAR","243368"
"VICAS","243369"
"VICAS2","503485"
"VICH4","170235"
"VICHC","238995"
"VICHR","238996"
"VICHT","238997"
"VICH2","170236"
"VICL","170237"
"VICO18","NaN"
"VICU","128040"
"VICU2","79507"
"VIDO","79508"
"VIEG","170238"
"VIEP","170239"
"VIEPR","181883"
"VIFL","148024"
"VIFR2","170241"
"VIGL","71113"
"VIGU","170242"
"VIHA","79509"
"VIHA2","129361"
"VIHE2","170243"
"VIHI2","170244"
"VIHO","79510"
"VIKA","170245"
"VIKAH","739424"
"VIKAK","243371"
"VIKAW","1392359"
"VILA10","133393"
"VILA17","170246"
"VILA4","128617"
"VILAL","128615"
"VILAO","128618"
"VILAV","128616"
"VILA5","170247"
"VILA6","79511"
"VILI7","170249"
"VILO2","79512"
"VILOI2","80271"
"VILOL2","80272"
"VIMA2","1467785"
"VIMAM","238998"
"VIMAP3","238999"
"VIMA6","170251"
"VIMI3","170252"
"VINE","79513"
"VINO","170253"
"VINU2","127918"
"VIOA","170254"
"VIOC","61782"
"VIOR","71112"
"VIPA4","79514"
"VIPAB","243376"
"VIPAP2","243377"
"VIPE","82536"
"VIPE2","170255"
"VIPE3","50825"
"VIPEP","50827"
"VIPET","50826"
"VIPI2","79515"
"VIPIG2","80273"
"VIPIP2","80274"
"VIPR3","79516"
"VIPRF","239000"
"VIPRL","80275"
"VIPRP","80276"
"VIPS","170257"
"VIPU3","1467430"
"VIPUP","243379"
"VIPUP2","243380"
"VIPUS","493809"
"VIPU4","70391"
"VIPUD","70388"
"VIPUG","70389"
"VIPUI","80278"
"VIPUM","80279"
"VIPUM2","80280"
"VIPUP3","80281"
"VIPUQ","80282"
"VIPUV2","80283"
"VIRE2","170258"
"VIRO","126516"
"VIRO2","126864"
"VISA2","170259"
"VISAO","243381"
"VISAS5","243382"
"VISE2","170260"
"VISE3","55342"
"VISE4","170261"
"VISE5","170262"
"VISH","70394"
"VISO","851023"
"VIST3","126799"
"VISU2","NaN"
"VITO","79517"
"VITR2","170263"
"VITRD","243385"
"VITRT2","243386"
"VITR3","143420"
"VITR4","1470747"
"VIUM","170265"
"VIUMG","243387"
"VIUT","170266"
"VIVA","170267"
"VIVAM","243388"
"VIVAV","243389"
"VIVA5","NaN"
"VIVI3","50950"
"VIWA2","170269"
"VIWA","170270"
"VICO17","1107431"
"VIDI2","775489"
"VIRO80","126845"
"VICH3","943019"
"VIDO4","1244858"
"VINO2","NaN"
"VIAC2","170275"
"VIAE","128931"
"VIAEA2","204637"
"VIAEB","243397"
"VIAEL","243398"
"VIAR2","129413"
"VICA5","63923"
"VICI2","130905"
"VICIB","243399"
"VICIC2","243400"
"VICIF","243401"
"VICIH","322656"
"VICIT","1259432"
"VIGI2","64104"
"VILA8","68053"
"VIMO2","170276"
"VIMU2","142776"
"VIPA7","82748"
"VIRI","119936"
"VIRO3","82529"
"VIROM","243402"
"VIROR","243403"
"VIRU2","79518"
"VISH2","130028"
"VITI","286649"
"VIVU","126645"
"VIAP2","118732"
"VICO10","NaN"
"VIEL3","136844"
"VIGR2","282479"
"VILI2","127044"
"VIRE4","1471043"
"VOHY70","170278"
"VONI","170279"
"VOAP","133665"
"VOPA","170280"
"VOTE","291753"
"VRMA","541613"
"VRPR","NaN"
"VRRI","1100458"
"VRSI","1402330"
"VRMI","1144511"
"VUEL","170283"
"VUMI","58391"
"VUMIC","59098"
"VUMIC2","59104"
"VUMIM","64256"
"VUMIP","243404"
"VUOC","59111"
"VUOCG","181884"
"VUOCH","59105"
"VUOCO","243405"
"WAFR","894458"
"WAFRD","239013"
"WAFRF","239014"
"WAID","170286"
"WALO","170287"
"WAPE2","NaN"
"WALA","1270845"
"WAYU","1512371"
"WACA2","1225989"
"WAIN","130789"
"WAAM","170288"
"WACA","123483"
"WACU","170289"
"WASE","170290"
"WASC","318907"
"WAEX","170291"
"WAFL2","155732"
"WAFLF2","243407"
"WAFLF","243408"
"WAPR","170292"
"WAPS","170293"
"WAPS2","170294"
"WATR","170295"
"WATU","170296"
"WAFI","50184"
"WECO","155680"
"WEAC","273970"
"WEACH","1555478"
"WEFR","327646"
"WELA","1198662"
"WEPA","NaN"
"WERE","775479"
"WEPI","284923"
"WEAN","170304"
"WECO2","170305"
"WECO3","170306"
"WEHE","170307"
"WEIN","170308"
"WEJA","170309"
"WELI","170310"
"WESH","170311"
"WHMO","61509"
"WICA4","170312"
"WIBI","170313"
"WIEL2","552390"
"WIFO","170314"
"WIFU","170315"
"WIHA2","170316"
"WIMO","170317"
"WIOA","170318"
"WIOAO","243409"
"WIOAP","243410"
"WIPH2","170319"
"WIPU","170320"
"WISA","170321"
"WISK","170322"
"WIUV","83742"
"WIUVK","243411"
"WIUVU","243412"
"WIVI","170323"
"WIPH","170324"
"WIGY","170325"
"WIHO3","170326"
"WITE","170327"
"WIRE","79524"
"WIREC","80284"
"WIREP","80285"
"WIRER","80286"
"WIAM","170328"
"WIPE","170330"
"WIFR","51266"
"WOAR2","79525"
"WOBO","79526"
"WOBR","79527"
"WOCO","79528"
"WOGL3","79529"
"WOGL2","818751"
"WOLI","79530"
"WOOB","79531"
"WOWE","277336"
"WOAB","NaN"
"WOGR","NaN"
"WOKA","NaN"
"WOMA2","NaN"
"WOTR","NaN"
"WOAL","170333"
"WOAP","170334"
"WOCO2","170335"
"WOGL","170336"
"WOIL","122090"
"WONE","170337"
"WOOB2","122091"
"WOOBO","239015"
"WOOBO2","239016"
"WOOR","79532"
"WOORC2","239017"
"WOORO","239018"
"WOPH","170338"
"WOPL","79533"
"WOSC","79534"
"WOSCL","239019"
"WOSCS","239020"
"WOAR","118731"
"WOFI","52685"
"WOVI","122054"
"WUAP","284194"
"WYCU","NaN"
"WYMA","714363"
"WYAM","50798"
"WYAN","56987"
"WYAR","170340"
"WYGL","56988"
"WYHE","50799"
"WYHE2","170341"
"WYLO","79537"
"WYMO","60843"
"XATE","170342"
"XATED","239022"
"XATEO","243417"
"XATET2","239023"
"XAST","57920"
"XASTC","57928"
"XASTG","57927"
"XASTS","57926"
"XAGY","170343"
"XASI","170344"
"XABR","1125030"
"XASA2","154794"
"XETR","348627"
"XEAS","170346"
"XETE","59524"
"XIAM","83832"
"XIAMA","243419"
"XYGR","196657"
"XYMO2","425825"
"XYBI","79543"
"XYCO2","79544"
"XYCO3","170347"
"XYCR2","170348"
"XYGL","170349"
"XYGLG","243420"
"XYGLL","243421"
"XYGLV","243422"
"XYOR","79545"
"XYTO2","64715"
"XYTOI","243423"
"XYTOP","1365422"
"XYTOT","803812"
"XYVE","148153"
"XYWR","170350"
"XYBU","545211"
"XYCR","170351"
"XYFL3","170352"
"XYHA","170353"
"XYPA2","1084176"
"XYSC2","1108180"
"XYSC3","1108165"
"XYPA3","170354"
"XYTR","170355"
"XYAM","126617"
"XYBA","170356"
"XYBR","132683"
"XYCA2","170357"
"XYCA","170358"
"XYCH","341226"
"XYCO8","170360"
"XYDI","170361"
"XYDIC","1060448"
"XYDID","243425"
"XYDR","170362"
"XYEL2","132684"
"XYFI","170363"
"XYFL2","170364"
"XYFL","355646"
"XYIS","170365"
"XYJU","170366"
"XYLA","170367"
"XYLAI","200037"
"XYLO","170368"
"XYLO2","170369"
"XYMO","170370"
"XYPA","170371"
"XYPA8","426386"
"XYPL","170372"
"XYSC","170373"
"XYSE","170374"
"XYSM","170375"
"XYST","170377"
"XYTE","170378"
"XYTO","170379"
"YAMI","56847"
"YEPL","170380"
"YEVI","170381"
"YEXA","170382"
"YUKA3","NaN"
"YUSC","170394"
"YUAL","133334"
"YUAN2","81962"
"YUANA2","243427"
"YUANK","243428"
"YUANT","243429"
"YUAR2","170383"
"YUBA","47788"
"YUBA2","170384"
"YUBAB3","243430"
"YUBAI","243431"
"YUBAN","243432"
"YUBR","47785"
"YUBRB","1595255"
"YUBRJ","243433"
"YUCA","122612"
"YUCO","793846"
"YUEL","170387"
"YUFA","123902"
"YUFI","81605"
"YUFL2","332548"
"YUGL","793914"
"YUGLG2","243437"
"YUGLG","243438"
"YUGL2","170388"
"YUHA","148050"
"YUHAH","1539285"
"YUHAN","243440"
"YUHAS","243441"
"YULO","170389"
"YUMA4","290852"
"YUNE","170390"
"YUPA","170391"
"YURE2","372245"
"YURE","170392"
"YURU","170393"
"YUSC2","68400"
"YUTE","170395"
"YUTH","170396"
"YUTO","170397"
"YUTR","170398"
"YUTRS","243442"
"YUTRT","243443"
"ZAAM2","142737"
"ZAPO","135599"
"ZAPU","67325"
"ZAPUP","NaN"
"ZAPUP2","NaN"
"ZAPA","79546"
"ZAAM","54836"
"ZABI","1341296"
"ZACA3","274196"
"ZACL","119986"
"ZACO","170399"
"ZADI","170400"
"ZADID2","1517311"
"ZADIT","1517312"
"ZAFA","170401"
"ZAFL","170402"
"ZAHA","170403"
"ZAHI2","170404"
"ZAKA","170405"
"ZAMA","475766"
"ZAMO","279255"
"ZAOA","170406"
"ZAPA2","170407"
"ZAPU2","494248"
"ZASP","NaN"
"ZATH","444954"
"ZAFO","138486"
"ZAFOS","1279508"
"ZAME2","170409"
"ZAPO2","68224"
"ZEPA","170412"
"ZEPU3","170413"
"ZEAT","170414"
"ZEGR","170417"
"ZELO","170418"
"ZEPR","1226689"
"ZEPU2","768361"
"ZEPU","170420"
"ZERE","170421"
"ZERO","170422"
"ZESI","170423"
"ZETR","773587"
"ZEFR","639197"
"ZEPA2","1144510"
"ZEPAP","NaN"
"ZEPAV","NaN"
"ZIBR","233983"
"ZIDE","233984"
"ZIEL2","233985"
"ZIELE","239038"
"ZIELG","239039"
"ZIEX","233986"
"ZIFR","233988"
"ZIGL","64533"
"ZILE","233989"
"ZIMI2","233990"
"ZIMIF2","NaN"
"ZIMIM","NaN"
"ZIMO","233991"
"ZINU","233992"
"ZIPA2","233993"
"ZIVA","233994"
"ZIVE","196771"
"ZIVEG","243451"
"ZIVEV","243452"
"ZIVI","208648"
"ZIAC","170437"
"ZIAN","170439"
"ZIGR","170440"
"ZIPE","153439"
"ZIAQ","118730"
"ZIAQA2","243454"
"ZIAQB","243455"
"ZIPA3","79554"
"ZIPAI","81448"
"ZIPAP","243456"
"ZITE","170443"
"ZIMI","170444"
"ZIAP","119795"
"ZIAU","83154"
"ZITR","170445"
"ZICE","170446"
"ZIOB","886792"
"ZIOBC","81449"
"ZIOBO","243457"
"ZIPA","79556"
"ZIRE","1066143"
"ZIRI","626980"
"ZITA","1030919"
"ZOBR","170447"
"ZOGE","170448"
"ZOLE","170449"
"ZORE","170450"
"ZOMA","52614"
"ZOMAP","635720"
"ZUBR","155663"
"ZUBRA","155664"
"ZUBRB","155667"
"ZUBRP","155666"
"ZYAP","170453"
"ZYCO","170454"
"ZYGR","170455"
"ZYRE","170456"
"ZYVI2","170457"
"ZYVIR","196752"
"ZYVIV","243460"
"ZYSE","136845"
